1,-12,0
1,-7,-9
1,-7,10
1,-5,15
1,0,14
1,1,1
1,1,1
1,1,1
1,1,1
1,1,1
1,1,1
1,1,1
1,4,15
1,4,14
1,5,4
2,-489,567
2,-481,559
2,-464,565
2,-464,560
2,-464,565
2,-454,569
2,-452,567
2,-450,563
2,-445,-339
2,-439,556
2,-438,513
2,-438,516
2,-437,621
2,-434,620
2,-430,508
2,-427,-305
2,-426,575
2,-418,-277
2,-417,-366
2,-416,-358
2,-414,510
2,-413,-361
2,-413,-359
2,-413,-361
2,-411,515
2,-411,-303
2,-409,480
2,-409,-352
2,-402,486
2,-400,472
2,-398,-271
2,-395,-347
2,-394,-281
2,-392,480
2,-389,483
2,-389,-355
2,-387,514
2,-385,526
2,-383,-275
2,-383,-363
2,-383,-284
2,-381,483
2,-379,-481
2,-378,-274
2,-376,488
2,-373,-531
2,-373,-320
2,-371,499
2,-370,-222
2,-368,557
2,-367,-377
2,-366,561
2,-365,-298
2,-364,-484
2,-363,566
2,-361,-506
2,-359,585
2,-357,-313
2,-357,-506
2,-355,602
2,-354,-516
2,-352,525
2,-352,-265
2,-351,579
2,-350,-512
2,-350,510
2,-349,517
2,-346,-482
2,-345,502
2,-343,566
2,-342,-215
2,-341,-279
2,-340,612
2,-339,-158
2,-339,-164
2,-338,589
2,-338,-217
2,-338,-369
2,-337,-181
2,-336,479
2,-333,608
2,-333,-218
2,-333,-376
2,-330,-81
2,-329,643
2,-328,623
2,-326,593
2,-325,-378
2,-325,-80
2,-321,492
2,-321,-79
2,-317,-379
2,-317,590
2,-313,585
2,-313,-78
2,-312,589
2,-308,641
2,-308,632
2,-307,608
2,-305,-258
2,-304,-262
2,-301,-187
2,-301,-458
2,-299,-371
2,-299,-334
2,-299,-182
2,-299,-179
2,-298,-434
2,-298,51
2,-295,65
2,-293,-96
2,-292,-91
2,-291,-380
2,-288,-459
2,-280,-82
2,-276,-381
2,-276,-129
2,-275,-112
2,-272,-383
2,-272,-124
2,-270,59
2,-263,-454
2,-263,-342
2,-259,-439
2,-254,-424
2,-249,-120
2,-248,-258
2,-247,-293
2,-246,-273
2,-245,-43
2,-244,93
2,-244,-46
2,-243,-79
2,-243,-46
2,-242,-252
2,-240,-58
2,-240,-19
2,-238,7
2,-238,-94
2,-238,-321
2,-238,-52
2,-237,-87
2,-235,-331
2,-235,-311
2,-234,98
2,-234,-325
2,-234,97
2,-233,-19
2,-233,-283
2,-233,-263
2,-231,110
2,-228,-322
2,-226,-270
2,-225,96
2,-224,5
2,-224,-293
2,-223,-258
2,-223,-310
2,-218,-423
2,-217,113
2,-215,9
2,-214,17
2,-214,2
2,-211,-127
2,-211,82
2,-211,-119
2,-210,56
2,-209,-501
2,-209,-120
2,-208,-557
2,-208,2
2,-207,41
2,-205,-496
2,-204,-470
2,-202,-540
2,-199,-450
2,-198,55
2,-196,115
2,-194,-538
2,-194,-122
2,-192,40
2,-192,120
2,-192,114
2,-191,-509
2,-189,12
2,-188,67
2,-187,91
2,-186,-550
2,-185,84
2,-185,-126
2,-185,-440
2,-184,-432
2,-184,55
2,-183,79
2,-183,-447
2,-182,54
2,-180,-516
2,-177,45
2,-169,-431
2,-169,-508
2,-167,-472
2,-166,43
2,-164,10
2,-162,-481
2,-158,-451
2,-153,-513
2,-153,-513
2,-152,-444
2,-150,5
2,-149,29
2,-149,41
2,-145,14
2,-131,-451
2,-130,-439
2,-128,-518
2,-128,-432
2,-127,-510
2,-123,-464
2,-120,-469
2,-118,-440
2,-108,-519
2,-108,-496
2,-105,-509
2,-104,-506
2,1,1
2,1,1
2,1,1
2,1,1
2,1,1
2,38,-569
2,38,-550
2,40,-568
2,40,-568
2,58,-738
2,59,-735
2,64,-795
2,66,-586
2,68,-704
2,68,-508
2,69,-591
2,69,-527
2,71,-788
2,72,-593
2,75,-815
2,76,-608
2,78,-586
2,78,-481
2,82,-430
2,83,-438
2,84,-447
2,85,-483
2,86,-560
2,87,-459
2,87,-430
2,89,-481
2,90,-774
2,90,-562
2,91,-432
2,92,-794
2,96,-542
2,99,-639
2,99,-630
2,101,-640
2,102,-597
2,104,-771
2,105,-777
2,105,-390
2,105,-567
2,107,-401
2,109,-403
2,110,-780
2,112,-699
2,115,-699
2,115,-430
2,116,-596
2,119,-391
2,119,-394
2,119,-437
2,120,-390
2,121,-413
2,122,-394
2,123,-395
2,124,-599
2,125,-585
2,126,-551
2,135,-713
2,138,-647
2,138,-647
2,141,-707
2,146,-699
2,147,-690
2,155,-556
2,156,-542
2,157,-519
2,162,-544
2,166,-535
2,166,-529
2,167,-529
2,175,-553
2,179,-521
2,180,-533
2,195,-522
2,195,-522
2,201,-513
2,204,-544
2,204,-565
2,208,-560
2,210,-550
2,211,-486
2,214,-489
2,216,-524
2,217,-522
2,217,-546
2,218,-555
3,-7,-8
3,-7,-10
3,-2,-11
3,-1,-10
3,1,1
3,1,1
3,1,1
3,1,1
3,1,1
3,1,1
3,1,1
3,5,-14
3,6,-11
3,6,-9
4,-646,-713
4,-646,-652
4,-643,-725
4,-641,-753
4,-640,-688
4,-639,-620
4,-635,-637
4,-633,-610
4,-633,-739
4,-629,-687
4,-622,-687
4,-620,-677
4,-616,-629
4,-616,-695
4,-615,-626
4,-610,-667
4,-603,-702
4,-602,-722
4,-563,-802
4,-553,-746
4,-553,-807
4,-528,-764
4,-519,-632
4,-517,-570
4,-517,-595
4,-517,-584
4,-516,-766
4,-492,-834
4,-478,-711
4,-474,-697
4,-468,-511
4,-445,-404
4,-437,-509
4,-436,-851
4,-434,-847
4,-410,-837
4,-406,-408
4,-401,-476
4,-399,-481
4,-395,-427
4,-389,-834
4,-388,-409
4,-387,-433
4,-385,-921
4,-371,-486
4,-370,-915
4,-369,-943
4,-369,-438
4,-362,-460
4,-362,-792
4,-358,-402
4,-352,-400
4,-350,-802
4,-348,-910
4,-348,-892
4,-345,-445
4,-338,-473
4,-336,-421
4,-333,-420
4,-330,-914
4,-330,-764
4,-329,-936
4,-326,-899
4,-321,-732
4,-320,-730
4,-320,-731
4,-320,-729
4,-319,-732
4,-319,-730
4,-318,-399
4,-317,-892
4,-313,-737
4,-312,-946
4,-308,-730
4,-293,-925
4,-285,-907
4,-282,-398
4,-282,-522
4,-275,-911
4,-268,-527
4,-268,-855
4,-266,-847
4,-252,-528
4,-251,-531
4,-244,-826
4,-242,-844
4,-230,-753
4,-223,-533
4,-213,-554
4,-210,-731
4,-206,-548
4,-206,-794
4,-203,-719
4,-200,-797
4,-187,-574
4,-176,-611
4,-175,-616
4,-164,-683
4,-158,-601
4,-149,-693
4,-135,-644
4,-134,-568
4,-134,-637
4,-128,-694
4,-126,-704
4,-126,-638
4,-125,-605
4,-124,-711
4,-119,-703
4,-118,-640
4,-117,-634
4,-117,-640
4,-111,-729
4,0,0
4,0,0
4,0,0
4,0,0
4,0,0
4,0,0
4,0,0
4,0,0
4,0,0
4,0,0
4,0,0
4,0,0
4,0,0
4,0,0
4,0,0
4,0,0
4,0,0
4,0,0
4,0,0
4,0,0
4,0,0
4,0,0
4,0,0
4,0,0
4,0,0
4,0,0
4,0,0
4,0,0
4,0,0
4,0,0
4,0,0
4,0,0
4,1,1
4,1,1
4,1,1
4,1,1
4,1,1
4,1,1
4,75,209
4,79,516
4,81,534
4,82,562
4,82,543
4,82,543
4,85,518
4,85,515
4,86,569
4,86,563
4,89,209
4,89,919
4,91,929
4,92,518
4,94,209
4,94,937
4,95,937
4,96,210
4,97,211
4,97,936
4,103,521
4,108,219
4,115,595
4,116,678
4,118,687
4,119,511
4,120,518
4,120,769
4,120,701
4,121,756
4,121,515
4,121,873
4,123,501
4,123,879
4,123,598
4,124,748
4,126,435
4,126,597
4,127,715
4,129,711
4,130,468
4,131,489
4,131,446
4,131,470
4,132,794
4,133,452
4,134,495
4,137,481
4,137,440
4,147,802
4,147,811
4,150,471
4,150,811
4,153,458
4,154,825
4,162,462
4,163,720
4,167,724
4,170,833
4,171,415
4,174,417
4,177,242
4,177,478
4,180,808
4,182,481
4,183,395
4,185,239
4,186,473
4,189,389
4,191,801
4,194,492
4,194,241
4,199,563
4,199,342
4,200,248
4,201,352
4,202,236
4,202,402
4,203,236
4,204,390
4,204,512
4,204,393
4,204,393
4,205,560
4,209,545
4,210,337
4,211,337
4,211,832
4,213,798
4,217,311
4,219,298
4,220,226
4,220,226
4,221,549
4,221,307
4,222,306
4,226,525
4,226,839
4,227,830
4,229,560
4,230,779
4,230,516
4,234,524
4,235,518
4,238,199
4,239,204
4,243,780
4,244,196
4,247,194
4,261,178
4,262,177
4,262,177
4,263,832
4,264,178
4,264,843
4,265,175
4,266,564
4,266,175
4,268,565
4,269,803
4,271,579
4,272,579
4,274,865
4,275,157
4,275,835
4,275,837
4,276,157
4,277,575
4,281,856
4,282,593
4,282,564
4,282,806
4,283,161
4,285,881
4,285,872
4,287,163
4,290,160
4,292,591
4,293,585
4,295,159
4,296,198
4,299,206
4,300,209
4,300,212
4,300,602
4,300,602
4,301,602
4,308,195
4,310,187
4,313,186
4,313,186
4,315,199
4,315,208
4,317,882
4,318,884
4,319,809
4,320,251
4,320,250
4,323,818
4,323,308
4,324,325
4,324,278
4,327,320
4,329,256
4,330,251
4,332,252
4,333,303
4,338,313
4,340,872
4,342,873
4,345,302
4,357,876
4,361,320
4,415,838
4,418,835
4,438,829
4,440,782
4,452,790
4,456,781
4,466,729
4,466,729
4,468,738
4,473,759
4,479,762
4,480,746
4,484,761
4,489,741
4,501,752
4,501,799
4,506,793
4,507,752
4,520,744
4,522,739
4,526,776
4,527,770
4,538,806
4,562,827
4,564,775
4,566,814
4,576,793
4,578,797
4,583,848
4,583,811
4,616,825
4,627,836
4,635,847
5,-646,-24
5,-637,-15
5,-630,-2
5,-627,-21
5,-619,-24
5,-608,-57
5,-605,-124
5,-599,-99
5,-596,24
5,-595,17
5,-582,-62
5,-579,-68
5,-569,-74
5,-563,15
5,-561,-101
5,-551,-1
5,-549,-90
5,-545,-92
5,-544,7
5,-537,31
5,-529,-38
5,-526,-7
5,-520,-104
5,-518,-99
5,-510,26
5,-502,-11
5,-499,-38
5,-493,27
5,-488,-97
5,-487,25
5,-481,-23
5,-479,-49
5,-473,-12
5,-471,-40
5,-463,-14
5,-443,-31
5,-440,-11
5,-435,-47
5,-418,-138
5,-418,-111
5,-382,-11
5,-380,-29
5,-378,-156
5,-362,353
5,-358,-59
5,-349,-61
5,-341,-152
5,-341,-58
5,-341,-159
5,-340,-36
5,-340,-63
5,-338,-14
5,-335,19
5,-333,-220
5,-329,21
5,-326,-25
5,-326,-221
5,-326,308
5,-326,438
5,-321,318
5,-321,336
5,-321,460
5,-315,327
5,-308,335
5,-307,395
5,-307,344
5,-305,-53
5,-301,-0
5,-300,379
5,-299,-56
5,-298,-78
5,-297,-23
5,-293,478
5,-291,-21
5,-283,-17
5,-282,336
5,-282,-361
5,-282,-381
5,-281,335
5,-281,308
5,-279,258
5,-278,-238
5,-277,-20
5,-276,-423
5,-275,243
5,-274,262
5,-273,451
5,-273,312
5,-273,-1
5,-272,-91
5,-270,18
5,-267,-141
5,-265,436
5,-264,16
5,-263,434
5,-262,9
5,-261,-32
5,-261,-22
5,-260,-108
5,-259,-114
5,-259,-436
5,-259,-239
5,-259,469
5,-259,372
5,-259,-379
5,-257,-138
5,-256,456
5,-253,105
5,-252,396
5,-251,64
5,-249,-63
5,-249,-139
5,-249,304
5,-249,-272
5,-248,-348
5,-247,-130
5,-247,235
5,-247,-63
5,-246,-320
5,-246,-75
5,-246,-444
5,-245,259
5,-243,452
5,-242,-416
5,-241,-303
5,-241,-336
5,-237,325
5,-236,72
5,-234,309
5,-234,460
5,-233,-398
5,-233,-141
5,-232,-103
5,-231,339
5,-228,-353
5,-225,-288
5,-225,-303
5,-222,-39
5,-220,-505
5,-220,-418
5,-220,228
5,-220,-501
5,-220,-503
5,-219,-502
5,-219,165
5,-218,-58
5,-218,-457
5,-216,99
5,-216,-526
5,-216,78
5,-216,-528
5,-215,-530
5,-215,354
5,-215,284
5,-213,442
5,-212,320
5,-211,-473
5,-211,249
5,-211,242
5,-210,393
5,-209,394
5,-209,-494
5,-209,-306
5,-207,-272
5,-204,-236
5,-204,133
5,-203,350
5,-202,-179
5,-201,361
5,-197,-101
5,-196,384
5,-196,-435
5,-192,-301
5,-192,290
5,-191,234
5,-189,249
5,-187,292
5,-187,-434
5,-187,113
5,-185,-485
5,-184,-64
5,-184,98
5,-182,-69
5,-181,-246
5,-180,-124
5,-179,-130
5,-177,-512
5,-175,345
5,-172,-365
5,-171,-410
5,-167,-503
5,-166,246
5,-165,-418
5,-164,-365
5,-162,-466
5,-161,-406
5,-161,-314
5,-157,388
5,-153,-288
5,-149,-428
5,-143,-327
5,-143,-326
5,-142,-327
5,-142,-324
5,-132,-377
5,-131,-413
5,-123,-393
5,-122,-379
5,-118,34
5,-110,-309
5,-73,-3
5,-61,29
5,-54,18
5,-47,59
5,-43,61
5,-43,61
5,-28,35
5,-28,34
5,-25,-378
5,-25,-379
5,-2,491
5,20,488
5,22,501
5,25,473
5,37,-381
5,38,477
5,40,423
5,45,448
5,46,-382
5,46,-382
5,46,446
5,51,452
5,53,484
5,58,496
5,66,100
5,69,142
5,95,498
5,95,500
5,98,-424
5,107,452
5,114,-421
5,127,-420
5,134,23
5,138,468
5,140,482
5,150,534
5,157,-280
5,159,554
5,162,-271
5,169,469
5,171,548
5,173,528
5,179,513
5,180,426
5,185,-322
5,186,423
5,186,-278
5,193,-327
5,193,551
5,194,-343
5,208,538
5,214,440
5,215,-319
5,216,-337
5,217,497
5,224,-324
5,225,-348
5,227,460
5,231,-288
5,246,-358
5,256,-368
5,256,-289
5,258,444
5,259,440
5,261,-291
5,266,-342
5,266,-354
5,267,-334
5,272,484
5,272,-331
5,273,524
5,273,508
5,276,485
5,278,486
5,281,514
5,298,-356
5,299,-357
5,299,-357
5,299,-355
5,306,-244
5,306,-379
5,312,-367
5,318,-244
5,324,-275
5,333,-295
5,339,492
5,341,-389
5,342,-149
5,344,-146
5,349,-178
5,355,-313
5,357,-100
5,360,-304
5,368,-210
5,369,-125
5,370,-360
5,370,-285
5,378,490
5,378,-363
5,379,165
5,379,-82
5,380,-242
5,381,-239
5,381,-190
5,385,-285
5,388,-120
5,388,238
5,389,421
5,391,-371
5,393,-124
5,394,-158
5,395,-329
5,396,-353
5,397,-146
5,398,-161
5,404,-446
5,407,206
5,409,242
5,409,208
5,411,-75
5,413,-410
5,416,-352
5,419,-408
5,420,-326
5,420,-315
5,422,-422
5,422,-146
5,422,-145
5,424,-139
5,425,-395
5,425,-414
5,427,-400
5,431,-127
5,431,193
5,432,-129
5,434,-136
5,436,-400
5,439,-88
5,440,169
5,442,190
5,445,-399
5,446,259
5,449,225
5,454,-99
5,454,-183
5,454,-170
5,454,418
5,455,292
5,455,222
5,467,95
5,474,285
5,477,140
5,484,238
5,492,325
5,497,263
5,497,177
5,497,117
5,499,255
5,500,171
5,500,308
5,501,126
5,504,105
5,510,291
5,513,164
5,516,183
5,518,87
5,521,195
5,523,161
5,537,138
5,538,136
5,549,98
5,555,157
5,557,167
5,564,110
5,566,87
5,568,111
5,579,-16
5,590,104
5,609,101
5,624,93
6,-625,219
6,-625,219
6,-624,223
6,-624,222
6,-621,164
6,-621,165
6,-621,222
6,-621,164
6,-621,165
6,-620,166
6,-620,219
6,-620,219
6,-618,188
6,-616,222
6,-615,219
6,-615,219
6,-465,903
6,-465,903
6,-464,902
6,-462,848
6,-462,848
6,-462,847
6,-461,848
6,-461,850
6,-460,902
6,-460,902
6,-460,903
6,-460,903
6,-458,872
6,-456,902
6,-455,903
6,-455,903
6,-226,498
6,-226,498
6,-224,502
6,-223,503
6,-221,443
6,-221,498
6,-221,498
6,-221,444
6,-221,443
6,-221,444
6,-220,502
6,-220,446
6,-218,468
6,-216,498
6,-216,498
6,-216,502
6,0,0
6,0,0
6,0,0
6,0,0
6,0,0
6,0,0
6,0,0
6,0,0
6,0,0
6,0,0
6,0,0
6,0,0
6,0,0
6,0,0
6,0,0
7,-601,183
7,-600,152
7,-589,119
7,-586,201
7,-560,-71
7,-557,-68
7,-548,158
7,-548,-67
7,-540,-72
7,-539,-6
7,-538,164
7,-532,-68
7,-530,-67
7,-530,-43
7,-529,201
7,-528,204
7,-527,-48
7,-526,96
7,-525,92
7,-524,-2
7,-523,106
7,-523,104
7,-523,61
7,-521,-51
7,-520,20
7,-520,164
7,-516,-23
7,-514,-69
7,-506,36
7,-506,-29
7,-501,182
7,-500,46
7,-491,142
7,-490,145
7,-487,127
7,-484,258
7,-482,182
7,-481,246
7,-480,190
7,-479,42
7,-478,168
7,-477,79
7,-477,126
7,-474,86
7,-469,2
7,-466,320
7,-454,212
7,-453,324
7,-453,7
7,-444,72
7,-443,244
7,-442,33
7,-442,-64
7,-440,204
7,-439,201
7,-438,241
7,-437,85
7,-437,169
7,-433,114
7,-425,277
7,-410,-39
7,-408,-38
7,-406,-124
7,-403,-203
7,-401,-78
7,-401,299
7,-400,-74
7,-399,-60
7,-399,157
7,-398,-52
7,-397,200
7,-397,118
7,-396,-58
7,-396,274
7,-395,149
7,-394,49
7,-394,248
7,-391,-179
7,-388,192
7,-385,47
7,-385,23
7,-383,325
7,-382,348
7,-379,-163
7,-376,357
7,-372,-170
7,-370,17
7,-369,14
7,-369,321
7,-367,353
7,-366,65
7,-366,-87
7,-365,344
7,-364,-73
7,-364,231
7,-364,-122
7,-363,240
7,-360,-54
7,-360,-121
7,-358,232
7,-355,59
7,-354,165
7,-346,-90
7,-346,170
7,-345,-110
7,-337,-104
7,-329,67
7,-329,-23
7,-328,46
7,-328,50
7,-328,40
7,-320,-120
7,-319,2
7,-319,-80
7,-317,-122
7,-316,-27
7,-312,-166
7,-305,-164
7,-303,220
7,-303,216
7,-303,367
7,-301,353
7,-301,227
7,-299,-68
7,-269,-141
7,-266,248
7,-266,249
7,-265,331
7,-263,-139
7,-261,-39
7,-258,-26
7,-256,-137
7,-255,-109
7,-255,-116
7,-252,-92
7,-252,-152
7,-248,320
7,-248,283
7,-247,315
7,-246,-136
7,-245,249
7,-245,311
7,-244,264
7,-241,-104
7,-239,-97
7,-235,-40
7,-222,-26
7,-220,-18
7,-217,261
7,-207,341
7,-200,-29
7,-199,260
7,-182,220
7,-178,-118
7,-178,219
7,-177,-127
7,-167,182
7,-166,-137
7,-151,-181
7,-144,-100
7,-140,-188
7,-139,-98
7,-132,-103
7,-123,-142
7,-123,-142
7,-116,-140
7,-115,-5
7,-104,117
7,-100,179
7,-100,57
7,-100,55
7,-100,165
7,-98,116
7,-94,-53
7,-88,95
7,-83,93
7,-67,-123
7,-67,-74
7,-66,-113
7,-65,-110
7,-63,-104
7,-48,-118
7,-47,-114
7,-45,-110
7,-45,-51
7,-44,-63
7,-44,-55
7,-44,-63
7,-23,-226
7,-18,-225
7,-6,163
7,0,0
7,0,0
7,0,0
7,0,0
7,0,0
7,0,0
7,0,0
7,0,0
7,0,0
7,0,0
7,0,0
7,0,0
7,0,0
7,1,1
7,1,1
7,1,1
7,1,1
7,1,1
7,1,1
7,4,151
7,5,-142
7,5,-181
7,12,22
7,12,19
7,13,-57
7,20,-150
7,20,-150
7,22,96
7,22,96
7,28,-59
7,39,-116
7,40,-115
7,40,-118
7,41,-122
7,53,-19
7,54,-16
7,59,-17
7,67,-135
7,78,54
7,86,-129
7,91,-124
7,103,-128
7,121,-26
7,121,-130
7,124,-66
7,138,49
7,140,-33
7,142,-34
7,144,-152
7,161,84
7,173,-155
7,176,-252
7,179,69
7,188,-182
7,188,-210
7,195,4
7,199,-58
7,200,156
7,200,-220
7,200,-44
7,200,-44
7,202,-75
7,212,-2
7,231,172
7,232,-191
7,237,118
7,238,87
7,240,9
7,241,94
7,241,64
7,241,58
7,241,-95
7,241,5
7,241,-171
7,244,111
7,247,115
7,254,225
7,259,-242
7,259,-111
7,262,135
7,269,-238
7,271,83
7,276,123
7,279,120
7,284,-161
7,285,-166
7,286,-196
7,290,217
7,294,218
7,294,176
7,303,228
7,309,-173
7,313,78
7,313,-203
7,315,-146
7,320,132
7,320,-138
7,321,-138
7,322,-242
7,322,-136
7,323,118
7,328,-127
7,328,-214
7,328,169
7,337,195
7,340,234
7,344,-251
7,353,115
7,359,-228
7,360,191
7,362,219
7,366,-167
7,366,-200
7,375,-172
7,381,-120
7,387,107
7,393,-61
7,395,68
7,396,69
7,397,-161
7,398,-55
7,401,180
7,402,184
7,403,-265
7,405,116
7,407,-117
7,408,15
7,408,-202
7,410,-159
7,412,22
7,413,23
7,413,-116
7,416,-189
7,422,-240
7,422,-201
7,422,-240
7,423,11
7,426,198
7,429,-161
7,443,-64
7,443,-82
7,448,121
7,461,-28
7,462,-242
7,465,-98
7,468,-28
7,471,-72
7,472,-113
7,472,-1
7,479,42
7,479,-60
7,479,-220
7,479,-230
7,482,-123
7,482,-193
7,484,-187
7,494,-219
7,499,122
7,499,49
7,518,-113
7,520,-73
7,520,-151
7,520,-181
7,520,-213
7,521,-147
7,524,-94
7,528,70
7,533,83
7,548,-16
7,549,-36
7,550,31
7,553,-25
8,-610,-490
8,-588,-472
8,-580,-480
8,-571,-429
8,-570,-431
8,-570,-431
8,-568,-439
8,-568,-439
8,-568,-439
8,-568,-439
8,-566,-447
8,-565,-431
8,-565,-431
8,-565,-431
8,-562,-434
8,-562,-437
8,-562,437
8,-562,437
8,-562,437
8,-560,-431
8,-560,-431
8,-545,-416
8,-545,-444
8,-543,-445
8,-541,-431
8,-539,-426
8,-539,-481
8,-536,-458
8,-517,-518
8,-50,69
8,-27,88
8,-20,75
8,-15,97
8,-10,130
8,-10,129
8,-8,133
8,-7,131
8,-6,120
8,-6,120
8,-6,120
8,-6,120
8,-6,129
8,-5,112
8,-4,128
8,-4,127
8,0,0
8,0,0
8,0,0
8,0,0
8,0,0
8,0,0
8,0,0
8,0,0
8,0,0
8,0,0
8,0,0
8,0,0
8,0,0
8,0,0
8,0,0
8,0,0
8,0,0
8,0,0
8,0,0
8,0,0
8,0,0
8,0,0
8,0,0
8,0,0
8,0,0
8,0,0
8,0,0
8,0,0
8,0,0
8,0,0
8,0,0
8,0,0
8,0,0
8,0,0
8,0,0
8,0,0
8,0,0
8,0,0
8,0,0
8,0,0
8,0,0
8,0,0
8,0,0
8,0,0
8,0,0
8,0,0
8,0,0
8,0,0
8,0,129
8,0,120
8,0,120
8,0,120
8,0,120
8,1,129
8,1,111
8,9,114
8,16,116
8,18,114
8,21,134
8,22,78
8,43,42
8,430,550
8,452,570
8,460,561
8,469,612
8,469,611
8,472,613
8,474,595
8,475,611
8,475,611
8,475,597
8,475,597
8,475,597
8,475,597
8,475,610
8,476,572
8,477,607
8,479,611
8,480,611
8,480,599
8,480,599
8,480,599
8,480,599
8,484,605
8,495,598
8,497,596
8,499,611
8,501,616
8,501,560
8,509,560
9,-394,390
9,-394,350
9,-393,-212
9,-392,-228
9,-392,-210
9,-391,-213
9,-390,-172
9,-390,-265
9,-390,-241
9,-389,368
9,-389,-251
9,-389,-257
9,-388,-172
9,-388,354
9,-387,-171
9,-385,390
9,-381,-270
9,-376,-206
9,-375,-222
9,-373,346
9,-371,333
9,-370,-218
9,-370,351
9,-370,359
9,-370,346
9,-368,-169
9,-366,-220
9,-366,-207
9,-366,-215
9,-366,-169
9,-365,393
9,-365,390
9,-355,-170
9,-354,391
9,-354,-250
9,-354,366
9,-354,365
9,-354,373
9,-351,336
9,-351,-187
9,-351,-173
9,-351,-223
9,-351,-227
9,-350,-254
9,-350,-170
9,-350,370
9,-349,302
9,-349,-214
9,-349,307
9,-349,337
9,-349,-225
9,-348,291
9,-346,-170
9,-346,-212
9,-344,-269
9,-343,-251
9,-341,-190
9,-341,354
9,-341,-255
9,-337,-212
9,-335,389
9,-335,-186
9,-335,-213
9,-334,369
9,-334,-173
9,-333,352
9,-332,313
9,-331,386
9,-331,-192
9,-331,-268
9,-331,-255
9,-330,317
9,-329,334
9,-328,-272
9,-328,-176
9,-327,-223
9,-326,-173
9,-326,-184
9,-325,368
9,-323,285
9,-321,351
9,-320,294
9,-319,354
9,-317,313
9,-316,-212
9,-316,285
9,-315,-226
9,-314,367
9,-312,338
9,-311,375
9,-311,-243
9,-311,-241
9,-311,-232
9,-311,-229
9,-311,341
9,-310,306
9,-308,-235
9,-308,-235
9,-308,-260
9,-306,-260
9,-305,294
9,-304,-187
9,-304,-219
9,-304,-230
9,-303,-261
9,-300,-220
9,-300,263
9,-299,268
9,-299,-238
9,-299,-245
9,-299,-200
9,-296,327
9,-295,389
9,-294,-209
9,-293,332
9,-291,348
9,-291,311
9,-291,289
9,-291,311
9,-290,-225
9,-290,370
9,-290,-209
9,-289,369
9,-289,-211
9,-289,366
9,-287,389
9,-274,371
9,-272,389
9,-271,260
9,-270,390
9,-270,334
9,-270,325
9,-266,351
9,-266,351
9,-255,373
9,-253,330
9,-253,386
9,-251,395
9,-250,334
9,-249,357
9,-246,390
9,-179,-14
9,-175,-10
9,-153,-14
9,-153,20
9,-151,-5
9,-150,-8
9,-149,-6
9,-146,32
9,-144,18
9,-140,9
9,-126,-29
9,-75,170
9,-70,191
9,-67,191
9,-66,187
9,-65,190
9,-42,59
9,-35,228
9,-35,-49
9,-31,19
9,-30,75
9,-29,26
9,-28,15
9,-28,59
9,-27,59
9,-20,-13
9,-17,10
9,-14,220
9,-13,67
9,-12,12
9,-11,213
9,-11,21
9,-11,52
9,-11,75
9,-11,75
9,-10,230
9,-9,-70
9,-9,-51
9,-9,59
9,-8,-69
9,-7,215
9,-6,47
9,-5,-59
9,0,0
9,0,0
9,0,0
9,0,0
9,0,0
9,0,0
9,6,59
9,9,168
9,26,173
9,34,165
9,34,165
9,35,165
9,35,190
9,87,74
9,89,-298
9,89,-379
9,89,-304
9,92,-329
9,92,-389
9,95,-349
9,95,-346
9,99,-290
9,100,-307
9,101,-389
9,107,59
9,111,-345
9,112,46
9,113,64
9,114,-332
9,115,54
9,126,-388
9,126,-335
9,126,-374
9,127,-332
9,129,-333
9,131,-315
9,133,-291
9,135,-295
9,138,-299
9,140,-327
9,140,-300
9,140,-330
9,142,-299
9,142,-299
9,142,-330
9,144,-299
9,146,-311
9,148,-370
9,150,-352
9,151,-347
9,153,-349
9,170,-352
9,175,-326
9,179,304
9,179,300
9,179,-317
9,179,-310
9,185,-389
9,186,-391
9,189,-373
9,190,-384
9,190,-293
9,190,-296
9,190,-301
9,190,-325
9,191,-345
9,204,309
9,209,310
9,214,-331
9,214,-331
9,219,269
9,219,278
9,226,313
9,229,311
9,230,289
9,236,290
9,245,335
9,246,-49
9,248,-61
9,248,295
9,249,348
9,249,299
9,250,353
9,250,274
9,252,275
9,252,-74
9,255,332
9,256,260
9,259,260
9,259,259
9,259,-48
9,260,-73
9,264,290
9,266,246
9,268,273
9,268,304
9,269,313
9,269,330
9,269,332
9,270,-53
9,271,310
9,274,252
9,274,-65
9,276,-70
9,276,265
9,276,-48
9,285,311
9,286,294
9,286,-93
9,287,-57
9,287,-20
9,288,-84
9,288,-100
9,288,-58
9,290,-115
9,290,-27
9,290,-12
9,293,287
9,293,-89
9,293,-5
9,296,306
9,297,-47
9,300,-7
9,300,-69
9,300,-113
9,305,-7
9,305,260
9,307,-115
9,307,314
9,307,-110
9,309,-24
9,310,310
9,310,-26
9,311,-95
9,312,-91
9,312,-36
9,313,-100
9,313,-20
9,315,-111
9,320,-101
9,323,-73
9,331,-61
9,333,-50
9,336,-21
9,338,-61
9,339,-73
9,339,-59
9,339,-47
9,340,-60
9,340,-20
9,340,-72
9,346,-70
9,346,-14
9,349,-21
9,353,-60
9,354,-54
9,354,-75
10,-246,288
10,-245,286
10,-245,286
10,-243,290
10,-243,290
10,-240,283
10,-240,276
10,-240,289
10,-240,289
10,-240,289
10,-240,289
10,-239,280
10,-239,280
10,-238,288
10,-237,281
10,-234,286
10,-234,286
10,-234,280
10,-234,280
10,-232,291
10,-6,8
10,-5,6
10,-5,6
10,-3,10
10,-3,10
10,0,0
10,0,-4
10,0,9
10,0,9
10,0,9
10,0,9
10,1,0
10,1,0
10,2,8
10,3,1
10,6,6
10,6,6
10,6,-0
10,6,-0
10,8,11
10,275,-272
10,275,-274
10,275,-274
10,277,-270
10,277,-270
10,280,-275
10,280,-285
10,280,-271
10,280,-271
10,281,-271
10,281,-271
10,281,-280
10,281,-280
10,282,-272
10,284,-279
10,286,-274
10,286,-274
10,286,-280
10,286,-280
10,288,-269
11,-350,382
11,-348,385
11,-346,389
11,-339,435
11,-336,305
11,-325,301
11,-325,300
11,-313,300
11,-308,298
11,-301,290
11,-301,216
11,-300,204
11,-300,226
11,-299,277
11,-293,184
11,-292,-259
11,-283,180
11,-269,22
11,-267,24
11,-266,-20
11,-265,-259
11,-263,-94
11,-262,-18
11,-260,-85
11,-260,200
11,-260,-86
11,-259,101
11,-259,101
11,-259,30
11,-259,105
11,-258,-259
11,-258,211
11,-254,171
11,-250,180
11,-250,182
11,-250,175
11,-229,-23
11,-229,-26
11,-226,-259
11,-222,-32
11,-221,-33
11,-221,-31
11,-220,-31
11,-219,35
11,-218,35
11,-217,-9
11,-217,35
11,-214,20
11,-213,-296
11,-210,28
11,-200,-300
11,-194,-300
11,-180,-48
11,-179,50
11,-178,-54
11,-175,53
11,-170,-60
11,-165,220
11,-154,219
11,-152,-301
11,-151,-301
11,-151,-252
11,-141,-257
11,-140,155
11,-140,150
11,-140,-206
11,-140,153
11,-139,151
11,-139,109
11,-138,155
11,-138,110
11,-138,109
11,-137,154
11,-137,155
11,-135,-215
11,-134,-144
11,-132,-59
11,-130,-141
11,-125,-60
11,-121,59
11,-120,-109
11,-120,100
11,-120,-105
11,-119,-140
11,-115,59
11,-113,60
11,-108,-138
11,-102,-289
11,-101,-235
11,-100,-113
11,-100,-280
11,-99,93
11,-99,-113
11,-96,-271
11,-95,96
11,-90,-87
11,-89,62
11,-89,99
11,-85,59
11,-83,-43
11,-82,61
11,-80,61
11,-80,-37
11,-73,-117
11,-72,-71
11,-69,-79
11,-68,-119
11,-68,-70
11,-62,-111
11,-61,-45
11,-61,-37
11,-61,-112
11,-53,-261
11,-43,-260
11,-39,98
11,-38,102
11,-30,99
11,-29,57
11,-28,-259
11,-28,-139
11,-26,55
11,-25,-14
11,-25,-14
11,-24,-136
11,-24,-136
11,-23,-12
11,-20,100
11,-20,-129
11,-18,70
11,-17,70
11,-13,115
11,-10,110
11,-9,109
11,-5,61
11,-1,-98
11,-1,-98
11,-1,-101
11,1,1
11,1,1
11,1,1
11,1,1
11,1,1
11,11,-53
11,15,57
11,15,57
11,16,-51
11,19,43
11,19,4
11,19,4
11,19,38
11,19,110
11,24,-87
11,25,-85
11,26,-85
11,27,-86
11,27,96
11,27,69
11,27,-88
11,29,-119
11,29,65
11,36,-64
11,36,-63
11,37,-63
11,38,-61
11,58,-123
11,59,-76
11,62,-122
11,62,-122
11,66,-109
11,68,-76
11,68,-110
11,114,-60
11,125,-59
11,158,-59
11,162,-42
11,164,-89
11,164,-58
11,171,-77
11,171,-77
11,174,-77
11,177,-29
11,179,-104
11,179,-93
11,180,-98
11,181,-43
11,181,-64
12,-310,-192
12,-309,-192
12,-307,-189
12,-299,-155
12,-296,-148
12,-286,-180
12,-256,-180
12,-237,-179
12,-227,137
12,-222,164
12,-219,146
12,-218,163
12,-216,-180
12,-197,140
12,-184,131
12,-182,-162
12,-181,117
12,-181,188
12,-180,153
12,-179,188
12,-179,-162
12,-176,129
12,-172,136
12,-168,144
12,-152,-142
12,-149,-92
12,-140,203
12,-140,203
12,-139,-88
12,-137,-131
12,-137,-101
12,-136,-148
12,-135,-101
12,-134,-91
12,-127,-138
12,-124,99
12,-124,-101
12,-122,219
12,-121,102
12,-109,97
12,-101,209
12,-99,83
12,-99,76
12,-99,81
12,-99,80
12,-91,215
12,-89,218
12,-89,101
12,-88,-21
12,-87,-19
12,-72,-101
12,-71,-141
12,-70,99
12,-67,-143
12,-63,94
12,-59,81
12,-54,-21
12,-54,-28
12,-52,28
12,-52,-3
12,-51,-1
12,-51,-102
12,-49,-101
12,-46,-26
12,-43,220
12,-42,220
12,-34,-180
12,-32,-179
12,-30,34
12,-29,33
12,-28,-98
12,-20,-22
12,-20,-25
12,-20,-82
12,-19,-179
12,-19,-7
12,-18,-96
12,-16,-96
12,-16,-96
12,-7,6
12,-6,7
12,-6,-8
12,-6,-12
12,-5,13
12,10,216
12,14,213
12,15,-188
12,17,-189
12,17,211
12,19,211
12,20,-19
12,24,212
12,24,-188
12,26,20
12,26,20
12,31,216
12,34,20
12,38,-19
12,46,-19
12,48,-19
12,49,-100
12,50,-21
12,51,-185
12,52,-23
12,57,-175
12,61,-124
12,61,-127
12,63,-169
12,65,-172
12,70,182
12,83,181
12,85,19
12,89,20
12,90,148
12,90,135
12,92,-19
12,92,67
12,93,95
12,94,-177
12,95,66
12,95,108
12,96,63
12,96,25
12,99,-149
12,99,-145
12,99,43
12,99,160
12,99,165
12,101,57
12,101,-20
12,104,-19
12,107,139
12,107,140
12,107,-103
12,109,-22
12,109,-22
12,110,-101
12,111,-21
12,113,-102
12,116,140
12,117,-21
12,118,-22
12,119,-22
12,120,140
12,125,-61
12,131,-12
12,132,-9
12,132,99
12,132,99
12,136,-21
12,138,100
12,139,103
12,140,50
12,140,50
12,143,99
12,143,-62
12,147,-53
12,149,-14
12,149,-57
12,149,-20
12,150,-6
12,150,-6
12,152,103
12,172,19
12,176,29
12,176,12
12,177,48
12,179,43
12,180,8
12,180,11
12,190,15
12,216,-18
12,216,-17
12,217,-16
12,260,-41
12,262,-53
12,263,-54
12,265,-56
12,301,-28
12,305,-26
12,305,-26
12,346,-42
12,349,2
12,352,2
12,353,-44
12,356,-21
12,366,-21
12,422,-20
12,426,-22
13,-466,26
13,-466,26
13,-466,28
13,-464,23
13,-464,30
13,-462,26
13,-462,32
13,-461,8
13,-461,25
13,-461,-14
13,-461,3
13,-461,10
13,-460,20
13,-460,20
13,-460,20
13,-459,25
13,-459,19
13,-458,32
13,-458,26
13,-456,30
13,-456,23
13,-454,28
13,-454,26
13,0,0
13,0,0
13,0,0
13,0,0
13,0,0
13,0,0
13,0,0
13,0,0
13,0,0
13,0,0
13,0,0
13,0,0
13,0,0
13,0,0
13,0,0
13,0,0
13,0,0
13,0,0
13,0,0
13,0,0
13,0,0
13,0,0
13,0,0
13,0,0
13,0,0
13,0,0
13,0,0
13,0,0
13,0,0
13,0,0
13,0,0
13,14,23
13,14,23
13,14,28
13,16,23
13,16,26
13,16,30
13,18,23
13,18,32
13,19,25
13,19,-14
13,20,20
13,20,20
13,20,17
13,21,18
13,21,25
13,21,19
13,21,32
13,22,23
13,23,30
13,24,23
13,25,28
13,26,23
13,494,22
13,494,22
13,494,28
13,496,23
13,496,30
13,498,22
13,498,32
13,499,25
13,499,-14
13,500,20
13,500,20
13,500,2
13,500,16
13,501,-4
13,501,25
13,501,5
13,501,19
13,501,32
13,502,22
13,503,30
13,504,23
13,505,28
13,506,22
15,-558,38
15,-556,18
15,-543,16
15,-534,-125
15,-534,-121
15,-531,-120
15,-527,-159
15,-527,24
15,-520,223
15,-518,-144
15,-512,-7
15,-506,11
15,-494,-60
15,-468,-138
15,-460,73
15,-459,22
15,-457,308
15,-457,23
15,-456,-55
15,-455,-76
15,-455,-225
15,-455,21
15,-455,-87
15,-444,80
15,-441,310
15,-440,259
15,-439,320
15,-438,289
15,-436,-204
15,-433,28
15,-433,-206
15,-432,-244
15,-431,-207
15,-424,-211
15,-424,-210
15,-423,-209
15,-421,245
15,-410,15
15,-406,-74
15,-404,352
15,-402,-261
15,-399,303
15,-394,313
15,-394,298
15,-394,-280
15,-391,-89
15,-373,376
15,-373,340
15,-367,-254
15,-359,-268
15,-358,395
15,-357,-326
15,-357,-41
15,-353,23
15,-350,244
15,-346,-57
15,-341,248
15,-337,-76
15,-334,30
15,-332,237
15,-324,286
15,-323,20
15,-322,-358
15,-313,386
15,-313,24
15,-313,466
15,-309,-326
15,-307,462
15,-307,-354
15,-303,-365
15,-300,409
15,-297,-110
15,-295,-346
15,-294,460
15,-292,273
15,-290,428
15,-289,464
15,-288,295
15,-288,-132
15,-283,272
15,-282,206
15,-276,423
15,-274,296
15,-272,651
15,-269,309
15,-269,587
15,-268,-85
15,-267,-86
15,-266,442
15,-264,593
15,-262,-103
15,-252,253
15,-251,78
15,-249,88
15,-248,403
15,-247,-144
15,-245,258
15,-244,576
15,-241,216
15,-239,188
15,-234,-119
15,-232,678
15,-230,613
15,-230,340
15,-230,365
15,-228,679
15,-226,191
15,-223,273
15,-223,279
15,-223,390
15,-223,568
15,-223,114
15,-220,127
15,-217,-140
15,-216,438
15,-214,823
15,-211,667
15,-210,553
15,-207,559
15,-205,641
15,-205,140
15,-203,419
15,-196,787
15,-194,-128
15,-193,-145
15,-187,806
15,-186,807
15,-183,709
15,-182,31
15,-181,573
15,-180,588
15,-180,133
15,-180,110
15,-179,601
15,-176,-162
15,-175,594
15,-165,-150
15,-165,687
15,-164,139
15,-163,553
15,-162,715
15,-162,-711
15,-161,-78
15,-161,-423
15,-158,-709
15,-158,-421
15,-148,-700
15,-146,-174
15,-141,651
15,-141,411
15,-139,366
15,-138,685
15,-136,-448
15,-133,-192
15,-132,-698
15,-131,422
15,-131,668
15,-129,-659
15,-128,-194
15,-128,-695
15,-127,-706
15,-126,-676
15,-123,670
15,-122,-422
15,-121,711
15,-118,-668
15,-115,565
15,-114,390
15,-110,160
15,-109,-670
15,-108,-621
15,-100,169
15,-95,154
15,-94,170
15,-93,-662
15,-89,-616
15,-85,338
15,-83,-661
15,-78,396
15,-77,377
15,-72,112
15,-71,471
15,-70,415
15,-63,105
15,-62,120
15,-53,327
15,-52,447
15,-47,329
15,-40,558
15,-39,574
15,-29,473
15,-28,131
15,-25,560
15,-19,423
15,-12,492
15,0,0
15,0,0
15,0,0
15,0,0
15,0,0
15,0,0
15,0,0
15,0,0
15,0,0
15,0,0
15,0,0
15,0,0
15,0,0
15,0,0
15,0,0
15,0,0
15,0,0
15,0,0
15,0,0
15,0,0
15,0,0
15,0,0
15,0,0
15,0,0
15,2,346
15,5,-502
15,29,-501
15,35,-503
15,38,299
15,46,415
15,46,-342
15,48,177
15,55,346
15,64,-368
15,69,210
15,72,-384
15,76,318
15,82,177
15,82,270
15,82,180
15,91,323
15,91,271
15,92,374
15,94,327
15,103,-618
15,108,274
15,114,315
15,119,-683
15,128,290
15,130,260
15,150,90
15,154,349
15,155,276
15,160,272
15,161,294
15,169,185
15,171,144
15,172,198
15,182,352
15,184,193
15,187,72
15,188,158
15,212,224
15,215,281
15,230,281
15,234,119
15,235,148
15,236,52
15,239,-9
15,245,280
15,255,124
15,260,183
15,260,160
15,262,210
15,266,60
15,278,175
15,284,130
15,286,261
15,288,202
15,289,101
15,293,174
15,293,111
15,297,298
15,304,36
15,309,174
15,323,497
15,326,114
15,328,70
15,331,502
15,337,504
15,346,531
15,346,20
15,348,435
15,348,409
15,350,-185
15,351,210
15,353,311
15,354,505
15,356,94
15,356,266
15,359,310
15,360,449
15,360,-400
15,362,99
15,363,440
15,363,-178
15,367,404
15,367,288
15,369,10
15,370,455
15,378,-454
15,379,-453
15,381,411
15,381,-171
15,388,-372
15,389,408
15,390,-472
15,394,392
15,394,502
15,395,601
15,397,570
15,398,506
15,400,-451
15,400,-90
15,403,419
15,403,226
15,404,431
15,404,257
15,405,289
15,407,596
15,408,433
15,410,-428
15,412,625
15,413,271
15,416,297
15,418,-370
15,418,266
15,418,603
15,420,-437
15,422,495
15,422,393
15,427,220
15,428,-374
15,428,-396
15,429,661
15,429,269
15,429,-430
15,429,175
15,430,613
15,431,433
15,431,-437
15,433,-426
15,434,-442
15,438,358
15,438,-386
15,440,358
15,441,525
15,441,-369
15,441,357
15,442,623
15,442,358
15,446,-372
15,449,618
15,451,649
15,459,671
15,459,603
15,469,-391
15,472,-373
15,472,-391
15,472,625
15,476,608
15,479,660
15,481,525
15,483,526
15,484,667
15,486,524
15,489,-402
15,491,665
15,491,-426
15,492,664
15,496,-399
15,504,-429
15,510,-419
15,519,451
15,521,424
15,522,440
15,526,182
15,527,401
15,531,651
15,536,159
15,538,476
15,538,429
15,538,713
15,539,714
15,541,411
15,542,637
15,546,411
15,551,653
15,552,160
15,553,645
15,554,417
15,554,698
15,555,190
15,562,443
15,575,461
15,577,165
15,579,404
15,594,192
15,598,163
15,605,156
15,609,126
15,630,409
15,634,144
15,635,136
16,-412,205
16,-402,195
16,-397,199
16,-397,154
16,-360,120
16,-360,120
16,-360,120
16,-360,120
16,-360,120
16,-360,120
16,-360,120
16,-360,120
16,-360,240
16,-360,240
16,-360,240
16,-360,240
16,-360,240
16,-360,240
16,-360,240
16,-360,240
16,-352,204
16,-334,181
16,-320,171
16,-319,179
16,-319,237
16,-318,155
16,-314,202
16,-286,125
16,-280,-40
16,-280,-40
16,-280,-40
16,-280,-40
16,-280,-40
16,-280,-40
16,-280,280
16,-280,280
16,-280,280
16,-280,280
16,-280,280
16,-280,280
16,-280,280
16,-280,280
16,-276,130
16,-268,132
16,-261,158
16,-248,3
16,-248,145
16,-240,40
16,-240,40
16,-240,40
16,-240,40
16,-240,40
16,-240,40
16,-234,132
16,-234,-13
16,-226,-67
16,-214,-124
16,-208,121
16,-197,115
16,-195,-13
16,-193,-63
16,-189,-38
16,-182,-14
16,-176,-54
16,-164,-49
16,-163,-32
16,-160,-37
16,-160,-200
16,-160,-200
16,-160,-200
16,-160,-200
16,-160,-200
16,-160,-200
16,-158,-33
16,-156,-18
16,-153,-65
16,-149,-20
16,-145,-44
16,-143,-162
16,-136,-34
16,-135,-4
16,-135,-58
16,-123,-109
16,-119,-166
16,-116,-102
16,-114,-156
16,-113,-162
16,-110,-162
16,-109,-86
16,-104,-95
16,-103,-41
16,-83,120
16,-80,123
16,-80,123
16,-73,-49
16,-70,123
16,-69,124
16,-69,-84
16,-68,-50
16,-66,-80
16,-61,-47
16,-48,114
16,-47,-206
16,-44,-29
16,-40,200
16,-40,200
16,-40,200
16,-40,200
16,-36,73
16,-33,136
16,-32,71
16,-25,-192
16,-23,100
16,-3,81
16,0,-40
16,0,-40
16,0,-40
16,0,-40
16,0,-40
16,0,-40
16,0,0
16,11,83
16,16,77
16,17,-127
16,34,-117
16,40,320
16,40,320
16,40,320
16,40,320
16,40,320
16,40,320
16,40,320
16,40,320
16,41,-72
16,43,294
16,46,-76
16,48,-106
16,59,-107
16,63,-79
16,65,-75
16,66,-109
16,70,241
16,71,-100
16,72,244
16,73,252
16,74,-290
16,76,242
16,76,-34
16,81,-232
16,82,-170
16,82,-168
16,83,-162
16,84,249
16,84,275
16,84,275
16,85,-81
16,85,-229
16,92,281
16,96,287
16,103,-38
16,108,327
16,112,319
16,118,302
16,120,326
16,126,280
16,131,-239
16,133,-232
16,142,338
16,142,338
16,143,320
16,149,315
16,151,-47
16,159,326
16,160,360
16,160,360
16,160,360
16,160,360
16,160,360
16,160,360
16,160,360
16,160,360
16,160,-84
16,162,315
16,163,-70
16,190,-236
16,191,-228
16,191,266
16,192,-232
16,194,270
16,198,-248
16,200,-231
16,208,272
16,213,-135
16,221,-123
16,221,-192
16,232,251
16,236,-79
16,237,-119
16,238,-194
16,242,8
16,247,-195
16,247,-8
16,249,243
16,251,-5
16,260,-137
16,271,-125
16,272,-177
16,273,-181
16,280,200
16,280,200
16,280,200
16,280,200
16,280,200
16,280,200
16,280,200
16,280,200
16,283,-176
16,310,0
16,310,-3
16,324,0
16,325,3
16,328,-7
17,-240,0
17,-240,0
17,-240,-16
17,-237,-12
17,-234,-11
17,-3,-5
17,-1,-6
17,-0,-10
17,0,0
17,0,0
17,0,0
17,0,0
17,0,0
17,0,0
17,0,0
17,0,0
17,0,0
17,0,0
17,0,0
17,0,0
17,0,0
17,0,0
17,0,0
17,0,0
17,0,0
17,0,0
17,0,0
17,0,0
17,0,0
17,0,0
17,0,0
17,0,0
17,0,0
17,0,0
17,0,0
17,0,0
17,0,0
17,0,0
17,0,0
17,0,0
17,0,0
17,0,0
17,0,0
17,0,0
17,0,0
17,0,0
17,0,0
17,0,0
17,0,0
17,0,0
17,0,0
17,0,0
17,0,0
17,0,0
17,0,0
17,0,0
17,0,0
17,0,0
17,0,0
17,0,0
17,0,0
17,0,0
17,0,0
17,0,0
17,0,0
17,0,0
17,0,0
17,0,0
17,0,0
17,0,0
17,0,0
17,0,0
17,0,0
17,0,0
17,0,0
17,0,-0
17,240,0
17,240,-0
17,240,-16
17,243,-12
17,246,-12
18,-366,1
18,-360,40
18,-360,40
18,-360,40
18,-360,40
18,-360,40
18,-360,40
18,-320,160
18,-320,160
18,-320,160
18,-320,160
18,-320,160
18,-320,160
18,-320,160
18,-320,160
18,-314,78
18,-289,-144
18,-287,-123
18,-283,-118
18,-282,-70
18,-282,90
18,-282,72
18,-280,-74
18,-280,333
18,-280,-200
18,-280,-200
18,-280,-200
18,-280,-200
18,-280,-200
18,-280,-200
18,-275,328
18,-275,319
18,-274,74
18,-273,315
18,-268,84
18,-249,-160
18,-245,278
18,-243,160
18,-242,355
18,-242,40
18,-241,361
18,-241,34
18,-240,157
18,-236,-31
18,-236,267
18,-236,-170
18,-235,-36
18,-233,-40
18,-228,66
18,-226,-81
18,-225,84
18,-224,-72
18,-222,79
18,-219,-81
18,-218,-164
18,-214,-79
18,-212,190
18,-209,-113
18,-207,-103
18,-206,210
18,-206,79
18,-205,274
18,-204,206
18,-201,-145
18,-201,368
18,-201,372
18,-198,-144
18,-198,398
18,-197,224
18,-191,5
18,-187,212
18,-181,215
18,-180,212
18,-175,227
18,-174,12
18,-169,227
18,-166,30
18,-159,210
18,-159,-111
18,-158,93
18,-156,-2
18,-156,84
18,-153,-5
18,-151,-109
18,-150,9
18,-149,222
18,-148,-119
18,-148,7
18,-147,225
18,-140,202
18,-139,-56
18,-138,220
18,-136,216
18,-134,-331
18,-131,-90
18,-130,-47
18,-129,-57
18,-129,38
18,-128,38
18,-127,-302
18,-124,-333
18,-122,-304
18,-120,-400
18,-120,-400
18,-120,-400
18,-120,-400
18,-120,-400
18,-120,-400
18,-120,-400
18,-120,-400
18,-120,-240
18,-120,-240
18,-120,-240
18,-120,-240
18,-120,-240
18,-120,-240
18,-120,-240
18,-120,-240
18,-120,160
18,-120,160
18,-120,160
18,-120,160
18,-120,160
18,-120,160
18,-120,160
18,-120,160
18,-119,-326
18,-118,233
18,-117,-291
18,-116,-278
18,-108,-327
18,-95,272
18,-95,-351
18,-93,276
18,-86,275
18,-86,-359
18,-80,-80
18,-80,-80
18,-80,-80
18,-80,-80
18,-80,-80
18,-80,-80
18,-80,80
18,-80,80
18,-80,80
18,-80,80
18,-80,80
18,-80,80
18,-69,-240
18,-49,282
18,-44,-320
18,-44,-243
18,-40,320
18,-40,320
18,-40,320
18,-40,320
18,-40,320
18,-40,320
18,-40,320
18,-40,320
18,-33,-246
18,-30,-242
18,-25,-316
18,-9,-198
18,-7,-276
18,0,-294
18,15,85
18,16,-202
18,28,90
18,40,-200
18,40,-200
18,40,-200
18,40,-200
18,40,-200
18,40,-200
18,40,-200
18,40,-200
18,49,77
18,74,157
18,78,139
18,80,168
18,84,146
18,90,90
18,97,164
18,116,165
18,120,-280
18,120,-280
18,120,-280
18,120,-280
18,124,231
18,125,-122
18,137,241
18,144,-290
18,144,-188
18,148,158
18,159,4
18,160,85
18,162,13
18,163,2
18,166,-213
18,166,-205
18,171,-193
18,172,281
18,172,77
18,174,-275
18,174,288
18,184,-278
18,185,-263
18,187,-255
18,187,-279
18,192,-188
18,196,123
18,196,66
18,196,-281
18,197,-254
18,198,-277
18,201,30
18,201,-222
18,203,120
18,206,-270
18,207,122
18,207,-290
18,211,68
18,214,55
18,241,380
18,259,291
18,265,287
18,267,121
18,271,102
18,272,303
18,273,115
18,273,14
18,274,55
18,276,311
18,278,281
18,280,272
18,286,66
18,290,275
18,296,279
18,301,270
18,311,254
18,313,218
18,318,194
18,321,173
18,322,163
18,323,200
18,328,-71
18,329,91
18,329,84
18,330,-63
19,-240,0
19,-240,0
19,-240,0
19,-240,0
19,-240,0
19,-240,0
19,-240,0
19,-240,0
19,-240,0
19,-240,0
19,0,0
19,0,0
19,0,0
19,0,0
19,0,0
19,0,0
19,0,0
19,0,0
19,0,0
19,0,0
19,0,0
19,0,0
19,0,0
19,0,0
19,0,0
19,0,0
19,0,0
19,0,0
19,0,0
19,0,0
19,0,0
19,0,0
19,0,0
19,0,0
19,0,0
19,0,0
19,0,0
19,0,0
19,0,0
19,0,0
19,0,0
19,0,0
19,0,0
19,0,0
19,0,0
19,0,0
19,0,0
19,0,0
19,0,0
19,0,0
19,0,0
19,0,0
19,0,0
19,0,0
19,0,0
19,0,0
19,0,0
19,0,0
19,0,0
19,0,0
19,0,0
19,0,0
19,0,0
19,0,0
19,0,0
19,0,0
19,0,0
19,0,0
19,0,0
19,0,0
19,0,0
19,0,0
19,0,0
19,0,0
19,0,0
19,0,0
19,0,0
19,0,0
19,0,0
19,0,0
19,0,0
19,0,0
19,0,0
19,0,0
19,0,0
19,0,0
19,240,0
19,240,0
19,240,0
19,240,0
19,240,0
19,240,0
19,240,0
19,240,0
19,240,0
19,240,0
20,-320,-360
20,-320,-360
20,-320,-360
20,-320,-360
20,-320,-360
20,-320,-360
20,-320,-40
20,-320,-40
20,-320,-40
20,-320,-40
20,-320,-40
20,-320,-40
20,-320,-40
20,-320,-40
20,-296,-291
20,-287,-294
20,-284,-297
20,-281,26
20,-280,240
20,-280,240
20,-280,240
20,-280,240
20,-278,13
20,-274,57
20,-264,66
20,-259,50
20,-247,69
20,-246,82
20,-245,123
20,-245,71
20,-244,124
20,-240,-40
20,-240,-40
20,-240,-40
20,-240,-40
20,-240,-40
20,-240,-40
20,-240,-40
20,-240,-40
20,-240,-246
20,-232,64
20,-232,-228
20,-231,-248
20,-220,-245
20,-218,-245
20,-218,80
20,-218,-237
20,-217,-235
20,-217,43
20,-217,253
20,-214,-299
20,-213,276
20,-211,-8
20,-209,63
20,-206,-354
20,-204,20
20,-203,-370
20,-197,255
20,-197,333
20,-196,-360
20,-194,291
20,-193,-3
20,-193,-303
20,-191,296
20,-191,281
20,-188,-249
20,-187,65
20,-186,55
20,-184,267
20,-179,-164
20,-177,65
20,-177,-291
20,-176,49
20,-169,-173
20,-169,-173
20,-164,104
20,-163,-295
20,-161,109
20,-157,-123
20,-157,77
20,-151,-118
20,-151,35
20,-150,-81
20,-132,-267
20,-121,250
20,-117,-164
20,-116,45
20,-107,-265
20,-96,-247
20,-90,-156
20,-86,-278
20,-85,117
20,-80,-40
20,-80,-40
20,-80,-40
20,-80,-40
20,-80,-40
20,-80,-40
20,-74,-93
20,-52,240
20,-40,-320
20,-40,-320
20,-40,-320
20,-40,-320
20,-40,-320
20,-40,-320
20,-40,0
20,-40,0
20,-40,0
20,-40,0
20,-40,0
20,-40,0
20,-40,0
20,-40,0
20,-10,325
20,-3,321
20,0,0
20,0,0
20,0,0
20,9,309
20,29,-207
20,31,232
20,32,-225
20,44,275
20,46,266
20,48,238
20,49,207
20,61,205
20,80,-240
20,80,-240
20,80,-240
20,80,-240
20,80,-240
20,80,-240
20,80,204
20,92,263
20,94,265
20,103,258
20,104,273
20,105,284
20,107,-148
20,108,209
20,113,247
20,115,227
20,121,-187
20,122,256
20,125,-196
20,126,233
20,137,-97
20,140,245
20,142,236
20,144,233
20,145,-113
20,153,-93
20,154,-75
20,158,204
20,159,208
20,162,225
20,168,-94
20,171,194
20,171,-105
20,184,234
20,184,225
20,184,-55
20,184,-50
20,187,-270
20,187,198
20,200,0
20,200,0
20,200,0
20,200,0
20,200,0
20,200,0
20,200,0
20,200,0
20,202,-158
20,203,175
20,204,184
20,206,160
20,211,180
20,219,166
20,219,-60
20,222,-105
20,224,250
20,225,237
20,228,-159
20,233,272
20,235,179
20,239,114
20,240,-320
20,240,-320
20,240,-320
20,240,-320
20,240,-320
20,240,-320
20,240,-320
20,240,-320
20,241,-273
20,241,244
20,244,237
20,245,118
20,246,117
20,248,280
20,249,-157
20,252,-101
20,252,-98
20,256,233
20,259,-101
20,269,277
20,275,-149
20,276,-156
20,277,285
20,284,-153
20,294,-122
20,295,-164
20,296,-144
20,304,-158
20,323,-100
20,331,-100
20,332,-80
20,332,-113
20,341,-105
20,360,-40
20,360,-40
20,360,-40
20,360,-40
20,360,-40
20,360,-40
20,360,-40
20,360,-40
20,366,-153
20,369,-143
21,-243,0
21,-240,18
21,-240,0
21,-240,0
21,-236,5
21,-9,2
21,-5,18
21,0,0
21,0,0
21,0,0
21,0,0
21,0,0
21,0,0
21,0,0
21,0,0
21,0,0
21,0,0
21,0,0
21,0,0
21,0,0
21,0,0
21,0,0
21,0,0
21,0,0
21,0,0
21,0,0
21,0,0
21,0,0
21,0,0
21,0,0
21,0,0
21,0,0
21,0,0
21,0,0
21,0,0
21,0,0
21,0,0
21,0,0
21,0,0
21,0,0
21,0,0
21,0,0
21,0,0
21,0,0
21,0,0
21,0,0
21,0,0
21,0,0
21,0,0
21,0,0
21,0,0
21,0,0
21,0,0
21,0,0
21,0,0
21,0,0
21,0,0
21,0,0
21,0,0
21,0,0
21,0,0
21,0,0
21,0,0
21,2,8
21,237,3
21,238,2
21,239,4
21,240,0
21,240,0
22,-452,54
22,-391,73
22,-354,88
22,-335,140
22,-335,52
22,-319,-12
22,-317,-3
22,-309,21
22,-307,-2
22,-304,151
22,-299,138
22,-297,46
22,-282,134
22,-280,86
22,-280,40
22,-273,39
22,-265,-42
22,-263,57
22,-262,-17
22,-261,80
22,-260,72
22,-258,119
22,-258,-20
22,-246,-47
22,-243,151
22,-240,164
22,-238,146
22,-237,149
22,-237,127
22,-232,107
22,-213,36
22,-211,43
22,-187,45
22,-185,13
22,-173,37
22,-160,120
22,-160,120
22,-160,120
22,-160,120
22,-160,120
22,-160,120
22,-160,200
22,-160,200
22,-160,200
22,-160,200
22,-160,200
22,-160,200
22,-158,171
22,-155,145
22,-155,-18
22,-148,-21
22,-141,-8
22,-140,139
22,-139,-24
22,-133,167
22,-124,171
22,-124,-31
22,-122,-20
22,-120,150
22,-117,172
22,-98,163
22,-93,167
22,-87,169
22,-81,40
22,-79,156
22,-72,51
22,-40,-360
22,-40,-360
22,-40,-360
22,-40,-360
22,-38,165
22,-33,-303
22,-31,38
22,-28,155
22,-18,-297
22,-16,-292
22,-12,70
22,-10,-239
22,-6,60
22,-6,59
22,-6,196
22,0,0
22,0,0
22,0,0
22,0,0
22,0,0
22,0,0
22,0,0
22,0,0
22,0,0
22,0,0
22,0,0
22,0,0
22,1,-244
22,2,-241
22,5,10
22,6,-263
22,8,209
22,8,-292
22,13,-256
22,15,17
22,18,182
22,18,14
22,19,195
22,23,6
22,25,-99
22,25,-100
22,28,65
22,29,78
22,29,-199
22,29,73
22,30,-146
22,31,-293
22,33,-163
22,34,-79
22,34,-72
22,35,-163
22,36,240
22,37,-296
22,38,-278
22,41,-303
22,43,243
22,44,-82
22,45,182
22,48,204
22,49,243
22,49,237
22,50,214
22,52,-209
22,57,-307
22,57,195
22,60,-71
22,78,-85
22,80,-40
22,80,-40
22,80,-40
22,80,-40
22,108,191
22,111,196
22,120,40
22,120,40
22,120,40
22,120,40
22,120,40
22,120,40
22,120,40
22,120,40
22,122,236
22,123,78
22,126,-236
22,127,236
22,157,-119
22,160,-160
22,160,-160
22,160,-160
22,160,-160
22,160,-160
22,160,-160
22,161,134
22,164,133
22,174,103
22,181,80
22,183,71
22,185,-59
22,185,-64
22,188,-60
22,190,-145
22,192,80
22,197,-45
22,200,81
22,202,-127
22,204,-148
22,208,-162
22,209,-146
22,210,169
22,212,152
22,213,-66
22,215,-123
22,224,86
22,225,-233
22,226,-121
22,228,98
22,230,96
22,231,142
22,233,77
22,234,-63
22,234,185
22,237,98
22,240,-240
22,240,-240
22,240,-240
22,240,-240
22,240,-240
22,240,-240
22,240,-40
22,240,-40
22,240,-40
22,240,-40
22,240,-40
22,240,-40
22,241,-136
22,243,-138
22,246,-104
22,252,-115
22,256,-130
22,261,-243
22,262,172
22,264,-202
22,265,185
22,267,-122
22,269,-116
22,270,163
22,274,-79
22,276,74
22,279,77
22,281,-180
22,282,103
22,286,243
22,287,-222
22,287,-86
22,290,-103
22,291,-179
22,295,96
22,298,-92
22,298,97
22,301,142
22,303,-180
22,305,101
22,306,-93
22,308,179
22,310,101
22,320,-216
22,321,-135
22,324,-138
22,329,-130
22,338,-190
22,339,-140
22,340,144
22,340,90
22,343,-212
22,344,-223
22,346,128
22,347,122
22,349,73
22,350,-234
22,353,-227
22,360,-80
22,360,-80
22,360,-80
22,360,-80
22,360,-80
22,360,-80
22,362,-182
22,363,-132
22,367,89
22,372,-236
22,373,-238
22,373,108
22,379,-221
22,379,-170
22,380,-169
22,383,-169
22,384,131
22,385,94
22,388,188
22,389,246
22,389,-176
22,415,142
22,434,227
22,440,40
22,440,40
22,440,40
22,440,40
22,440,40
22,440,40
22,440,40
22,440,40
22,440,280
22,440,280
22,440,280
22,440,280
22,440,280
22,440,280
22,440,280
22,440,280
22,441,193
22,448,206
23,-249,-9
23,-248,-8
23,-245,0
23,-243,-4
23,-240,30
23,-240,-9
23,-240,-5
23,-240,0
23,-240,0
23,-240,0
23,-240,0
23,-240,-8
23,-240,-0
23,-239,-6
23,-235,0
23,-231,-9
23,-16,0
23,-9,-9
23,-5,0
23,-3,-4
23,-0,30
23,0,-5
23,0,0
23,0,0
23,0,0
23,0,0
23,0,0
23,0,0
23,0,0
23,0,0
23,0,0
23,0,0
23,0,0
23,0,0
23,0,0
23,0,0
23,0,0
23,0,0
23,0,0
23,0,0
23,0,0
23,0,0
23,0,0
23,0,0
23,0,0
23,0,0
23,0,0
23,0,0
23,0,0
23,0,0
23,0,0
23,0,0
23,0,0
23,0,0
23,0,0
23,0,0
23,0,0
23,0,0
23,0,0
23,0,0
23,0,0
23,0,0
23,0,0
23,0,0
23,0,0
23,0,0
23,0,0
23,0,0
23,0,0
23,0,0
23,0,0
23,0,0
23,0,0
23,0,0
23,0,0
23,0,0
23,0,0
23,0,0
23,0,0
23,0,0
23,0,0
23,0,0
23,0,0
23,0,0
23,0,0
23,0,0
23,0,0
23,0,0
23,0,0
23,0,0
23,0,0
23,0,0
23,0,0
23,0,0
23,0,0
23,0,0
23,0,0
23,0,0
23,0,0
23,0,0
23,0,0
23,0,0
23,0,0
23,0,0
23,0,0
23,0,0
23,0,0
23,0,0
23,0,0
23,0,0
23,0,0
23,0,0
23,0,0
23,0,0
23,0,0
23,0,0
23,0,0
23,0,0
23,0,0
23,0,0
23,0,0
23,0,0
23,0,0
23,0,0
23,0,0
23,0,-9
23,5,0
23,11,-9
23,231,-9
23,232,-8
23,235,0
23,240,30
23,240,-5
23,240,0
23,240,0
23,240,0
23,240,0
23,240,0
23,240,-9
23,240,-8
23,240,2
23,241,-6
23,245,0
23,251,-9
24,-519,4
24,-517,-24
24,-451,57
24,-450,125
24,-447,45
24,-447,150
24,-446,51
24,-446,-3
24,-445,61
24,-444,9
24,-442,69
24,-441,143
24,-436,43
24,-430,52
24,-425,156
24,-424,158
24,-422,154
24,-418,63
24,-409,133
24,-407,143
24,-406,191
24,-405,45
24,-403,112
24,-403,45
24,-402,44
24,-398,124
24,-384,160
24,-375,113
24,-371,135
24,-369,140
24,-361,77
24,-307,-248
24,-305,222
24,-302,-248
24,-292,-258
24,-284,-241
24,-255,341
24,-250,133
24,-248,122
24,-242,125
24,-242,271
24,-239,280
24,-237,125
24,-236,305
24,-236,266
24,-234,69
24,-233,129
24,-231,82
24,-229,130
24,-227,100
24,-227,248
24,-223,104
24,-217,63
24,-212,278
24,-210,289
24,-210,150
24,-206,39
24,-203,37
24,-199,-208
24,-197,267
24,-194,276
24,-192,258
24,-191,29
24,-184,246
24,-182,11
24,-181,250
24,-181,302
24,-178,299
24,-178,305
24,-176,302
24,-173,5
24,-173,38
24,-173,122
24,-173,255
24,-167,96
24,-167,95
24,-166,95
24,-163,285
24,-163,249
24,-162,25
24,-153,-178
24,-153,-178
24,-150,-61
24,-149,115
24,-138,235
24,-135,-65
24,-132,1
24,-131,122
24,-131,121
24,-131,-2
24,-130,121
24,-130,120
24,-130,120
24,-129,120
24,-129,2
24,-129,44
24,-129,119
24,-128,68
24,-127,113
24,-127,119
24,-126,119
24,-126,75
24,-126,120
24,-125,82
24,-124,37
24,-121,18
24,-118,14
24,-116,17
24,-112,-27
24,-111,-27
24,-109,191
24,-105,-46
24,-104,7
24,-100,-35
24,-98,-174
24,-79,-181
24,-77,-275
24,-77,-207
24,-71,-193
24,-71,-195
24,-69,-194
24,-63,-211
24,-54,-275
24,-49,-197
24,-45,-282
24,-40,-237
24,-40,-211
24,-40,-287
24,-39,-271
24,-39,-223
24,-35,-283
24,-32,-281
24,-31,-311
24,-25,-199
24,-18,-21
24,-8,-187
24,-8,-246
24,-6,-287
24,-6,-179
24,-6,-211
24,-4,-225
24,1,1
24,1,1
24,1,1
24,1,1
24,1,1
24,1,1
24,1,1
24,1,1
24,1,1
24,1,1
24,1,1
24,1,1
24,1,-18
24,2,-242
24,3,-133
24,8,-217
24,8,-137
24,20,-124
24,21,-278
24,32,-282
24,44,14
24,45,33
24,46,39
24,53,29
24,56,40
24,62,16
24,64,20
24,77,16
24,86,-22
24,86,-98
24,92,-16
24,93,-61
24,95,-63
24,101,7
24,101,-73
24,102,9
24,108,-101
24,111,-48
24,125,-25
24,126,-145
24,128,-18
24,156,-107
24,157,-109
24,159,-115
24,162,-166
24,162,-159
24,179,-120
24,183,-119
24,184,-158
24,197,348
24,197,-124
24,197,345
24,197,345
24,197,345
24,198,340
24,199,-110
24,200,344
24,200,344
24,200,344
24,200,348
24,200,348
24,200,348
24,200,-89
24,203,-163
24,203,345
24,203,345
24,203,345
24,208,-124
24,208,-123
24,209,-125
24,209,-168
24,210,-123
24,210,-126
24,211,-127
24,212,-126
24,213,-125
24,213,-121
24,214,-123
24,215,-122
24,225,269
24,225,267
24,227,265
24,228,264
24,231,264
24,232,263
24,236,-62
24,269,-20
24,277,165
24,279,162
24,288,-143
24,293,-144
24,297,186
24,298,3
24,299,176
24,299,27
24,299,-2
24,306,185
24,312,178
24,313,170
24,315,196
24,315,174
24,325,175
24,346,152
24,356,261
24,358,153
24,359,148
24,363,141
24,368,-143
24,369,-164
24,370,-80
24,374,-122
24,375,-177
24,380,154
24,384,222
24,386,-209
24,388,214
24,389,-80
24,389,-156
24,391,-192
24,391,-99
24,392,-195
24,393,-145
24,393,-145
24,393,-144
24,393,-145
24,394,-145
24,394,-144
24,394,-145
24,395,-145
24,396,-147
24,397,-208
24,397,-146
24,399,-118
24,403,-115
24,403,-169
24,425,-166
24,451,-208
24,459,179
24,461,181
24,463,116
24,466,181
24,478,170
24,480,208
24,481,169
24,482,186
24,491,121
24,491,-202
24,499,-212
24,499,-211
24,512,-234
24,519,-233
24,519,163
24,523,-241
25,-310,182
25,-302,176
25,-302,176
25,-302,176
25,-301,173
25,-301,173
25,-301,173
25,-300,178
25,-300,178
25,-298,174
25,-297,192
25,-286,144
25,-284,183
25,-283,160
25,-282,184
25,-274,190
25,-264,118
25,-262,180
25,-246,156
25,-238,125
25,-236,146
25,-229,116
25,-225,118
25,-223,119
25,-202,106
25,-184,114
25,-180,123
25,-167,90
25,-164,677
25,-160,94
25,-157,106
25,-156,105
25,-156,645
25,-149,646
25,-149,118
25,-149,100
25,-134,627
25,-131,616
25,-129,622
25,-107,532
25,-102,83
25,-99,577
25,-88,681
25,-88,680
25,-85,684
25,-80,638
25,-77,599
25,-76,524
25,-70,47
25,-69,517
25,-65,578
25,-61,593
25,-60,610
25,-57,-2
25,-57,40
25,-48,669
25,-47,553
25,-47,312
25,-43,307
25,-42,306
25,-42,670
25,-42,305
25,-38,534
25,-31,600
25,-31,304
25,-29,31
25,-28,553
25,-27,593
25,-23,27
25,-22,525
25,-16,599
25,-16,473
25,-15,-11
25,-12,5
25,-9,434
25,-6,-16
25,-3,500
25,-2,292
25,-2,558
25,-1,25
25,0,0
25,0,0
25,0,0
25,0,0
25,0,0
25,0,0
25,1,1
25,1,1
25,1,1
25,1,1
25,1,1
25,4,-11
25,6,638
25,7,7
25,8,331
25,10,577
25,12,-2
25,13,329
25,23,280
25,27,357
25,27,366
25,29,453
25,29,339
25,31,277
25,33,616
25,33,556
25,34,269
25,35,562
25,36,598
25,39,-52
25,44,328
25,44,-109
25,45,531
25,47,59
25,48,283
25,52,-105
25,53,561
25,54,31
25,56,-112
25,62,-93
25,68,31
25,69,68
25,72,72
25,76,545
25,76,-83
25,76,-110
25,83,-42
25,83,-87
25,85,-47
25,87,87
25,91,80
25,91,-64
25,92,34
25,96,-185
25,96,-76
25,102,101
25,109,79
25,111,106
25,111,30
25,117,95
25,118,-51
25,125,343
25,141,-242
25,145,346
25,147,-252
25,148,520
25,148,-254
25,155,140
25,158,-258
25,160,239
25,168,143
25,199,-298
25,201,326
25,202,350
25,202,501
25,202,304
25,205,316
25,212,479
25,213,315
25,214,489
25,220,484
25,224,177
25,225,487
25,236,186
25,238,151
25,239,476
25,240,161
25,240,241
25,242,456
25,245,316
25,245,172
25,245,167
25,246,143
25,246,419
25,246,149
25,253,353
25,253,346
25,255,209
25,259,-438
25,260,183
25,260,-438
25,261,-437
25,261,-330
25,265,226
25,265,225
25,266,318
25,266,223
25,268,184
25,270,304
25,276,-341
25,282,-378
25,294,-320
25,295,-396
25,298,366
25,303,-393
25,303,367
25,305,362
25,312,-358
25,313,-340
25,319,-315
25,334,188
25,342,-400
25,361,182
25,362,-437
25,363,-437
25,364,-445
25,372,-443
25,402,-343
25,403,53
25,405,-337
25,406,-336
25,421,-361
25,426,59
25,429,-345
25,431,-345
25,434,59
25,437,56
25,439,-366
25,440,67
25,441,-328
25,441,126
25,442,250
25,443,127
25,444,128
25,444,79
25,445,261
25,447,-317
25,448,-317
25,450,87
25,452,-346
25,452,-345
25,453,-332
25,454,-332
25,455,128
25,455,239
25,457,87
25,459,183
25,462,-362
25,462,168
25,463,84
25,464,150
25,464,286
25,466,82
25,469,-420
25,469,141
25,469,-399
25,470,294
25,471,254
25,476,-316
25,477,145
25,477,-320
25,480,323
25,482,-431
25,485,331
25,487,188
25,489,-426
25,491,-397
25,494,-336
25,497,327
25,512,-317
25,513,-386
25,518,320
25,518,-312
25,518,246
25,519,-312
25,520,-311
25,524,322
25,527,-297
25,531,-396
25,543,-397
25,545,-356
25,546,-294
25,547,-358
25,555,-303
25,589,-457
25,599,-459
25,638,-518
25,642,-513
25,655,-501
25,670,-454
25,689,-486
25,697,-456
25,704,-462
25,708,-449
25,710,-487
25,711,-481
25,712,-480
25,744,-472
25,747,-490
25,748,-487
25,750,-490
25,751,-487
27,-259,26
27,-251,19
27,-245,19
27,-217,5
27,-217,4
27,-216,1
27,-216,58
27,-216,62
27,-216,113
27,-215,6
27,-215,4
27,-214,106
27,-212,60
27,-209,103
27,-209,-18
27,-204,14
27,-199,104
27,-181,-39
27,-180,170
27,-180,160
27,-172,-79
27,-171,-69
27,-169,-70
27,-168,-73
27,-167,188
27,-167,-71
27,-166,196
27,-165,101
27,-164,200
27,-164,-77
27,-161,213
27,-160,200
27,-160,21
27,-156,-97
27,-156,200
27,-154,216
27,-154,-73
27,-144,56
27,-142,55
27,-142,60
27,-142,65
27,-140,-40
27,-139,168
27,-139,156
27,-133,20
27,-129,99
27,-115,18
27,-112,60
27,-111,19
27,-107,135
27,-107,-18
27,-106,-18
27,-105,20
27,-100,112
27,-99,7
27,-99,138
27,-98,-19
27,-95,103
27,-95,99
27,-94,99
27,-94,139
27,-93,100
27,-89,135
27,-87,104
27,-70,10
27,-70,109
27,-70,-18
27,-70,107
27,-69,10
27,-69,110
27,-67,134
27,-67,18
27,-66,103
27,-66,17
27,-65,101
27,-61,89
27,-61,31
27,-61,28
27,-60,21
27,-59,19
27,-59,169
27,-59,174
27,-57,101
27,-49,17
27,-49,102
27,-48,101
27,-48,17
27,-47,100
27,-46,59
27,-46,-20
27,-36,59
27,-33,-19
27,-28,181
27,-21,-71
27,-21,-76
27,-20,65
27,-20,63
27,-20,18
27,-19,146
27,-19,-41
27,-19,-36
27,-17,102
27,-15,180
27,-15,180
27,-8,140
27,-6,19
27,0,0
27,1,1
27,1,1
27,1,1
27,1,1
27,1,1
27,15,-60
27,20,121
27,20,85
27,21,-57
27,21,85
27,22,87
27,25,19
27,27,-17
27,29,221
27,30,99
27,40,20
27,44,221
27,54,93
27,55,260
27,57,109
27,57,24
27,59,108
27,60,304
27,60,260
27,60,-48
27,60,-54
27,62,-21
27,68,181
27,71,181
27,80,-21
27,85,20
27,87,19
27,88,101
27,89,99
27,90,102
27,90,101
27,94,23
27,96,23
27,99,-61
27,99,155
27,99,158
27,100,-70
27,100,103
27,100,55
27,100,202
27,100,260
27,101,99
27,102,98
27,103,22
27,103,99
27,104,188
27,104,23
27,105,0
27,107,186
27,107,191
27,108,9
27,109,99
27,109,103
27,110,10
27,115,-116
27,115,99
27,116,-4
27,120,-128
27,120,-116
27,124,-103
27,125,-104
27,126,-219
27,133,9
27,134,208
27,135,-4
27,137,-116
27,138,-5
27,139,-166
27,139,-176
27,139,-243
27,139,48
27,139,-236
27,140,48
27,140,-245
27,140,130
27,140,143
27,140,130
27,140,68
27,140,67
27,140,143
27,140,67
27,146,59
27,153,101
27,154,139
27,157,-180
27,160,100
27,161,139
27,166,139
27,176,-219
27,177,181
27,178,21
27,178,60
27,178,56
27,178,-219
27,179,29
27,179,-170
27,179,-169
27,179,-199
27,181,146
27,181,154
27,188,175
27,191,-219
27,204,-219
27,220,-247
27,220,-236
28,-186,-20
28,-181,-24
28,-180,-15
28,-179,29
28,-176,-20
28,-172,-18
28,-167,-19
28,-159,-16
28,-143,20
28,-140,20
28,-140,77
28,-140,86
28,-139,11
28,-139,-0
28,-138,61
28,-116,-26
28,-116,-31
28,-115,28
28,-115,-10
28,-115,28
28,-107,26
28,-101,3
28,-98,5
28,-96,17
28,-96,-32
28,-89,-35
28,-87,-33
28,-75,-24
28,-75,8
28,-74,4
28,-72,-6
28,-71,-7
28,-66,12
28,-63,26
28,-61,47
28,-61,-54
28,-54,-22
28,-51,-6
28,-48,-6
28,-47,4
28,-47,-24
28,-46,12
28,-19,-3
28,-16,35
28,-12,-5
28,-12,-24
28,-9,60
28,-8,-14
28,-8,15
28,-7,15
28,-5,35
28,-4,-28
28,-3,60
28,-2,60
28,0,0
28,0,0
28,3,-61
28,8,118
28,9,-118
28,11,-115
28,12,123
28,13,-130
28,13,-110
28,13,-61
28,16,-61
28,16,-123
28,17,107
28,20,122
28,23,103
28,23,107
28,24,-103
28,24,-106
28,28,129
28,29,-130
28,32,117
28,49,68
28,49,65
28,50,-115
28,50,122
28,52,130
28,54,110
28,56,-121
28,57,106
28,57,-71
28,57,-71
28,57,-124
28,58,-116
28,59,-108
28,60,-105
28,60,116
28,63,108
28,64,122
28,66,-121
28,67,-130
28,69,116
28,69,-127
28,77,19
28,77,19
28,90,-60
28,90,121
28,91,128
28,92,127
28,92,-39
28,92,-110
28,94,-116
28,96,-110
28,97,59
28,98,-60
28,99,26
28,100,28
28,100,20
28,100,-129
28,100,119
28,100,5
28,100,-111
28,103,-31
28,104,103
28,104,-110
28,106,-116
28,107,-31
28,107,59
28,108,129
28,108,-110
28,108,59
28,109,130
28,109,116
28,110,-60
28,111,-35
28,137,60
28,139,-60
28,139,80
28,139,86
28,140,-2
28,140,-12
28,140,-82
28,140,-80
28,141,4
28,141,6
28,141,93
28,141,-18
28,141,4
28,141,91
28,142,-16
28,153,100
28,154,99
28,158,59
28,159,59
28,159,99
28,163,99
28,169,-61
28,169,-23
28,169,-17
28,169,17
28,169,23
28,172,-61
28,177,-60
28,180,-23
28,180,-17
28,180,17
28,180,23
28,181,-92
28,181,-62
28,181,-89
28,181,-64
28,181,-87
28,191,-23
28,191,-17
28,191,17
28,191,23
28,225,6
28,226,0
28,227,11
28,230,-0
28,245,12
28,248,17
28,261,0
29,-855,308
29,-832,351
29,-821,147
29,-810,147
29,-734,527
29,-721,530
29,-721,530
29,-715,520
29,-713,542
29,-710,827
29,-707,821
29,-704,799
29,-704,823
29,-701,802
29,-700,803
29,-697,822
29,-695,825
29,-694,831
29,-688,837
29,-686,829
29,-685,824
29,-587,690
29,-574,688
29,-574,688
29,-542,684
29,-540,679
29,-540,678
29,-525,687
29,-523,699
29,-519,538
29,-514,549
29,-504,755
29,-366,486
29,-286,765
29,-265,738
29,-253,720
29,-248,760
29,-243,671
29,-225,749
29,-224,691
29,-205,698
29,-128,-519
29,-113,-621
29,-91,-519
29,-88,-605
29,-85,-556
29,-81,-611
29,-77,-595
29,-73,-483
29,-59,-672
29,-47,-695
29,-43,-753
29,-41,-747
29,-37,-691
29,-35,-629
29,-33,-630
29,-4,715
29,1,1
29,1,1
29,1,1
29,1,1
29,1,1
29,1,1
29,10,750
29,14,766
29,31,635
29,33,642
29,41,-540
29,48,-549
29,53,-526
29,63,-537
29,86,-671
29,87,-635
29,108,-633
29,109,-640
29,122,-678
29,123,-653
29,126,-643
29,148,-537
29,181,-520
29,189,-717
29,191,693
29,191,-678
29,193,-510
29,207,-514
29,210,-657
29,216,692
29,216,708
29,218,-663
29,225,-663
29,228,-649
29,234,-525
29,237,-654
29,238,-646
29,242,-650
29,245,-512
29,250,-579
29,253,-543
29,255,844
29,267,861
29,271,-548
29,274,841
29,276,851
29,278,841
29,279,845
29,283,-476
29,293,-744
29,294,-744
29,303,-488
29,310,-706
29,315,-481
29,321,-468
29,391,678
29,439,-556
29,442,-420
29,444,-538
29,452,-558
29,457,-445
29,464,-553
29,464,-562
29,466,795
29,467,809
29,467,-441
29,473,-776
29,473,805
29,474,-576
29,478,-627
29,478,-555
29,480,-632
29,484,-456
29,523,-705
29,524,-655
29,537,-651
29,569,-447
29,570,-559
29,577,-746
29,580,-747
29,589,-565
29,595,-445
29,597,-601
29,602,-433
29,604,-425
29,609,-473
29,609,-576
29,614,-476
29,619,-552
29,623,-514
29,631,-506
29,636,-558
29,642,653
29,642,655
29,645,-670
29,646,-748
29,648,-499
29,651,677
29,651,-675
29,655,-681
29,655,651
29,655,-734
29,657,-508
29,664,-519
29,674,691
29,677,647
29,678,394
29,683,-709
29,686,687
29,704,598
29,705,645
29,707,598
29,711,625
29,714,355
29,717,356
29,723,348
30,-739,-308
30,-735,-320
30,-733,-310
30,-732,-356
30,-728,-305
30,-725,-335
30,-604,-545
30,-603,-556
30,-600,-595
30,-585,-596
30,-580,-600
30,-577,-594
30,-530,-400
30,-509,-399
30,-447,-557
30,-444,-569
30,-441,-568
30,-439,-536
30,-434,-522
30,-431,-563
30,-426,-573
30,-408,-724
30,-405,-671
30,-394,-692
30,-390,-695
30,-386,-695
30,-371,-663
30,-349,-643
30,-325,-762
30,-293,-596
30,-285,-688
30,-283,-741
30,-281,-718
30,-279,-607
30,-277,-692
30,-275,-697
30,-273,-686
30,-227,-708
30,-199,-847
30,-193,-837
30,-191,-854
30,-180,-863
30,-180,558
30,-179,-864
30,-178,555
30,-178,-861
30,-177,-860
30,-176,543
30,-175,-859
30,-175,-863
30,-174,-862
30,-174,-860
30,-173,-872
30,-171,-845
30,-152,566
30,-147,561
30,-145,556
30,-127,496
30,-124,648
30,-123,501
30,-122,567
30,-119,571
30,-116,469
30,-115,436
30,-108,490
30,-106,570
30,-102,438
30,-97,569
30,-95,738
30,-93,556
30,-91,451
30,-91,704
30,-89,727
30,-82,751
30,-77,565
30,-74,724
30,-72,563
30,-72,695
30,-72,579
30,-67,678
30,-64,707
30,-62,723
30,-61,705
30,-43,722
30,-24,354
30,-8,-757
30,-0,-737
30,0,0
30,1,-728
30,9,-721
30,13,356
30,19,-741
30,20,350
30,21,-757
30,22,346
30,22,615
30,24,331
30,24,625
30,49,391
30,53,-714
30,86,368
30,87,420
30,90,444
30,120,390
30,122,431
30,157,500
30,163,494
30,166,-884
30,166,-883
30,169,-883
30,172,-831
30,175,-877
30,176,-865
30,181,528
30,184,-882
30,194,549
30,196,-847
30,197,519
30,213,561
30,213,553
30,214,360
30,230,551
30,231,550
30,236,337
30,237,550
30,237,542
30,241,539
30,242,385
30,243,377
30,251,395
30,251,397
30,252,389
30,256,336
30,270,287
30,271,280
30,272,-926
30,274,-923
30,280,281
30,287,-928
30,296,422
30,297,432
30,314,529
30,315,-805
30,316,525
30,319,553
30,327,-792
30,332,-803
30,337,283
30,339,278
30,347,304
30,360,319
30,396,311
30,402,-832
30,402,315
30,405,-871
30,407,462
30,423,-860
30,429,497
30,436,374
30,436,387
30,438,380
30,438,356
30,438,388
30,440,423
30,447,-887
30,447,-861
30,450,496
30,454,-878
30,458,467
30,458,384
30,461,499
30,464,-871
30,467,490
30,470,392
30,477,394
30,480,496
30,480,393
30,487,473
30,489,-886
30,506,415
30,518,393
30,525,424
30,529,363
30,536,392
30,542,386
30,556,373
30,556,328
30,557,-779
30,563,-779
30,565,-772
30,568,380
30,573,-780
30,577,-790
30,579,-804
30,583,-784
30,584,-792
30,602,577
30,605,584
30,606,545
30,609,589
30,610,470
30,610,598
30,619,598
30,620,592
30,636,523
30,637,481
30,640,594
30,644,504
30,683,-501
30,684,-497
30,688,-520
30,689,-566
30,700,-522
30,701,-519
30,714,-855
30,718,-668
30,719,-681
30,723,-555
30,727,-875
30,731,-664
30,736,-859
30,737,-857
30,738,-874
30,750,-871
31,-622,12
31,-611,-20
31,-608,-2
31,-605,0
31,-605,0
31,-605,0
31,-605,0
31,-605,1
31,-602,5
31,-602,3
31,-602,3
31,-602,0
31,-602,0
31,-601,-1
31,-601,-1
31,-600,5
31,-600,-5
31,-600,0
31,-600,5
31,-599,-8
31,-596,-10
31,-595,0
31,-595,0
31,-594,0
31,-592,-7
31,-591,-9
31,-591,-7
31,-589,-6
31,-588,-12
31,-588,20
31,-578,-13
31,-575,9
31,-559,4
31,-22,12
31,-11,-20
31,-8,-2
31,-5,0
31,-1,1
31,-1,1
31,-0,5
31,0,-6
31,0,0
31,0,0
31,0,0
31,0,0
31,0,0
31,0,0
31,0,0
31,0,0
31,0,0
31,0,0
31,0,0
31,0,0
31,0,0
31,0,0
31,0,0
31,0,0
31,0,0
31,0,0
31,0,0
31,0,0
31,0,0
31,0,0
31,0,0
31,0,0
31,0,0
31,0,0
31,0,0
31,0,0
31,0,0
31,0,0
31,0,0
31,0,0
31,0,0
31,0,0
31,0,0
31,0,0
31,0,0
31,0,6
31,3,2
31,4,-10
31,5,0
31,5,0
31,9,-8
31,11,-7
31,12,20
31,12,-9
31,13,-8
31,14,-7
31,15,-12
31,22,-13
31,25,9
31,41,4
31,578,12
31,589,-20
31,593,-2
31,595,0
31,596,0
31,596,1
31,596,-2
31,600,5
31,600,-6
31,600,0
31,600,6
31,604,-10
31,605,0
31,605,0
31,608,-7
31,610,-8
31,610,-7
31,610,4
31,611,-6
31,612,20
31,612,-11
31,622,-13
31,625,9
31,641,4
32,-647,521
32,-646,516
32,-645,514
32,-645,523
32,-644,511
32,-643,517
32,-643,517
32,-643,522
32,-643,517
32,-643,511
32,-642,514
32,-641,519
32,-641,510
32,-641,510
32,-641,510
32,-641,510
32,-641,510
32,-640,527
32,-640,513
32,-640,511
32,-640,510
32,-640,510
32,-640,510
32,-640,510
32,-640,510
32,-640,510
32,-640,510
32,-640,514
32,-640,514
32,-640,516
32,-640,516
32,-640,526
32,-639,510
32,-639,510
32,-639,510
32,-639,510
32,-639,510
32,-639,510
32,-637,511
32,-636,512
32,-635,512
32,-7,161
32,-6,156
32,-5,154
32,-5,163
32,-4,151
32,-3,157
32,-3,157
32,-3,162
32,-3,157
32,-3,151
32,-2,154
32,-1,159
32,-1,150
32,-1,150
32,-1,150
32,-1,150
32,-1,150
32,-0,167
32,-0,153
32,-0,151
32,-0,150
32,-0,150
32,-0,150
32,-0,150
32,-0,150
32,-0,150
32,-0,154
32,-0,154
32,-0,156
32,-0,156
32,0,150
32,0,166
32,1,150
32,1,150
32,1,150
32,1,150
32,1,150
32,1,150
32,3,150
32,4,152
32,5,151
32,633,-199
32,634,-203
32,635,-206
32,635,-197
32,635,-209
32,637,-203
32,637,-203
32,637,-198
32,637,-203
32,637,-209
32,638,-205
32,639,-201
32,639,-210
32,639,-210
32,639,-210
32,639,-210
32,639,-210
32,640,-193
32,640,-207
32,640,-209
32,640,-210
32,640,-210
32,640,-210
32,640,-210
32,640,-210
32,640,-210
32,640,-210
32,640,-206
32,640,-206
32,640,-204
32,640,-204
32,640,-194
32,641,-210
32,641,-210
32,641,-210
32,641,-210
32,641,-210
32,641,-210
32,643,-209
32,644,-208
32,645,-208
33,-682,-77
33,-279,-465
33,438,-599
33,461,-580
33,706,24
33,709,22
34,-262,49
35,-434,698
35,-273,-703
36,-520,528
36,-520,528
36,-520,528
36,-520,-511
36,-520,-511
36,0,0
36,0,0
36,0,0
36,0,0
36,0,0
36,0,0
36,0,0
36,0,0
36,0,0
36,0,0
36,0,0
36,0,0
36,0,0
36,0,0
36,0,0
36,0,0
36,0,0
36,0,0
36,0,0
36,0,0
36,0,0
36,0,0
36,0,0
36,0,0
36,0,0
36,0,0
36,0,0
36,0,0
36,0,0
36,0,0
36,0,0
36,0,0
36,0,0
36,0,0
36,0,0
36,0,0
36,0,0
36,0,0
36,0,0
36,0,0
36,0,0
36,0,0
36,0,0
36,0,0
36,520,528
36,520,528
37,-628,-508
37,-628,-412
37,-608,-472
37,-608,-460
37,-608,-448
37,-604,-116
37,-604,440
37,-602,-120
37,-602,160
37,-602,160
37,-600,-124
37,-600,-116
37,-600,436
37,-600,440
37,-600,444
37,-598,-120
37,-598,160
37,-598,160
37,-598,160
37,-596,-116
37,-596,440
37,-592,-512
37,-592,-488
37,-568,-512
37,-568,-488
37,-560,-460
37,-560,-360
37,-560,-360
37,-552,-512
37,-552,-488
37,-552,-488
37,-528,-512
37,-528,-488
37,-512,-472
37,-512,-460
37,-512,-448
37,-492,-508
37,-492,-412
37,-472,152
37,-470,-130
37,-470,426
37,-470,430
37,-468,148
37,-468,148
37,-468,148
37,-460,416
37,-460,-144
37,-460,416
37,-456,-140
37,-456,420
37,-424,420
37,-424,-140
37,-420,416
37,-420,-144
37,-420,416
37,-415,148
37,-414,-134
37,-412,148
37,-412,-136
37,-412,-134
37,-412,148
37,-412,148
37,-410,-130
37,-410,430
37,-408,152
37,-352,-512
37,-352,-508
37,-352,-420
37,-348,-512
37,-330,-430
37,-330,-410
37,-328,-467
37,-328,-460
37,-328,-453
37,-312,149
37,-312,142
37,-312,152
37,-312,408
37,-312,432
37,-308,-140
37,-306,-142
37,-306,-140
37,-300,-152
37,-300,-148
37,-300,-128
37,-300,128
37,-300,128
37,-284,420
37,-282,-442
37,-280,-438
37,-278,-442
37,-260,-152
37,-260,-132
37,-260,-128
37,-260,128
37,-260,128
37,-248,128
37,-248,152
37,-248,408
37,-248,432
37,-232,-467
37,-232,-460
37,-232,-453
37,-230,-430
37,-230,-410
37,-212,-512
37,-208,-512
37,-208,-508
37,-208,-420
37,-152,-150
37,-152,-138
37,-150,-147
37,-150,-133
37,-148,410
37,-148,413
37,-128,-140
37,-124,420
37,-122,-140
37,-122,136
37,-122,136
37,-122,144
37,-122,144
37,-120,144
37,-120,-142
37,-120,-140
37,-120,420
37,-120,420
37,-118,136
37,-118,136
37,-118,144
37,-118,144
37,-116,420
37,-110,-147
37,-110,-133
37,-92,427
37,-92,430
37,-88,-142
37,-88,-130
37,-70,-510
37,-70,-510
37,-70,-410
37,-70,-410
37,-62,-460
37,-62,-460
37,-2,-460
37,0,-460
37,0,0
37,0,0
37,0,0
37,0,0
37,0,0
37,0,0
37,0,0
37,0,0
37,0,0
37,0,0
37,0,0
37,0,0
37,0,0
37,0,0
37,0,0
37,0,0
37,0,0
37,0,0
37,0,0
37,0,0
37,0,0
37,0,0
37,0,0
37,0,0
37,0,0
37,0,0
37,0,0
37,0,0
37,1,1
37,1,1
37,1,1
37,1,1
37,1,1
37,1,1
37,1,1
37,1,1
37,1,1
37,1,1
37,1,1
37,1,1
37,1,1
37,1,1
37,2,-460
37,18,-140
37,20,-138
37,20,140
37,20,140
37,20,152
37,20,152
37,20,428
37,20,430
37,22,-140
37,23,141
37,30,420
37,30,420
37,58,-140
37,58,-135
37,60,-138
37,60,-137
37,60,-135
37,60,140
37,60,148
37,60,152
37,60,152
37,60,430
37,62,-460
37,62,-460
37,62,-140
37,70,-510
37,70,-510
37,70,-410
37,70,-410
37,70,420
37,186,464
37,190,200
37,192,-73
37,193,-88
37,194,480
37,198,-86
37,198,-80
37,198,200
37,199,203
37,200,-82
37,200,-80
37,200,190
37,200,198
37,200,202
37,200,210
37,200,480
37,200,480
37,202,-74
37,202,200
37,206,480
37,207,-72
37,208,-87
37,210,200
37,212,-412
37,220,-490
37,232,-140
37,234,-140
37,236,-140
37,270,-460
37,290,-460
37,328,-92
37,330,-92
37,330,470
37,332,-94
37,332,-92
37,332,-92
37,332,-88
37,332,468
37,334,-135
37,340,-490
37,340,-104
37,340,140
37,340,140
37,340,180
37,340,180
37,340,436
37,341,142
37,344,-100
37,344,460
37,346,-135
37,348,-412
37,370,408
37,372,140
37,372,140
37,374,432
37,375,-106
37,375,-94
37,380,180
37,380,180
37,390,420
37,490,-462
37,490,-462
37,490,-458
37,490,-458
37,490,-414
37,490,-414
37,490,-410
37,490,-410
37,494,-410
37,494,-410
37,498,-530
37,498,-530
37,502,-530
37,502,-530
37,539,-468
37,540,-466
37,541,-466
37,542,-464
37,548,-500
37,548,-500
37,552,-500
37,552,-500
37,556,-460
37,556,-400
37,558,-462
37,558,-458
37,558,-462
37,558,-458
37,558,-402
37,558,-398
37,559,-464
37,559,-456
37,560,-460
37,560,-404
37,560,-400
37,560,-396
37,561,-464
37,561,-456
37,562,-462
37,562,-458
37,562,-402
37,562,-398
37,562,-462
37,562,-458
37,564,-460
37,564,-400
37,568,-500
37,568,-500
37,572,-500
37,572,-500
37,618,-530
37,618,-530
37,622,-530
37,622,-530
37,626,-410
37,626,-410
37,630,-462
37,630,-462
37,630,-458
37,630,-458
37,630,-458
37,630,-414
37,630,-414
37,630,-410
37,630,-410
38,-625,497
38,-618,-342
38,-610,-344
38,-606,-343
38,-604,-373
38,-604,552
38,-602,-369
38,-602,-369
38,-602,-369
38,-600,260
38,-595,-388
38,-595,-388
38,-593,-382
38,-590,511
38,-586,-365
38,-583,-365
38,-575,-369
38,-573,-369
38,-571,-328
38,-570,-347
38,-569,-328
38,-566,237
38,-564,-325
38,-564,573
38,-555,-367
38,-551,-365
38,-550,-355
38,-547,-366
38,-546,544
38,-536,637
38,-533,247
38,-532,-347
38,-531,522
38,-530,-331
38,-523,281
38,-502,30
38,-462,6
38,-460,55
38,-458,46
38,-456,24
38,-448,22
38,-447,-551
38,-436,-531
38,-436,-562
38,-436,-539
38,-435,-554
38,-432,-537
38,-429,-547
38,-429,-28
38,-425,-524
38,-423,-554
38,-418,36
38,-415,-560
38,-410,68
38,-398,-369
38,-397,-527
38,-387,-251
38,-373,-285
38,-359,512
38,-359,237
38,-354,-312
38,-352,245
38,-352,511
38,-343,556
38,-340,285
38,-336,547
38,-336,-292
38,-335,319
38,-330,218
38,-327,195
38,-321,222
38,-320,-270
38,-318,207
38,-318,-319
38,-318,595
38,-309,575
38,-301,498
38,-300,537
38,-295,-345
38,-294,354
38,-275,-292
38,-250,-254
38,-244,533
38,-223,-414
38,-220,-417
38,-203,-485
38,-202,-484
38,-198,-593
38,-195,-595
38,-176,-560
38,-176,-560
38,-151,-507
38,-148,-507
38,-123,-542
38,-120,-518
38,-118,-472
38,-115,-471
38,-108,-577
38,-101,-583
38,-69,-93
38,-64,-93
38,-64,-93
38,-64,-93
38,-43,-111
38,-43,-111
38,-43,-111
38,-43,-109
38,-42,-108
38,-41,-113
38,-41,-110
38,-41,-108
38,-40,-112
38,-40,-109
38,-25,-155
38,-23,-154
38,-22,-153
38,-22,-153
38,-10,-191
38,-9,-192
38,-9,-194
38,-8,-193
38,-8,-191
38,-8,-194
38,-7,-190
38,-7,-197
38,-6,-192
38,-5,-187
38,-2,162
38,0,-212
38,0,0
38,0,0
38,0,0
38,0,0
38,0,0
38,0,0
38,0,0
38,0,0
38,0,0
38,0,138
38,0,138
38,0,-142
38,0,-143
38,1,-141
38,3,-127
38,3,-127
38,3,-127
38,22,-165
38,23,-165
38,23,-166
38,25,-155
38,54,-107
38,54,-107
38,54,-107
38,55,-102
38,59,-105
38,61,-100
38,63,-108
38,63,-96
38,65,-103
38,65,-92
38,68,-87
38,69,-99
38,71,-95
38,71,-91
38,124,-530
38,129,-504
38,138,-496
38,139,-496
38,151,-528
38,183,-554
38,185,-535
38,190,-436
38,195,-446
38,212,-441
38,277,558
38,279,532
38,280,-280
38,284,553
38,289,562
38,294,557
38,313,595
38,313,359
38,316,359
38,317,-331
38,319,359
38,321,-312
38,321,491
38,322,-312
38,326,503
38,327,543
38,328,591
38,331,-314
38,333,517
38,333,565
38,338,560
38,339,-294
38,339,518
38,349,-286
38,350,242
38,350,245
38,350,248
38,361,-546
38,361,541
38,364,321
38,365,-305
38,365,-595
38,366,-586
38,367,321
38,367,536
38,368,-276
38,369,323
38,370,321
38,377,-339
38,388,-508
38,400,-520
38,402,-532
38,405,277
38,405,280
38,405,283
38,412,-550
38,424,-542
38,437,24
38,438,-566
38,448,31
38,449,-590
38,451,32
38,459,13
38,464,39
38,466,14
38,467,11
38,470,-24
38,470,30
38,470,21
38,471,21
38,480,38
38,486,35
38,497,23
38,505,-305
38,520,-320
38,525,288
38,526,289
38,531,283
38,541,-368
38,542,256
38,546,254
38,555,347
38,557,577
38,558,-348
38,559,532
38,560,-346
38,560,555
38,565,347
38,565,554
38,566,562
38,572,597
38,577,-367
38,582,307
38,584,564
38,585,597
38,586,548
38,591,286
38,591,286
38,591,535
38,596,553
38,597,587
38,600,-381
38,616,-380
38,619,-337
38,655,-610
39,-762,133
39,-761,132
39,-748,124
39,-738,86
39,-737,187
39,-735,149
39,-734,209
39,-734,83
39,-731,119
39,-731,115
39,-730,177
39,-728,150
39,-724,149
39,-724,116
39,-721,130
39,-721,181
39,-707,200
39,-706,204
39,-694,202
39,-689,155
39,-683,172
39,-565,325
39,-557,368
39,-557,326
39,-555,331
39,-552,335
39,-552,310
39,-546,359
39,-535,358
39,-526,138
39,-488,333
39,-483,331
39,-482,83
39,-480,329
39,-479,270
39,-478,164
39,-476,286
39,-475,314
39,-473,99
39,-473,109
39,-472,151
39,-464,159
39,-462,288
39,-462,161
39,-462,289
39,-457,105
39,-456,150
39,-455,283
39,-453,79
39,-451,260
39,-450,145
39,-446,271
39,-444,145
39,-444,284
39,-442,274
39,-440,192
39,-439,98
39,-437,154
39,-437,103
39,-436,202
39,-435,195
39,-433,80
39,-433,108
39,-432,152
39,-431,235
39,-429,248
39,-429,215
39,-428,196
39,-422,286
39,-422,203
39,-416,251
39,-408,290
39,-406,79
39,-404,197
39,-404,74
39,-403,202
39,-402,210
39,-399,276
39,-398,278
39,-391,271
39,-381,233
39,-367,256
39,-363,298
39,-363,41
39,-363,318
39,-362,196
39,-362,1
39,-361,122
39,-360,208
39,-359,300
39,-359,31
39,-357,216
39,-353,110
39,-353,196
39,-351,204
39,-351,323
39,-349,97
39,-346,200
39,-346,199
39,-345,30
39,-345,31
39,-344,221
39,-342,97
39,-341,95
39,-340,14
39,-337,202
39,-336,6
39,-335,-7
39,-333,233
39,-326,18
39,-322,41
39,-318,-14
39,-318,152
39,-317,180
39,-316,105
39,-313,129
39,-312,121
39,-310,112
39,-301,122
39,-300,119
39,-296,101
39,-295,58
39,-292,106
39,-292,135
39,-285,102
39,-284,123
39,-283,-64
39,-283,-80
39,-278,-78
39,-274,-56
39,-274,162
39,-273,10
39,-267,-73
39,-262,-17
39,-262,-0
39,-261,6
39,-261,101
39,-259,103
39,-254,27
39,-248,11
39,-248,102
39,-247,30
39,-245,10
39,-245,41
39,-239,-110
39,-237,51
39,-233,-94
39,-233,-68
39,-231,-8
39,-229,-129
39,-226,12
39,-225,-82
39,-224,78
39,-224,-107
39,-223,-6
39,-222,78
39,-221,-133
39,-220,-97
39,-219,-68
39,-216,75
39,-214,-78
39,-213,-5
39,-213,-99
39,-210,-50
39,-207,-9
39,-206,-79
39,-204,124
39,-200,-76
39,-197,-75
39,-195,73
39,-193,-43
39,-192,75
39,-186,-74
39,-177,-123
39,-176,97
39,-176,34
39,-164,-100
39,-163,62
39,-158,-71
39,-158,56
39,-154,96
39,-153,25
39,-152,78
39,-152,20
39,-151,-70
39,-151,-49
39,-150,41
39,-148,-12
39,-140,-88
39,-138,86
39,-138,-84
39,-137,26
39,-135,-112
39,-133,-122
39,-133,78
39,-132,1
39,-131,28
39,-129,-39
39,-128,-39
39,-127,-3
39,-127,167
39,-126,-124
39,-126,-10
39,-126,-72
39,-124,102
39,-122,93
39,-122,153
39,-119,165
39,-117,-73
39,-115,197
39,-111,65
39,-110,85
39,-108,0
39,-108,146
39,-107,142
39,-105,193
39,-102,190
39,-100,76
39,-96,87
39,-96,213
39,-96,89
39,-94,-1
39,-91,168
39,-90,184
39,-82,20
39,-77,146
39,-76,173
39,-70,12
39,-70,151
39,-69,9
39,-69,146
39,-66,40
39,-66,127
39,-66,7
39,-65,12
39,-59,1
39,-58,63
39,-56,162
39,-55,47
39,-55,63
39,-55,186
39,-46,190
39,-45,9
39,-43,178
39,-37,188
39,-31,194
39,-17,33
39,-12,71
39,-9,41
39,-8,46
39,-1,42
39,2,37
39,9,142
39,12,64
39,14,110
39,17,71
39,18,16
39,19,158
39,20,128
39,20,71
39,22,99
39,28,89
39,32,144
39,52,119
39,57,39
39,58,107
39,63,-72
39,63,-72
39,75,63
39,77,19
39,77,20
39,77,19
39,96,61
39,126,48
39,165,9
39,168,55
39,169,19
39,177,-9
39,181,-21
39,185,22
39,185,-23
39,189,43
39,192,21
39,193,154
39,199,108
39,199,-13
39,202,-105
39,203,28
39,205,-32
39,207,100
39,207,44
39,209,134
39,209,-70
39,213,-114
39,214,-135
39,215,-80
39,220,-54
39,221,153
39,230,-111
39,233,157
39,234,143
39,235,90
39,243,141
39,246,-89
39,250,-110
39,252,126
39,252,-151
39,252,149
39,257,-99
39,257,-155
39,258,76
39,259,-97
39,261,-89
39,261,-161
39,265,25
39,265,-149
39,267,175
39,268,-116
39,269,-148
39,273,9
39,275,18
39,277,3
39,278,-105
39,279,5
39,283,-1
39,284,-163
39,287,-56
39,287,129
39,289,5
39,296,46
39,297,-35
39,298,121
39,300,137
39,300,-105
39,302,143
39,303,64
39,303,-106
39,304,-128
39,305,191
39,305,-161
39,311,-18
39,311,44
39,311,3
39,314,104
39,315,75
39,315,-114
39,318,131
39,318,66
39,319,-108
39,319,195
39,321,-7
39,321,-93
39,322,194
39,323,183
39,323,-92
39,324,-109
39,325,2
39,326,121
39,326,103
39,327,46
39,328,187
39,328,63
39,330,-132
39,331,196
39,331,208
39,334,95
39,334,-100
39,336,113
39,336,118
39,337,118
39,337,87
39,342,-64
39,342,78
39,343,108
39,344,117
39,346,115
39,350,-121
39,350,-130
39,354,49
39,357,-124
39,357,141
39,361,-109
39,363,235
39,364,66
39,368,-88
39,370,33
39,370,4
39,377,-30
39,379,-47
39,381,-54
39,384,-74
39,386,41
39,389,50
39,390,169
39,393,128
39,395,-24
39,397,-50
39,398,195
39,400,-34
39,400,180
39,401,-19
39,403,170
39,403,208
39,405,103
39,405,175
39,420,143
39,423,16
39,424,106
39,425,168
39,431,12
39,448,192
39,452,34
39,453,134
39,457,39
39,468,199
39,469,19
39,470,176
39,471,183
39,471,324
39,474,228
39,475,112
39,477,140
39,477,312
39,478,-18
39,479,196
39,481,-19
39,482,-0
39,482,207
39,485,290
39,485,358
39,486,76
39,486,-1
39,488,-47
39,489,11
39,490,363
39,491,349
39,492,166
39,495,308
39,497,130
39,498,61
39,499,154
39,500,242
39,501,344
39,502,-10
39,502,286
39,504,315
39,505,16
39,507,331
39,507,-89
39,507,126
39,508,-35
39,514,-10
39,515,108
39,516,-29
39,516,11
39,517,-17
39,518,18
39,520,126
39,522,146
39,523,228
39,523,125
39,523,362
39,524,358
39,524,-2
39,524,196
39,524,-7
39,525,140
39,525,-69
39,526,303
39,526,-72
39,529,253
39,531,117
39,532,338
39,534,120
39,536,329
39,537,312
39,539,-49
39,539,340
39,541,223
39,542,164
39,543,164
39,545,160
39,546,-45
39,546,114
39,548,302
39,549,334
39,559,363
39,561,359
39,565,297
39,565,293
39,567,333
39,567,251
39,568,301
39,571,190
39,573,145
39,575,151
39,578,252
39,581,131
39,582,235
39,585,255
39,587,196
39,606,-64
39,608,185
39,609,145
39,611,-76
39,613,-86
39,615,-42
39,617,122
39,618,-44
39,628,172
39,629,213
39,633,225
39,634,169
39,634,-32
39,635,155
39,635,-60
39,638,1
39,641,169
39,644,152
39,644,-13
39,654,-77
39,655,-41
39,659,222
39,660,-86
39,669,-17
39,670,-36
39,671,218
39,671,-84
39,677,-40
39,677,-98
39,678,226
39,681,-94
39,681,-112
39,690,-55
39,691,-56
39,711,-59
39,712,-65
39,715,-61
39,724,-64
39,752,366
39,773,362
39,788,358
39,790,354
39,792,357
39,795,280
39,795,365
39,797,325
39,799,290
39,803,273
39,804,321
39,806,287
39,807,293
39,811,295
39,812,352
39,813,323
39,822,333
39,823,353
39,828,310
39,830,346
39,833,362
39,834,342
39,843,324
39,844,347
39,846,-179
39,846,-220
39,849,313
39,860,-198
39,860,-182
39,867,-168
39,870,-178
39,877,-213
39,882,-171
39,890,-237
39,899,-230
39,903,-215
39,904,-283
39,904,-292
39,906,-214
39,910,-275
39,914,-217
39,917,-253
39,922,-262
39,925,-259
39,929,-312
39,937,-276
39,944,-279
39,947,-322
39,951,-324
39,958,-313
40,-566,126
40,-537,61
40,-536,67
40,-533,78
40,-510,33
40,-504,77
40,-503,76
40,-502,77
40,-502,37
40,-502,77
40,-500,77
40,-494,27
40,-493,18
40,-482,81
40,-482,81
40,-481,82
40,-480,23
40,-473,81
40,-472,80
40,-469,16
40,-466,77
40,-458,82
40,-446,-159
40,-440,-263
40,-439,-247
40,-438,-248
40,-438,58
40,-437,69
40,-437,-192
40,-434,-267
40,-424,-171
40,-422,-160
40,-407,-196
40,-403,-221
40,-402,-143
40,-402,-286
40,-400,-266
40,-399,-155
40,-397,-203
40,-391,-221
40,-391,-161
40,-388,26
40,-372,-200
40,-368,19
40,-367,-194
40,-363,242
40,-362,177
40,-362,48
40,-359,-323
40,-356,184
40,-355,-13
40,-354,10
40,-354,-3
40,-353,181
40,-351,7
40,-349,15
40,-349,6
40,-349,-4
40,-347,195
40,-345,231
40,-345,-7
40,-344,42
40,-344,-5
40,-343,161
40,-342,248
40,-340,10
40,-339,194
40,-334,234
40,-333,198
40,-330,254
40,-330,245
40,-325,20
40,-323,248
40,-322,171
40,-321,66
40,-321,59
40,-315,266
40,-314,266
40,-310,62
40,-309,268
40,-309,77
40,-308,104
40,-306,81
40,-304,265
40,-297,25
40,-296,283
40,-293,18
40,-289,27
40,-289,20
40,-287,279
40,-286,68
40,-280,23
40,-249,249
40,-248,-312
40,-245,247
40,-243,-291
40,-242,-281
40,-241,-316
40,-240,234
40,-240,243
40,-239,236
40,-238,-267
40,-235,-284
40,-231,-294
40,-230,-305
40,-226,237
40,-224,100
40,-224,100
40,-223,-279
40,-221,-302
40,-221,-322
40,-220,-310
40,-217,237
40,-216,-287
40,-214,-322
40,-209,-277
40,-200,-316
40,-198,225
40,-193,225
40,-192,221
40,-192,221
40,-175,105
40,-170,234
40,-169,230
40,-166,77
40,-164,80
40,-164,79
40,-161,114
40,-161,73
40,-151,102
40,-149,105
40,-148,106
40,-148,111
40,-147,51
40,-146,49
40,-144,67
40,-143,53
40,-141,70
40,-138,107
40,-137,74
40,-137,81
40,-137,74
40,-133,91
40,-129,-283
40,-124,67
40,-122,72
40,-122,-291
40,-121,-268
40,-118,73
40,-117,37
40,-117,-283
40,-111,-128
40,-109,282
40,-107,274
40,-107,56
40,-106,274
40,-105,274
40,-104,272
40,-103,-268
40,-101,68
40,-98,51
40,-97,58
40,-95,75
40,-94,-182
40,-93,73
40,-87,67
40,-86,-182
40,-85,-183
40,-85,-160
40,-85,-151
40,-84,-152
40,-84,-310
40,-83,61
40,-83,-325
40,-80,-107
40,-79,-108
40,-79,-196
40,-78,36
40,-78,-321
40,-78,-326
40,-76,-278
40,-75,-136
40,-73,-152
40,-72,-175
40,-69,-191
40,-68,-203
40,-67,-202
40,-66,-185
40,-63,-151
40,-62,-129
40,-60,271
40,-59,-326
40,-57,-312
40,-57,-317
40,-56,-318
40,-55,-311
40,-55,-312
40,-55,279
40,-53,-210
40,-53,-210
40,-51,261
40,-51,-290
40,-50,280
40,-48,-290
40,-44,31
40,-43,19
40,-40,-287
40,-39,268
40,-37,-287
40,-37,18
40,-34,47
40,-34,266
40,-31,-129
40,-30,-249
40,-30,-40
40,-29,15
40,-28,-191
40,-28,30
40,-28,248
40,-27,-40
40,-22,260
40,-21,-106
40,-21,-33
40,-20,-232
40,-15,-227
40,-13,-232
40,-12,1
40,-12,-105
40,-12,19
40,-12,-169
40,-11,-323
40,-9,-123
40,-8,70
40,-8,-77
40,-7,-68
40,-7,-299
40,-6,-200
40,-6,68
40,-6,-270
40,-3,66
40,-2,-82
40,-2,-141
40,-1,-83
40,-1,59
40,-1,-127
40,0,21
40,1,-170
40,2,80
40,2,-314
40,2,-28
40,2,-26
40,2,-166
40,4,-220
40,7,-53
40,7,-292
40,7,-203
40,8,-301
40,8,59
40,9,230
40,11,-147
40,12,-302
40,13,-143
40,14,-291
40,16,-83
40,16,-111
40,19,-146
40,19,-170
40,20,48
40,20,214
40,21,27
40,22,-102
40,22,214
40,22,-124
40,22,213
40,22,13
40,24,-4
40,25,-225
40,28,-126
40,28,-276
40,28,-260
40,29,-282
40,29,-285
40,30,-262
40,32,23
40,32,204
40,35,-265
40,36,56
40,36,-33
40,36,-6
40,36,8
40,38,-117
40,38,-176
40,40,-52
40,40,-270
40,41,-48
40,42,40
40,43,-6
40,45,-169
40,45,-169
40,45,16
40,47,8
40,49,128
40,49,-198
40,49,-9
40,51,-39
40,51,166
40,52,167
40,52,108
40,52,88
40,54,144
40,55,-32
40,55,92
40,55,139
40,55,-198
40,55,83
40,57,79
40,57,80
40,61,81
40,61,-181
40,62,133
40,63,130
40,63,146
40,64,125
40,65,158
40,76,174
40,78,-16
40,79,-57
40,79,182
40,81,-188
40,82,-195
40,84,159
40,84,179
40,87,-10
40,91,43
40,93,-41
40,95,127
40,95,77
40,96,-45
40,99,86
40,101,14
40,102,152
40,103,18
40,104,10
40,107,-34
40,107,-15
40,107,-14
40,107,-34
40,108,33
40,108,28
40,110,164
40,111,91
40,113,80
40,115,6
40,115,20
40,115,174
40,121,-48
40,122,-39
40,122,13
40,129,-22
40,141,80
40,146,77
40,164,-64
40,166,87
40,169,100
40,170,148
40,171,15
40,172,4
40,175,-99
40,176,100
40,177,140
40,177,-105
40,179,-92
40,181,2
40,181,-79
40,188,109
40,189,10
40,189,110
40,191,41
40,192,-31
40,193,-77
40,194,229
40,194,228
40,195,-5
40,195,244
40,196,230
40,199,240
40,204,-10
40,205,94
40,205,166
40,206,230
40,206,151
40,206,117
40,209,-67
40,209,87
40,210,73
40,210,-72
40,211,227
40,212,164
40,213,6
40,214,221
40,217,-83
40,218,155
40,220,144
40,223,31
40,226,218
40,227,39
40,227,204
40,228,17
40,229,112
40,231,19
40,233,24
40,237,245
40,240,216
40,241,4
40,241,156
40,243,138
40,246,-99
40,248,25
40,248,-83
40,249,226
40,251,-93
40,254,-112
40,260,-125
40,273,-113
40,274,-117
40,275,205
40,283,49
40,293,-43
40,296,-121
40,296,19
40,297,-54
40,297,87
40,297,144
40,297,1
40,298,27
40,298,280
40,302,-61
40,304,139
40,307,208
40,307,299
40,308,302
40,308,307
40,313,181
40,315,170
40,316,181
40,318,185
40,319,70
40,320,82
40,321,207
40,321,50
40,323,211
40,327,-52
40,327,-137
40,328,34
40,329,207
40,332,-119
40,334,329
40,335,74
40,338,215
40,338,85
40,339,203
40,339,193
40,343,10
40,349,122
40,353,-29
40,353,139
40,354,-45
40,354,269
40,355,112
40,356,128
40,359,59
40,359,125
40,360,-55
40,360,138
40,361,-53
40,363,303
40,364,158
40,365,247
40,366,-136
40,367,-63
40,367,-62
40,367,-122
40,368,-222
40,368,-29
40,370,80
40,372,262
40,373,74
40,374,35
40,375,111
40,377,123
40,380,332
40,380,295
40,381,-161
40,382,315
40,387,167
40,392,-162
40,393,-222
40,394,-114
40,395,79
40,397,72
40,398,-89
40,399,-157
40,400,-136
40,400,-93
40,402,-106
40,402,-195
40,402,220
40,402,-132
40,405,-193
40,407,-200
40,409,137
40,412,171
40,413,-101
40,413,81
40,413,-112
40,413,-103
40,413,222
40,414,-234
40,414,74
40,415,-213
40,416,199
40,417,167
40,419,85
40,420,252
40,421,127
40,423,-218
40,426,-241
40,427,-216
40,428,156
40,429,-240
40,429,80
40,432,227
40,436,-247
40,438,158
40,439,128
40,444,-40
40,446,-322
40,447,232
40,450,-82
40,451,-242
40,476,-22
40,483,8
40,484,-29
40,485,-7
40,488,-37
40,490,19
40,504,-37
40,508,-33
40,510,-35
40,511,-32
40,515,8
40,520,-39
40,525,12
40,525,-8
40,525,8
40,526,3
40,526,3
40,559,-281
40,560,-265
40,564,-236
40,569,-259
40,574,-219
40,575,-222
40,576,-292
40,576,-269
40,577,-230
40,581,-288
40,584,-247
40,584,-240
40,594,-255
40,595,-300
40,597,-242
40,599,-244
40,600,-263
40,605,-276
40,614,-256
40,620,-259
40,621,-261
41,-539,411
41,-518,368
41,-512,367
41,-487,407
41,-487,406
41,-483,357
41,-482,411
41,-475,367
41,-471,399
41,-470,363
41,-467,410
41,-354,445
41,-342,430
41,-342,435
41,-339,435
41,-339,462
41,-337,38
41,-336,432
41,-334,51
41,-333,53
41,-315,443
41,-314,451
41,-310,442
41,-303,462
41,-302,488
41,-302,482
41,-300,493
41,-300,21
41,-294,17
41,-282,78
41,-281,84
41,-281,64
41,-279,492
41,-276,35
41,-273,492
41,-272,35
41,-265,28
41,-264,23
41,-264,39
41,-260,320
41,-260,320
41,-258,56
41,-256,312
41,-252,321
41,-247,372
41,-243,199
41,-243,196
41,-242,203
41,-241,198
41,-241,255
41,-240,201
41,-240,388
41,-239,234
41,-238,372
41,-235,376
41,-233,242
41,-232,248
41,-230,358
41,-230,237
41,-227,338
41,-227,191
41,-227,312
41,-225,370
41,-225,317
41,-225,232
41,-224,338
41,-223,336
41,-223,434
41,-222,241
41,-221,331
41,-221,326
41,-218,333
41,-217,445
41,-216,368
41,-216,414
41,-216,367
41,-215,194
41,-211,229
41,-211,23
41,-211,172
41,-210,371
41,-210,397
41,-209,223
41,-209,271
41,-209,24
41,-208,20
41,-207,17
41,-207,127
41,-206,277
41,-206,19
41,-205,109
41,-205,105
41,-204,26
41,-204,262
41,-203,-3
41,-203,272
41,-203,131
41,-200,-6
41,-200,104
41,-199,-0
41,-199,117
41,-198,78
41,-197,389
41,-196,100
41,-196,-0
41,-196,125
41,-195,316
41,-194,184
41,-194,320
41,-193,208
41,-193,44
41,-193,77
41,-191,87
41,-191,39
41,-190,63
41,-189,41
41,-188,-23
41,-188,266
41,-188,349
41,-187,235
41,-187,316
41,-187,310
41,-186,66
41,-186,301
41,-185,98
41,-185,320
41,-183,351
41,-183,229
41,-182,316
41,-182,214
41,-182,63
41,-180,325
41,-180,359
41,-179,281
41,-179,215
41,-177,265
41,-176,75
41,-174,192
41,-174,280
41,-173,361
41,-172,238
41,-171,363
41,-170,69
41,-169,276
41,-168,233
41,-166,362
41,-163,215
41,-161,257
41,-159,350
41,-159,206
41,-159,61
41,-159,207
41,-156,207
41,-156,218
41,-156,336
41,-150,295
41,-150,214
41,-150,265
41,-148,326
41,-147,234
41,-146,335
41,-145,301
41,-145,309
41,-143,265
41,-141,320
41,-140,265
41,-140,254
41,-140,297
41,-140,299
41,-139,351
41,-139,298
41,-139,306
41,-138,24
41,-136,221
41,-136,344
41,-135,320
41,-135,212
41,-134,340
41,-134,345
41,-133,19
41,-131,231
41,-129,349
41,-129,204
41,-128,276
41,-124,19
41,-124,313
41,-123,275
41,-122,21
41,-122,291
41,-120,227
41,-120,392
41,-112,369
41,-111,284
41,-109,385
41,-108,281
41,-108,244
41,-107,376
41,-105,248
41,-103,251
41,-103,253
41,-102,267
41,-102,186
41,-101,370
41,-99,246
41,-98,246
41,-96,372
41,-96,274
41,-96,181
41,-93,284
41,-92,277
41,-90,18
41,-86,249
41,-85,177
41,-84,18
41,-84,234
41,-79,18
41,-79,183
41,-79,245
41,-78,18
41,-64,40
41,-63,43
41,-62,-62
41,-61,48
41,-60,57
41,-60,170
41,-56,-13
41,-55,140
41,-54,142
41,-54,138
41,-53,-11
41,-49,-16
41,-43,-23
41,-40,263
41,-39,-58
41,-30,260
41,-30,-66
41,-29,258
41,-28,259
41,-27,-69
41,-14,-89
41,-12,-89
41,-9,-61
41,-7,294
41,-7,-95
41,-6,328
41,-5,-67
41,-4,285
41,-2,284
41,-2,-97
41,-1,-8
41,4,309
41,4,-83
41,6,244
41,6,205
41,10,-26
41,12,-48
41,13,204
41,14,-49
41,15,203
41,16,141
41,17,136
41,20,-38
41,21,142
41,21,157
41,21,249
41,22,-7
41,22,-65
41,23,211
41,23,244
41,23,202
41,25,246
41,25,220
41,25,-48
41,26,-14
41,27,244
41,27,-53
41,27,-89
41,27,-87
41,27,-39
41,27,209
41,28,-57
41,28,286
41,29,-20
41,30,-19
41,30,-64
41,31,-94
41,31,-24
41,33,223
41,34,285
41,35,-99
41,35,275
41,37,-5
41,37,248
41,37,277
41,38,-6
41,39,6
41,42,250
41,43,250
41,45,247
41,46,-1
41,46,258
41,46,256
41,47,203
41,48,-11
41,52,5
41,52,-93
41,54,246
41,54,226
41,54,-34
41,57,206
41,57,-11
41,58,-40
41,60,197
41,61,-55
41,62,205
41,64,185
41,66,197
41,66,215
41,70,20
41,72,18
41,73,11
41,74,-56
41,75,48
41,75,242
41,75,61
41,75,61
41,76,26
41,76,-17
41,77,16
41,79,66
41,80,-61
41,81,192
41,82,19
41,82,54
41,83,31
41,84,30
41,84,60
41,85,-56
41,86,66
41,87,233
41,87,29
41,88,79
41,89,154
41,91,-11
41,91,-21
41,92,76
41,93,175
41,93,40
41,94,164
41,95,72
41,95,40
41,95,-14
41,96,-291
41,100,-303
41,101,-325
41,101,142
41,102,75
41,102,-9
41,103,-264
41,103,-13
41,103,140
41,103,43
41,103,174
41,104,171
41,105,37
41,105,60
41,105,162
41,106,-339
41,109,-258
41,110,154
41,111,164
41,111,103
41,113,21
41,113,53
41,115,17
41,117,-5
41,117,36
41,117,88
41,118,35
41,119,24
41,119,106
41,120,47
41,122,55
41,122,96
41,123,156
41,125,80
41,126,103
41,126,-6
41,126,165
41,136,94
41,136,18
41,137,33
41,140,53
41,140,-438
41,142,-17
41,145,-345
41,146,-248
41,146,-250
41,147,151
41,148,143
41,149,78
41,149,152
41,150,-360
41,151,-361
41,151,148
41,152,-404
41,152,-20
41,152,-241
41,153,151
41,153,-405
41,153,54
41,153,-402
41,153,-206
41,153,146
41,154,-203
41,154,-359
41,155,148
41,155,-405
41,156,49
41,158,148
41,158,59
41,158,71
41,159,151
41,159,-20
41,161,70
41,163,142
41,163,143
41,167,74
41,169,106
41,170,107
41,178,-207
41,179,123
41,179,113
41,180,118
41,190,122
41,190,112
41,197,-175
41,198,-169
41,200,-169
41,201,-21
41,208,-20
41,218,-102
41,218,-97
41,220,-115
41,221,-121
41,221,-18
41,222,-78
41,225,-62
41,232,-20
41,232,-61
41,246,-60
42,-113,-49
42,-111,-53
42,-110,48
42,-110,-36
42,-109,-39
42,-107,-43
42,-106,-38
42,-106,53
42,-105,49
42,-105,54
42,-103,50
42,-103,47
42,-101,53
42,-100,-45
42,-98,49
42,-97,21
42,-97,4
42,-97,24
42,-97,-17
42,-97,-12
42,-96,-17
42,-91,-26
42,-90,26
42,-89,-57
42,-88,44
42,-88,4
42,-87,61
42,-86,8
42,-86,-41
42,-86,-41
42,-86,38
42,-85,11
42,-85,-6
42,-81,71
42,-80,-63
42,-80,-69
42,-79,7
42,-76,14
42,-75,70
42,-74,1
42,-74,-6
42,-72,-6
42,-60,-45
42,-48,42
42,-46,42
42,-45,-43
42,-44,44
42,-38,-42
42,-35,33
42,-34,-34
42,-26,15
42,-24,20
42,-23,-13
42,-22,-14
42,-22,-14
42,-19,-18
42,-17,21
42,-17,-21
42,-13,21
42,-12,-24
42,-12,-24
42,-2,35
42,0,34
42,1,150
42,1,26
42,1,149
42,2,150
42,2,150
42,2,150
42,2,150
42,2,150
42,2,150
42,5,-24
42,13,-21
42,15,-18
42,20,-17
42,20,-18
42,23,-12
42,24,44
42,26,-7
42,26,-2
42,27,-5
42,27,-3
42,29,-8
42,30,44
42,32,-35
42,34,-33
42,35,32
42,43,-41
42,44,41
42,58,45
42,58,46
42,58,-43
42,73,5
42,74,-65
42,75,64
42,75,26
42,75,-69
42,76,-24
42,77,1
42,77,29
42,78,-68
42,79,40
42,80,60
42,80,-73
42,81,-42
42,83,34
42,83,-32
42,84,73
42,84,-64
42,85,64
42,85,-34
42,86,64
42,96,-47
42,98,43
42,98,-46
42,98,13
42,99,-7
42,99,7
42,101,-38
42,101,-46
42,103,33
42,103,52
42,109,-46
42,109,56
42,113,-41
42,113,46
42,114,50
45,-475,-89
45,-471,-155
45,-460,-132
45,-460,-132
45,-452,-122
45,-451,-95
45,-448,-168
45,-444,-71
45,-441,-200
45,-441,-89
45,-439,-117
45,-436,-176
45,-430,-190
45,-427,-180
45,-427,-180
45,-422,-192
45,-382,421
45,-372,386
45,-361,421
45,-355,251
45,-349,248
45,-349,392
45,-347,442
45,-345,364
45,-342,408
45,-339,251
45,-337,382
45,-336,256
45,-336,442
45,-335,255
45,-326,239
45,-325,432
45,-325,239
45,-323,235
45,-320,405
45,-319,241
45,-316,273
45,-316,442
45,-316,246
45,-314,277
45,-311,478
45,-309,401
45,-309,369
45,-309,264
45,-308,457
45,-299,422
45,-298,268
45,-293,278
45,-293,246
45,-289,450
45,-286,410
45,-284,524
45,-282,74
45,-279,246
45,-279,126
45,-276,511
45,-275,547
45,-273,46
45,-272,-565
45,-272,-582
45,-269,452
45,-267,-542
45,-267,94
45,-266,-546
45,-265,-506
45,-265,-503
45,-264,520
45,-261,-504
45,-259,98
45,-257,467
45,-257,497
45,-256,544
45,-253,-515
45,-252,544
45,-252,-511
45,-246,76
45,-245,-561
45,-245,502
45,-244,-491
45,-242,-358
45,-241,68
45,-239,-344
45,-238,86
45,-236,-574
45,-235,-336
45,-235,553
45,-235,66
45,-234,-603
45,-234,582
45,-233,-22
45,-233,71
45,-233,-523
45,-233,-326
45,-232,-564
45,-232,41
45,-231,522
45,-229,72
45,-229,70
45,-228,46
45,-226,45
45,-225,14
45,-225,519
45,-224,-337
45,-224,35
45,-223,67
45,-222,550
45,-220,-299
45,-220,-514
45,-218,555
45,-217,12
45,-216,495
45,-213,-317
45,-206,509
45,-196,-525
45,-195,537
45,-195,-165
45,-194,-544
45,-188,-286
45,-156,-93
45,-147,435
45,-147,373
45,-147,-94
45,-137,408
45,-136,432
45,-135,-126
45,-133,474
45,-131,433
45,-130,72
45,-129,478
45,-128,-79
45,-128,420
45,-128,374
45,-127,239
45,-126,253
45,-125,385
45,-124,368
45,-123,60
45,-122,477
45,-121,364
45,-119,40
45,-118,248
45,-117,15
45,-117,217
45,-115,404
45,-111,455
45,-111,196
45,-109,367
45,-108,-143
45,-108,5
45,-108,257
45,-107,209
45,-107,184
45,-106,253
45,-105,44
45,-104,28
45,-104,226
45,-104,-109
45,-103,404
45,-103,248
45,-103,-2
45,-102,393
45,-101,-109
45,-99,75
45,-98,461
45,-97,447
45,-96,62
45,-95,61
45,-95,42
45,-94,242
45,-93,187
45,-92,-101
45,-91,-155
45,-91,395
45,-90,227
45,-90,24
45,-89,-81
45,-89,22
45,-88,-128
45,-83,-91
45,-83,-352
45,-82,191
45,-81,-102
45,-81,-130
45,-79,-392
45,-77,25
45,-76,-435
45,-75,-121
45,-75,-407
45,-74,-411
45,-74,401
45,-73,-130
45,-67,36
45,-67,29
45,-66,-91
45,-66,-71
45,-62,-124
45,-62,-393
45,-61,-378
45,-61,-157
45,-61,-348
45,-61,72
45,-60,-132
45,-59,-370
45,-57,-129
45,-55,-353
45,-51,-389
45,-51,233
45,-46,-0
45,-45,-369
45,-42,34
45,-40,-140
45,-39,-380
45,-35,248
45,-28,26
45,-27,248
45,-18,229
45,-18,226
45,-15,281
45,-13,259
45,0,0
45,0,0
45,0,0
45,0,0
45,0,0
45,0,0
45,0,0
45,0,0
45,0,0
45,0,0
45,0,0
45,0,0
45,0,0
45,0,0
45,0,0
45,0,0
45,0,0
45,3,247
45,6,243
45,14,270
45,22,285
45,27,263
45,28,286
45,29,231
45,29,231
45,30,282
45,31,-29
45,35,237
45,36,251
45,49,-29
45,62,-47
45,67,-7
45,69,37
45,69,-75
45,71,-74
45,71,-51
45,74,-58
45,74,-435
45,74,-51
45,78,-56
45,80,278
45,85,-7
45,85,21
45,86,-464
45,88,-471
45,90,13
45,91,10
45,96,-158
45,96,-151
45,97,10
45,103,400
45,104,3
45,105,-469
45,105,-63
45,110,343
45,113,36
45,113,-454
45,118,-154
45,119,42
45,120,318
45,121,-458
45,122,-266
45,122,-140
45,123,372
45,125,25
45,126,-123
45,128,-7
45,131,-128
45,133,344
45,133,-451
45,133,-465
45,134,-140
45,135,355
45,137,-125
45,138,29
45,139,-669
45,141,-471
45,142,-449
45,144,387
45,145,285
45,146,-145
45,147,-19
45,150,15
45,151,-475
45,152,-56
45,153,23
45,155,383
45,157,24
45,158,-672
45,158,-135
45,160,-30
45,160,-15
45,160,0
45,161,431
45,163,-477
45,163,271
45,164,8
45,168,403
45,169,-160
45,169,-152
45,171,-658
45,173,-677
45,174,-649
45,175,447
45,177,-638
45,178,-675
45,179,31
45,180,18
45,181,-162
45,181,268
45,182,-137
45,182,-664
45,184,12
45,185,4
45,189,448
45,190,-153
45,190,442
45,193,-642
45,193,404
45,196,400
45,196,415
45,196,252
45,196,277
45,197,243
45,200,436
45,202,433
45,203,388
45,206,254
45,206,251
45,207,-159
45,211,400
45,214,439
45,218,-120
45,220,433
45,224,435
45,228,263
45,233,401
45,235,352
45,237,-156
45,237,276
45,242,278
45,250,250
45,251,221
45,253,336
45,253,291
45,253,419
45,264,356
45,264,399
45,280,264
45,281,239
45,282,217
45,283,274
45,284,-343
45,284,359
45,288,255
45,290,238
45,290,227
45,295,235
45,302,-323
45,305,227
45,311,462
45,317,-518
45,318,487
45,324,487
45,325,436
45,328,472
45,329,-326
45,330,496
45,334,262
45,337,486
45,348,503
45,349,481
45,352,-464
45,361,506
45,362,499
45,364,-463
45,366,-476
45,366,-370
45,368,-421
45,370,-375
45,370,511
45,374,-408
45,374,-424
45,376,522
45,377,-413
45,377,-448
45,378,-383
45,384,520
45,389,-447
45,389,-427
45,391,-417
45,392,500
45,392,512
45,398,505
45,407,-397
45,2228,-157
46,-5,12
46,-2,23
46,-1,21
46,-1,19
46,1,17
46,1,1
46,1,1
46,1,1
46,1,1
46,1,1
46,1,1
46,1,1
46,2,11
46,5,12
46,5,5
47,-5,15
47,-3,5
47,-1,19
47,-1,16
47,1,1
47,1,1
47,1,1
47,1,1
47,1,1
47,1,1
47,1,1
47,1,23
47,2,13
47,9,9
47,9,9
48,-91,57
48,-91,57
48,-91,57
48,-91,57
48,-91,57
48,-91,57
48,-91,57
48,-91,57
48,-91,57
48,-91,57
48,-91,57
48,-91,57
48,-91,57
48,-91,57
48,-91,57
48,-91,57
48,-91,57
48,-91,57
48,-91,57
48,-91,57
48,-91,57
48,-91,57
48,-91,57
48,-91,57
48,-91,57
48,-91,57
48,-91,57
48,-91,57
48,-91,57
48,-91,57
48,-91,57
48,-91,57
48,-91,57
48,-91,57
48,-91,57
48,-91,57
48,-91,57
48,-91,57
48,-91,57
48,-91,57
48,-91,57
48,-91,57
48,-91,57
48,-91,57
48,-91,57
48,-91,57
48,-91,57
48,-91,57
48,-91,57
48,-91,57
48,-91,57
48,-91,57
48,-91,57
48,-91,57
48,-91,57
48,-91,57
48,-91,57
48,-91,57
48,-91,57
48,-91,57
48,-91,57
48,-91,57
48,-91,57
48,-91,57
48,-91,57
48,-91,57
48,-91,57
48,-91,57
48,-91,57
48,-91,57
48,-91,57
48,-91,57
48,-91,57
48,-91,57
48,-91,57
48,-91,57
48,-91,57
48,-91,57
48,-91,57
48,-91,57
48,-91,57
48,-91,57
48,-91,57
48,-91,57
48,-91,57
48,-91,57
48,-91,57
48,-91,57
48,-91,57
48,-91,57
48,-91,57
48,-91,57
48,-91,57
48,-91,57
48,-91,57
48,-91,57
48,-91,57
48,-91,57
48,-91,57
48,-91,57
48,-91,57
48,-91,57
48,-91,57
48,-91,57
48,-91,57
48,-91,57
48,-91,57
48,-91,57
48,-91,57
48,-91,57
48,-91,57
48,-91,57
48,-91,57
48,-91,57
48,-91,57
48,-91,57
48,-91,57
48,-91,57
48,-91,57
48,-91,57
48,-91,57
48,-91,57
48,-91,57
48,-91,57
48,-91,57
48,-91,57
48,-91,57
48,-91,57
48,-91,57
48,-91,57
48,-91,57
48,-91,57
48,-91,57
48,-91,57
48,-91,57
48,-91,57
48,-91,57
48,-91,57
48,-91,57
48,-91,57
48,-91,57
48,-91,57
48,-91,57
48,-91,57
48,-91,57
48,-91,57
48,-91,57
48,-91,57
48,-91,57
48,-91,57
48,-91,57
48,-91,57
48,-91,57
48,-91,57
48,-91,57
48,-91,57
48,-91,57
48,-91,57
48,-91,57
48,-91,57
48,-91,57
48,-91,57
48,-91,57
48,-91,57
48,-91,57
48,-91,57
48,-91,57
48,-91,57
48,-91,57
48,-91,57
48,-91,57
48,-91,57
48,-91,57
48,-91,57
48,-91,57
48,-91,57
48,-91,57
48,-91,57
48,-91,57
48,-91,57
48,-91,57
48,-91,57
48,-91,57
48,-91,57
48,-91,57
48,-91,57
48,-91,57
48,-91,57
48,-91,57
48,-91,57
48,-91,57
48,-91,57
48,-91,57
48,-91,57
48,-91,57
48,-91,57
48,-91,57
48,-91,57
48,-91,57
48,-91,57
48,-91,57
48,-91,57
48,-91,57
48,-91,57
48,-91,57
48,-91,57
48,-91,57
48,-91,57
48,-91,57
48,-91,57
48,-91,57
48,-91,57
48,-91,57
48,-91,57
48,-91,57
48,-91,57
48,-91,57
48,-91,57
48,-91,57
48,-91,57
48,-91,57
48,-91,57
48,-91,57
48,-91,57
48,-91,57
48,-91,57
48,-91,57
48,-91,57
48,-91,57
48,-91,57
48,-91,57
48,-91,57
48,-91,57
48,-91,57
48,-91,57
48,-91,57
48,-91,57
48,-91,57
48,-91,57
48,-91,57
48,-91,57
48,-91,57
48,-91,57
48,-91,57
48,-91,57
48,-91,57
48,-91,57
48,-91,57
48,-91,57
48,-91,57
48,-91,57
48,-91,57
48,-91,57
48,-91,57
48,-91,57
48,-91,57
48,-91,57
48,-91,57
48,-91,57
48,-91,57
48,-91,57
48,-91,57
48,-91,57
48,-91,57
48,-91,57
48,-91,57
48,-91,57
48,-91,57
48,-91,57
48,-91,57
48,-91,57
48,-91,57
48,-91,57
48,-91,57
48,-91,57
48,-61,40
48,-54,-51
48,-53,-34
48,-53,-125
48,-53,-115
48,-51,-50
48,-50,-37
48,-49,-107
48,-45,-109
48,-40,-115
48,-40,-12
48,-40,61
48,-38,-108
48,-35,-111
48,-32,-26
48,-32,26
48,-30,-42
48,-28,37
48,-27,31
48,-27,-113
48,-25,-37
48,-20,57
48,-20,-42
48,-20,-44
48,-20,25
48,-16,25
48,-15,27
48,-13,42
48,-12,-40
48,-12,40
48,-7,56
48,0,0
48,0,0
48,0,0
48,0,0
48,0,0
48,0,0
48,0,0
48,0,0
48,0,0
48,0,0
48,0,0
48,0,0
48,0,0
48,1,1
48,13,-52
48,25,-38
48,26,-40
48,26,128
48,30,-32
48,35,-41
48,36,117
48,37,47
48,37,-37
48,38,137
48,40,12
48,40,92
48,42,-30
48,44,115
48,46,39
48,47,26
48,48,31
48,48,47
48,53,44
48,55,142
48,55,147
48,57,46
48,60,40
48,66,44
48,67,36
48,89,62
48,92,36
51,-824,101
51,-819,121
51,-816,113
51,-814,160
51,-805,100
51,-803,130
51,-776,115
51,-761,197
51,-743,-511
51,-742,-538
51,-739,220
51,-725,199
51,-714,-494
51,-697,-123
51,-694,-148
51,-688,-156
51,-685,-115
51,-683,-147
51,-682,-160
51,-678,-155
51,-678,-116
51,-677,-493
51,-675,180
51,-671,-162
51,-658,-472
51,-653,-132
51,-646,-512
51,-645,-102
51,-644,-313
51,-642,138
51,-641,-482
51,-641,-166
51,-641,-134
51,-637,-122
51,-630,-131
51,-622,-181
51,-618,-139
51,-615,-206
51,-609,-362
51,-603,-170
51,-596,-199
51,-581,162
51,-572,-335
51,-565,-324
51,-560,-360
51,-556,156
51,-550,157
51,-540,-82
51,-539,81
51,-539,157
51,-537,59
51,-537,103
51,-536,45
51,-533,43
51,-533,-77
51,-528,-54
51,-528,20
51,-523,162
51,-520,-77
51,-519,-362
51,-519,9
51,-517,-82
51,-517,148
51,-515,-782
51,-511,43
51,-510,24
51,-510,-778
51,-509,60
51,-506,159
51,-505,-439
51,-500,152
51,-499,-476
51,-499,43
51,-498,175
51,-497,40
51,-495,58
51,-489,-739
51,-484,-500
51,-481,-696
51,-478,-478
51,-468,-449
51,-463,-480
51,-461,-492
51,-460,-501
51,-456,60
51,-455,-464
51,-437,385
51,-435,59
51,-433,411
51,-432,383
51,-426,396
51,-421,59
51,-421,231
51,-421,417
51,-420,91
51,-419,258
51,-417,231
51,-416,280
51,-403,284
51,-402,241
51,-401,269
51,-395,284
51,-394,263
51,-389,300
51,-382,293
51,-379,-480
51,-369,100
51,-353,419
51,-340,393
51,-337,676
51,-334,612
51,-326,94
51,-325,-521
51,-323,419
51,-323,585
51,-322,-512
51,-322,83
51,-320,-524
51,-315,-520
51,-311,595
51,-306,580
51,-299,607
51,-297,500
51,-296,80
51,-294,592
51,-290,402
51,-286,389
51,-286,408
51,-282,-1
51,-278,395
51,-276,403
51,-270,407
51,-269,418
51,-263,396
51,-253,-22
51,-253,349
51,-250,414
51,-247,74
51,-240,32
51,-240,398
51,-239,-401
51,-237,366
51,-235,86
51,-228,-417
51,-228,-394
51,-228,55
51,-222,-396
51,-219,75
51,-218,86
51,-216,363
51,-214,25
51,-213,-395
51,-205,-403
51,-204,60
51,-203,-413
51,-203,-395
51,-199,-419
51,-199,-410
51,-198,100
51,-194,14
51,-190,-413
51,-189,62
51,-182,-399
51,-180,-415
51,-179,-460
51,-179,-442
51,-179,74
51,-178,-487
51,-176,-504
51,-174,-514
51,-173,-528
51,-171,-545
51,-161,14
51,-147,18
51,-134,18
51,-122,379
51,-104,-539
51,-103,-541
51,-102,49
51,-102,34
51,-101,-534
51,-100,-486
51,-100,24
51,-100,53
51,-89,-459
51,-86,-561
51,-85,-348
51,-85,-336
51,-85,420
51,-84,-344
51,-84,-323
51,-83,-574
51,-81,-378
51,-80,-593
51,-77,-352
51,-71,-576
51,-70,-318
51,-66,-585
51,-64,-564
51,-60,-457
51,-60,-270
51,-59,-425
51,-56,-639
51,-54,-353
51,-45,-303
51,-43,-337
51,-41,-321
51,-41,-106
51,-37,-81
51,-37,-106
51,-27,-335
51,-18,-260
51,-13,-314
51,-12,-332
51,-7,-77
51,-1,-63
51,0,0
51,0,0
51,0,-294
51,1,39
51,1,1
51,1,1
51,1,1
51,1,1
51,1,1
51,1,1
51,2,-302
51,2,-282
51,2,21
51,6,-290
51,9,379
51,10,-300
51,12,-263
51,23,18
51,67,31
51,91,26
51,96,-257
51,101,41
51,104,49
51,105,-239
51,115,358
51,119,297
51,121,325
51,123,-250
51,133,304
51,138,296
51,139,299
51,140,301
51,142,284
51,143,-232
51,144,357
51,146,317
51,152,294
51,152,364
51,154,303
51,157,122
51,159,354
51,163,304
51,164,341
51,169,277
51,169,294
51,175,280
51,176,88
51,181,-77
51,181,-63
51,184,-95
51,185,277
51,188,143
51,195,-95
51,197,101
51,203,-74
51,203,279
51,207,294
51,219,-59
51,220,-80
51,232,96
51,235,76
51,240,100
51,245,70
51,248,94
51,250,82
51,250,124
51,253,116
51,258,121
51,258,274
51,264,105
51,278,-703
51,278,113
51,286,125
51,291,115
51,343,-22
51,355,-51
51,357,-34
51,358,297
51,360,263
51,376,-22
51,377,294
51,386,-2
51,389,270
51,394,24
51,395,-5
51,395,-33
51,399,230
51,400,287
51,401,3
51,402,250
51,413,20
51,427,265
51,440,232
51,456,241
51,459,217
51,474,258
51,479,244
51,561,220
51,570,351
51,571,351
51,572,351
51,572,352
51,572,351
51,572,350
51,572,349
51,572,350
51,572,349
51,572,352
51,572,355
51,572,349
51,573,349
51,573,353
51,573,354
51,573,353
51,573,349
51,573,352
51,573,353
51,573,349
51,573,353
51,573,353
51,573,349
51,573,349
51,573,349
51,574,353
51,574,353
51,574,352
51,574,353
51,574,349
51,574,352
51,575,349
51,575,352
51,575,353
51,575,353
51,575,352
51,575,350
51,575,352
51,575,353
51,575,350
51,576,351
51,576,352
51,576,352
51,576,352
51,576,354
51,576,352
51,577,351
51,577,351
51,577,343
51,577,351
51,577,346
51,577,345
51,578,346
51,578,343
51,578,346
51,578,346
51,578,351
51,578,344
51,578,345
51,578,346
51,578,344
51,578,346
51,578,346
51,578,343
51,578,343
51,578,351
51,578,345
51,578,350
51,578,349
51,578,346
51,579,353
51,579,351
51,579,342
51,579,352
51,579,353
51,579,344
51,579,352
51,579,343
51,579,347
51,579,351
51,580,342
51,580,347
51,580,342
51,580,346
51,580,353
51,580,342
51,580,354
51,580,349
51,580,350
51,580,353
51,580,347
51,580,343
51,580,199
51,580,342
51,580,342
51,580,346
51,580,346
51,580,342
51,580,342
51,580,354
51,580,350
51,581,343
51,581,353
51,581,347
51,581,343
51,581,346
51,581,343
51,581,350
51,581,343
51,581,347
51,581,350
51,581,354
51,581,344
51,581,343
51,581,350
51,582,346
51,582,346
51,582,352
51,582,347
51,582,345
51,582,354
51,582,351
51,582,343
51,582,350
51,582,351
51,583,350
51,583,346
51,583,343
51,583,343
51,583,351
51,583,352
51,583,351
51,583,352
51,583,343
51,583,352
51,584,352
51,584,345
51,584,345
51,584,346
51,584,352
51,584,345
51,605,180
51,663,198
51,676,181
52,-622,-45
52,-614,-56
52,-614,-41
52,-613,-57
52,-613,-46
52,-611,-58
52,-611,-56
52,-607,-30
52,-607,-17
52,-606,-60
52,-606,-39
52,-606,-39
52,-606,-39
52,-606,-39
52,-603,-51
52,-600,-25
52,-598,-37
52,-597,-49
52,-597,-24
52,-597,-24
52,-597,-17
52,-597,4
52,-596,-16
52,-594,-62
52,-594,-13
52,-593,-33
52,-593,-8
52,-591,-39
52,-591,-27
52,-590,-62
52,-589,-63
52,-589,-25
52,-588,-52
52,-588,-33
52,-587,-42
52,-586,-8
52,-584,-8
52,-583,-38
52,-581,-49
52,-579,-6
52,-578,-6
52,-577,-22
52,-576,-1
52,-572,-90
52,-571,-16
52,-569,-19
52,-564,-100
52,-563,-95
52,-562,-81
52,-561,-49
52,-560,-66
52,-545,-41
52,-540,-74
52,-540,-58
52,-539,-89
52,-533,-74
52,-529,-43
52,-517,-51
52,-514,-74
52,-474,-95
52,-470,-82
52,-465,-94
52,-455,-98
52,-434,-98
52,-418,-97
52,-401,-95
52,-390,-97
52,-379,-102
52,-196,-599
52,-195,-563
52,-190,-547
52,-188,-582
52,-187,-528
52,-181,-511
52,-173,-592
52,-170,-605
52,-167,-498
52,-163,-611
52,-157,-611
52,-155,-599
52,-145,-610
52,-144,-626
52,-142,-640
52,-138,-500
52,-135,-648
52,-134,-632
52,-133,-622
52,-132,-612
52,-128,-602
52,-123,-638
52,-119,-651
52,-118,-630
52,-113,-643
52,-110,-627
52,-109,-600
52,-106,-613
52,-104,-636
52,-96,-621
52,-57,111
52,-37,476
52,-37,494
52,-34,481
52,-31,483
52,-29,462
52,-23,501
52,-20,99
52,-20,530
52,-19,468
52,-17,483
52,-9,540
52,1,1
52,1,1
52,1,1
52,1,1
52,1,1
52,3,103
52,5,161
52,7,142
52,15,122
52,17,298
52,22,550
52,25,280
52,28,289
52,28,298
52,32,282
52,32,543
52,32,568
52,38,258
52,39,277
52,40,293
52,43,281
52,43,286
52,44,568
52,45,552
52,55,269
52,56,569
52,59,616
52,60,256
52,60,544
52,61,283
52,71,627
52,81,634
52,86,259
52,86,621
52,94,637
52,97,635
52,100,523
52,102,351
52,102,500
52,116,260
52,137,334
52,140,502
52,141,299
52,141,299
52,142,299
52,147,322
52,149,310
52,150,-496
52,153,355
52,156,346
52,159,334
52,160,328
52,163,312
52,166,343
52,172,366
52,175,311
52,178,526
52,178,314
52,179,127
52,179,363
52,184,335
52,185,363
52,192,517
52,198,352
52,200,511
52,206,299
52,207,358
52,209,341
52,215,372
52,217,299
52,224,500
52,231,487
52,239,477
52,258,251
52,260,385
52,260,406
52,262,153
52,265,241
52,269,259
52,272,164
52,273,462
52,275,136
52,275,153
52,277,443
52,279,172
52,279,208
52,279,483
52,281,241
52,282,248
52,288,436
52,289,252
52,297,149
52,298,210
52,298,408
52,299,36
52,306,54
52,307,23
52,307,184
52,308,30
52,310,34
52,311,378
52,312,398
52,315,41
52,315,214
52,319,59
52,320,410
52,320,416
52,321,36
52,322,24
52,323,231
52,323,392
52,324,100
52,324,194
52,325,418
52,330,224
52,331,393
52,334,184
52,334,380
52,335,37
52,335,50
52,335,256
52,335,412
52,338,26
52,340,288
52,343,390
52,354,300
52,361,299
52,370,179
52,374,20
52,379,-19
52,379,-18
52,379,-19
52,380,-18
52,380,-17
52,380,-20
52,380,6
52,380,179
52,380,-17
52,380,-17
52,380,-20
52,380,-17
52,381,-22
52,381,-17
52,381,-20
52,381,-21
52,381,-17
52,382,-17
52,382,-20
52,382,-20
52,382,-17
52,382,-20
52,382,-17
52,382,-20
52,383,-21
52,383,-20
52,383,-18
52,383,-20
52,383,-19
52,383,-19
52,383,-18
52,383,-18
52,383,-19
52,383,-19
52,384,-17
52,384,302
52,384,-18
52,384,-18
52,384,-17
52,384,-18
52,384,-18
52,384,-17
52,384,-19
52,385,-19
52,385,-19
52,385,-16
52,385,-19
52,385,-16
52,385,-19
52,385,-19
52,385,-19
52,385,-19
52,385,-16
52,386,-19
52,386,-19
52,386,-16
52,386,-19
52,386,-19
52,386,-16
52,387,-19
52,387,-19
52,387,-16
52,387,-18
52,387,-16
52,387,-16
52,387,-18
52,387,-16
52,387,-19
52,388,-17
52,388,-19
52,390,180
52,398,179
52,405,179
52,419,185
52,419,206
52,424,253
52,424,265
52,425,339
52,431,279
52,431,286
52,436,324
52,438,272
52,438,286
52,444,325
52,448,271
52,448,277
52,448,291
52,449,309
52,450,295
52,450,300
52,455,365
52,457,375
52,462,256
52,481,260
52,499,191
52,499,212
52,499,227
52,501,248
52,502,216
52,538,167
52,544,130
52,550,172
52,550,178
52,554,146
52,571,165
52,584,164
52,603,98
52,611,105
52,621,117
54,-622,275
54,-618,-69
54,-616,283
54,-593,-22
54,-593,-73
54,-593,-73
54,-590,257
54,-588,225
54,-587,-21
54,-586,-20
54,-584,74
54,-581,74
54,-579,206
54,-578,260
54,-577,75
54,-576,66
54,-574,105
54,-574,261
54,-569,94
54,-567,97
54,-567,67
54,-565,104
54,-564,99
54,-563,299
54,-560,300
54,-554,179
54,-552,295
54,-549,280
54,-547,284
54,-545,284
54,-544,34
54,-538,232
54,-537,56
54,-536,262
54,-535,5
54,-531,232
54,-531,21
54,-528,-15
54,-523,297
54,-522,-18
54,-520,-59
54,-514,-60
54,-508,135
54,-508,134
54,-508,134
54,-506,139
54,-504,287
54,-502,-62
54,-495,278
54,-488,85
54,-480,-20
54,-478,-24
54,-473,204
54,-471,223
54,-470,345
54,-469,214
54,-462,458
54,-462,339
54,-460,460
54,-458,458
54,-457,-351
54,-456,15
54,-451,-460
54,-451,389
54,-448,445
54,-447,-465
54,-446,450
54,-443,-344
54,-443,-463
54,-436,17
54,-434,259
54,-432,17
54,-431,22
54,-431,225
54,-429,217
54,-428,-379
54,-425,-372
54,-423,36
54,-421,235
54,-421,103
54,-421,254
54,-419,-361
54,-417,39
54,-415,106
54,-415,177
54,-415,179
54,-413,112
54,-396,180
54,-396,176
54,-388,174
54,-386,172
54,-381,62
54,-380,215
54,-377,211
54,-374,54
54,-372,52
54,-369,89
54,-368,380
54,-367,374
54,-363,218
54,-344,-13
54,-343,339
54,-342,214
54,-340,-19
54,-339,13
54,-336,14
54,-334,393
54,-327,221
54,-314,227
54,-304,199
54,-303,81
54,-303,173
54,-300,83
54,-300,41
54,-299,81
54,-298,49
54,-297,53
54,-296,301
54,-295,228
54,-294,59
54,-293,232
54,-289,166
54,-289,240
54,-286,283
54,-285,284
54,-280,162
54,-273,154
54,-265,386
54,-265,134
54,-255,383
54,-228,343
54,-225,121
54,-158,365
54,-156,410
54,-154,411
54,-150,-502
54,-149,-499
54,-149,-328
54,-147,186
54,-147,-343
54,-146,188
54,-146,-325
54,-144,-305
54,-143,188
54,-142,342
54,-142,-518
54,-142,-502
54,-140,188
54,-138,-320
54,-138,132
54,-138,-312
54,-138,-508
54,-136,152
54,-136,376
54,-135,-299
54,-134,342
54,-130,435
54,-120,143
54,-114,134
54,-113,343
54,-109,-134
54,-109,-135
54,-107,-380
54,-106,419
54,-105,-286
54,-104,-409
54,-103,-416
54,-103,507
54,-102,497
54,-102,-277
54,-102,-392
54,-102,426
54,-101,29
54,-101,29
54,-101,198
54,-100,-398
54,-100,-397
54,-100,512
54,-99,161
54,-99,203
54,-98,-409
54,-98,-137
54,-97,226
54,-93,347
54,-91,339
54,-90,224
54,-90,364
54,-90,364
54,-90,-496
54,-88,365
54,-86,-146
54,-85,222
54,-84,497
54,-81,218
54,-78,-484
54,-70,151
54,-69,459
54,-68,499
54,-67,-107
54,-66,-107
54,-64,334
54,-63,69
54,-63,245
54,-63,-289
54,-60,60
54,-60,151
54,-59,-286
54,-59,-422
54,-59,-422
54,-57,-178
54,-56,-173
54,-55,-173
54,-53,246
54,-50,-175
54,-49,-205
54,-49,-205
54,-48,252
54,-36,539
54,-34,-298
54,-34,497
54,-27,544
54,-25,234
54,-24,429
54,-24,229
54,-23,-66
54,-22,-309
54,-22,302
54,-21,244
54,-19,-298
54,-18,544
54,-18,-298
54,-17,126
54,-17,126
54,-15,315
54,-15,427
54,-14,341
54,-14,-305
54,-13,-184
54,-12,228
54,-8,-180
54,-3,103
54,-1,166
54,-1,166
54,-0,100
54,0,0
54,0,0
54,0,0
54,0,0
54,0,0
54,0,0
54,1,-348
54,1,1
54,1,1
54,1,1
54,1,1
54,1,1
54,1,1
54,1,-347
54,4,-339
54,17,-403
54,17,470
54,18,-361
54,18,517
54,19,-366
54,19,215
54,21,198
54,23,-406
54,23,-362
54,23,304
54,24,-399
54,24,-372
54,28,222
54,44,219
54,47,537
54,48,312
54,49,-38
54,51,416
54,52,223
54,55,392
54,55,296
54,56,428
54,56,495
54,59,117
54,60,120
54,65,395
54,96,178
54,97,495
54,98,172
54,99,495
54,100,418
54,101,-13
54,102,10
54,102,155
54,103,157
54,103,170
54,103,175
54,106,427
54,107,258
54,110,226
54,133,150
54,135,465
54,136,476
54,136,469
54,139,463
54,143,145
54,143,104
54,145,136
54,147,139
54,148,255
54,151,260
54,159,94
54,167,95
54,167,184
54,175,195
54,177,115
54,177,118
54,178,181
54,179,126
54,181,207
54,184,296
54,186,289
54,204,281
54,219,223
54,219,146
54,222,172
54,223,174
54,225,356
54,228,303
54,230,350
54,231,346
54,234,214
54,249,136
54,251,371
54,254,68
54,254,377
54,255,77
54,256,82
54,257,72
54,257,211
54,258,110
54,259,81
54,259,87
54,260,384
54,260,375
54,261,208
54,266,389
54,266,180
54,267,189
54,267,388
54,269,149
54,279,341
54,281,100
54,282,380
54,304,107
54,310,109
54,311,170
54,313,26
54,331,69
54,333,67
54,334,316
54,336,84
54,337,84
54,338,299
54,338,355
54,340,60
54,341,323
54,343,364
54,343,73
54,344,302
54,346,110
54,347,348
54,351,339
54,368,95
54,377,237
54,380,104
54,381,242
54,384,483
54,387,275
54,389,413
54,390,58
54,391,415
54,399,410
54,409,266
54,410,260
54,412,143
54,413,60
54,414,50
54,414,52
54,414,57
54,416,62
54,416,63
54,418,180
54,427,152
54,429,192
54,431,173
54,435,184
54,436,499
54,436,182
54,444,114
54,446,178
54,447,115
54,450,146
54,452,109
54,453,455
54,453,178
54,454,67
54,454,489
54,457,435
54,458,484
54,461,437
54,461,380
54,464,70
54,471,374
54,478,378
54,478,377
54,478,81
54,478,377
54,482,263
54,484,182
54,484,258
54,488,219
54,490,217
54,492,173
54,499,38
54,500,454
54,501,461
54,502,64
54,502,64
54,510,374
54,522,102
54,523,64
54,524,100
54,528,65
54,529,66
54,532,306
54,535,86
54,536,76
54,536,70
54,540,420
54,541,414
54,543,501
54,543,500
54,544,84
54,548,139
54,548,308
54,552,461
54,571,96
54,576,224
54,577,219
54,578,324
54,579,171
54,579,92
54,580,158
54,591,419
54,613,420
54,619,138
54,624,140
54,630,140
55,-395,-560
55,-394,-553
55,-68,-421
55,-64,-416
55,-59,-450
55,-56,305
55,-55,298
55,-50,-424
55,-23,379
55,-22,381
55,-18,-457
55,-4,457
55,0,0
55,0,0
55,0,0
55,0,0
55,0,0
55,0,0
55,0,0
55,0,0
55,0,0
55,0,0
55,0,0
55,0,0
55,0,0
55,0,0
55,0,0
55,0,0
55,0,0
55,0,0
55,0,0
55,0,0
55,0,0
55,0,0
55,0,0
55,0,0
55,0,0
55,0,0
55,0,0
55,0,0
55,0,0
55,1,1
55,1,1
55,1,1
55,1,1
55,1,1
55,1,1
55,6,417
55,6,220
55,7,419
55,9,-561
55,16,-563
55,23,-207
55,23,-208
55,23,-206
55,24,-209
55,25,320
55,26,-427
55,27,-536
55,28,324
55,32,-549
55,37,297
55,38,342
55,44,341
55,45,296
55,52,255
55,57,340
55,57,342
55,58,315
55,58,256
55,59,-530
55,59,-542
55,60,321
55,63,218
55,67,210
55,73,-582
55,95,208
55,97,348
55,98,126
55,98,109
55,99,217
55,100,121
55,105,341
55,108,-420
55,111,-27
55,126,262
55,128,295
55,128,-23
55,131,-17
55,131,-22
55,135,261
55,135,297
55,180,96
55,180,-529
55,183,173
55,187,105
55,189,102
55,190,99
55,221,-32
55,223,-21
55,224,140
55,252,-540
55,256,22
55,262,-558
55,288,-105
55,294,-570
55,295,-14
55,297,-545
55,302,50
55,304,-578
55,305,-574
55,305,-56
55,312,260
55,313,-16
55,324,261
55,330,-34
55,331,-181
55,333,265
55,338,67
55,340,264
55,343,99
55,346,113
55,350,210
55,351,-14
55,353,203
55,364,99
55,379,-489
55,434,-123
55,470,3748
55,472,228
55,491,304
55,491,304
55,493,303
55,498,326
55,509,100
55,546,161
55,590,103
56,-545,-143
56,-536,-210
56,-535,-143
56,-531,-210
56,-511,-178
56,-510,-143
56,-509,-175
56,-505,-143
56,-472,-66
56,-456,-265
56,-434,-261
56,-422,-414
56,-420,17
56,-410,-417
56,-390,-340
56,-384,133
56,-382,301
56,-382,125
56,-381,-340
56,-380,-372
56,-380,222
56,-378,217
56,-377,297
56,-373,-377
56,-373,299
56,-371,221
56,-354,141
56,-352,-147
56,-351,13
56,-348,-337
56,-348,-154
56,-347,-131
56,-346,-91
56,-345,-331
56,-344,-132
56,-343,62
56,-342,20
56,-342,-133
56,-340,63
56,-340,61
56,-340,-101
56,-338,14
56,-337,146
56,-336,55
56,-334,-130
56,-322,380
56,-303,257
56,-302,259
56,-296,27
56,-295,149
56,-293,143
56,-266,20
56,-266,20
56,-266,-77
56,-261,-91
56,-259,10
56,-256,19
56,-248,12
56,-244,-69
56,-229,448
56,-228,-13
56,-224,460
56,-224,457
56,-219,-109
56,-218,-24
56,-215,-92
56,-208,459
56,-185,-132
56,-182,-49
56,-176,-58
56,-148,-63
56,-146,-57
56,-143,-61
56,-142,339
56,-140,18
56,-140,-140
56,-139,-63
56,-137,-58
56,-137,12
56,-135,-140
56,-135,-66
56,-133,-136
56,-133,-66
56,-129,72
56,-129,64
56,-94,502
56,-73,305
56,-72,412
56,-63,427
56,-63,311
56,-61,417
56,-59,570
56,-59,303
56,-59,416
56,-58,572
56,-55,577
56,-41,459
56,-26,456
56,-24,348
56,-20,457
56,0,0
56,0,0
56,0,0
56,0,0
56,0,0
56,0,0
56,0,0
56,0,0
56,0,0
56,0,0
56,0,0
56,0,0
56,0,0
56,0,0
56,0,0
56,0,0
56,0,0
56,0,0
56,0,0
56,0,0
56,0,0
56,0,0
56,0,0
56,0,0
56,0,0
56,0,0
56,0,0
56,0,0
56,0,0
56,0,0
56,0,0
56,0,0
56,0,0
56,0,0
56,0,0
56,0,0
56,0,0
56,0,0
56,0,0
56,0,0
56,0,0
56,0,0
56,0,0
56,0,0
56,0,0
56,0,0
56,0,0
56,0,0
56,0,0
56,0,0
56,0,0
56,0,0
56,0,0
56,0,0
56,0,0
56,91,455
56,98,461
56,101,459
56,173,-339
56,174,-343
56,174,-345
56,180,-332
56,182,-336
56,183,-336
56,184,-333
56,187,-343
56,189,-330
56,191,-343
56,345,77
56,356,63
56,356,76
56,357,85
56,361,95
56,372,76
57,-182,177
57,-181,176
57,-181,174
57,-180,180
57,-180,185
57,-180,185
57,-180,185
57,-180,185
57,-180,185
57,-180,177
57,-180,177
57,-180,178
57,-180,174
57,-180,178
57,-180,173
57,-180,178
57,-180,163
57,-179,172
57,-179,174
57,-179,174
57,-179,175
57,-178,173
57,-178,177
57,-177,172
57,-177,176
57,-176,179
57,-174,175
57,-173,175
57,-171,176
57,-171,151
57,-171,150
57,-170,175
57,-170,174
57,-170,152
57,-170,152
57,-170,152
57,-170,174
57,-170,152
57,-169,175
57,-169,152
57,0,0
57,0,0
57,0,0
57,0,0
57,0,0
57,0,0
57,0,0
57,0,0
57,0,0
57,0,0
57,0,0
57,0,0
57,0,0
57,0,0
57,0,0
57,0,0
57,0,0
57,0,0
57,0,0
57,0,0
57,0,0
57,0,0
57,0,0
57,0,0
57,0,0
57,0,0
57,0,0
57,0,0
57,0,0
57,0,0
57,0,0
57,0,0
57,0,0
57,0,0
57,0,0
57,0,0
57,0,0
57,0,0
57,0,0
57,0,0
57,0,0
57,0,0
57,0,0
57,0,0
57,0,0
57,0,0
57,0,0
57,0,0
57,0,0
57,0,0
57,0,0
57,0,0
57,0,0
57,0,0
57,0,0
57,0,0
57,0,0
57,0,0
57,0,0
57,0,0
57,0,0
57,0,0
57,0,0
57,0,0
57,0,0
57,0,0
57,0,0
57,0,0
57,0,0
57,0,0
57,0,0
57,0,0
57,0,0
57,0,0
57,0,0
57,0,0
57,0,0
57,0,0
57,0,0
57,0,0
57,0,0
57,0,0
57,0,0
57,0,0
57,0,0
57,0,0
57,0,0
57,0,0
57,0,0
57,0,0
57,0,0
57,0,0
57,0,0
57,0,0
57,0,0
57,0,0
57,0,0
57,1,1
57,1,1
57,1,1
57,1,1
57,1,1
57,1,1
57,20,185
57,20,185
57,20,185
57,20,185
57,20,185
57,20,185
57,220,185
57,220,185
57,220,185
57,220,185
57,220,185
57,220,185
58,-6,8
58,-6,16
58,-6,5
58,-3,6
58,-2,15
58,-0,5
58,1,1
58,1,1
58,1,1
58,1,1
58,1,1
58,1,1
58,1,8
58,2,12
58,5,12
58,5,10
58,6,11
59,-5,12
59,-2,4
59,-2,15
59,-2,22
59,-2,10
59,-2,14
59,-2,11
59,-0,23
59,-0,5
59,1,1
59,1,1
59,1,1
59,1,1
59,1,1
59,1,1
59,5,15
59,6,14
60,-4,12
60,-3,15
60,-2,12
60,-1,15
60,0,0
60,0,0
60,0,0
60,0,0
60,0,0
60,0,0
60,0,0
60,0,0
60,0,0
60,0,0
60,0,0
60,0,0
60,0,0
60,0,0
60,0,0
60,0,0
60,0,0
60,0,0
60,0,0
60,0,0
60,0,0
60,0,0
60,0,0
60,0,0
60,0,0
60,0,0
60,0,0
60,0,0
60,0,0
60,0,0
60,0,0
60,0,0
60,0,0
60,0,0
60,0,0
60,0,0
60,0,0
60,0,8
60,0,12
60,0,22
60,1,15
60,2,12
60,3,15
60,4,12
60,7,16
60,7,20
61,-690,-117
61,-688,-101
61,-681,-130
61,-662,-143
61,-662,-142
61,-660,70
61,-660,127
61,-658,-161
61,-657,-161
61,-656,-66
61,-654,-120
61,-653,-85
61,-652,-129
61,-651,101
61,-648,-127
61,-647,-115
61,-644,21
61,-643,-105
61,-622,-70
61,-619,181
61,-616,-84
61,-613,139
61,-612,-121
61,-607,-70
61,-603,-102
61,-602,-19
61,-602,-152
61,-599,-174
61,-597,-178
61,-597,245
61,-594,-111
61,-594,277
61,-593,-78
61,-592,-113
61,-592,249
61,-589,277
61,-588,278
61,-587,-177
61,-587,-152
61,-582,80
61,-580,-41
61,-578,-143
61,-575,-161
61,-571,269
61,-571,267
61,-571,268
61,-568,252
61,-562,-119
61,-561,-171
61,-560,-159
61,-557,278
61,-556,-171
61,-554,228
61,-547,262
61,-544,263
61,-543,307
61,-538,-182
61,-536,273
61,-536,269
61,-532,-208
61,-531,-164
61,-531,-129
61,-530,-194
61,-525,278
61,-517,284
61,-509,-198
61,-483,280
61,-482,281
61,-482,318
61,-481,285
61,-480,273
61,-456,384
61,-450,353
61,-450,378
61,-441,388
61,-440,404
61,-432,368
61,-408,362
61,-396,364
61,-386,356
61,-373,366
61,-370,331
61,-368,366
61,-366,312
61,-354,260
61,-318,310
61,-311,295
61,-304,291
61,-299,276
61,-297,276
61,-294,283
61,-293,230
61,-292,231
61,-292,232
61,-291,231
61,-290,240
61,-290,235
61,-287,270
61,-280,230
61,-280,241
61,-275,249
61,-273,226
61,-267,268
61,-264,254
61,-264,268
61,-261,270
61,-259,239
61,-60,278
61,-60,280
61,-60,288
61,-60,289
61,-59,276
61,-59,278
61,-59,272
61,-59,283
61,-59,277
61,-58,285
61,-14,120
61,-9,120
61,0,0
61,0,0
61,1,1
61,1,1
61,1,1
61,1,1
61,1,1
61,1,1
61,5,138
61,5,139
61,13,101
61,14,101
61,19,214
61,19,202
61,20,170
61,20,194
61,21,44
61,21,193
61,24,45
61,27,198
61,37,224
61,37,193
61,38,118
61,39,191
61,39,116
61,40,109
61,44,235
61,45,18
61,47,70
61,48,104
61,48,20
61,53,196
61,55,227
61,57,38
61,58,173
61,66,41
61,71,197
61,76,68
61,88,70
61,91,212
61,100,-12
61,101,-10
61,102,-8
61,103,-10
61,103,18
61,104,-121
61,104,143
61,105,-115
61,106,3
61,108,-0
61,109,-107
61,109,-1
61,111,-112
61,115,-130
61,118,37
61,121,0
61,126,-39
61,132,16
61,137,-122
61,141,-150
61,148,-1
61,150,-200
61,151,-172
61,155,-188
61,161,148
61,167,-220
61,170,1
61,171,176
61,172,-114
61,173,-140
61,177,-181
61,178,-213
61,179,-76
61,183,-168
61,184,-172
61,190,168
61,192,-176
61,193,-176
61,194,-175
61,201,168
61,213,-210
61,216,173
61,217,-21
61,222,-62
61,222,158
61,226,-228
61,227,148
61,228,200
61,230,-283
61,230,-272
61,231,207
61,232,-170
61,234,67
61,238,-201
61,244,-285
61,248,199
61,248,70
61,249,-248
61,252,-170
61,259,94
61,264,-268
61,264,55
61,267,-272
61,268,-163
61,273,-246
61,273,-246
61,274,-22
61,278,-61
61,280,-242
61,281,53
61,281,-287
61,282,-247
61,282,-181
61,282,-295
61,285,11
61,286,-260
61,289,-151
61,289,57
61,290,81
61,291,-201
61,291,-313
61,292,-69
61,293,-341
61,295,-322
61,301,-19
61,304,28
61,306,-337
61,310,-33
61,316,-84
61,320,-322
61,320,-322
61,323,-582
61,323,-319
61,324,-55
61,324,15
61,325,-336
61,326,-341
61,340,34
61,341,-341
61,343,-310
61,344,27
61,345,-10
61,347,-301
61,349,59
61,349,-277
61,353,-265
61,353,-250
61,354,-245
61,356,12
61,357,-278
61,360,-250
61,360,105
61,363,-234
61,364,38
61,365,-275
61,365,-234
61,369,-296
61,373,-308
61,375,-315
61,375,-61
61,376,111
61,377,-277
61,379,-137
61,382,-232
61,386,-246
61,393,122
61,395,-242
61,397,149
61,399,120
61,400,-248
61,403,-249
61,403,128
61,407,153
61,412,157
61,413,-245
61,415,-243
61,417,-33
61,417,138
61,418,1
61,418,137
61,418,-70
61,430,150
61,436,110
61,449,18
61,463,-63
61,473,-26
61,476,61
61,480,0
61,484,10
61,497,52
61,498,11
61,502,2
61,504,10
61,505,-14
61,506,54
61,513,-51
61,515,-48
61,528,0
61,529,-17
61,530,-35
61,531,168
61,540,67
61,542,78
61,552,99
61,553,3
61,556,134
61,556,121
61,557,146
61,558,210
61,560,130
61,560,102
61,560,131
61,568,175
61,569,2
61,570,-21
61,571,-14
61,573,201
61,574,201
61,575,224
61,580,200
61,581,207
61,587,-3
61,587,113
61,591,114
61,591,41
61,594,236
61,594,213
61,596,227
61,596,12
61,596,237
61,598,235
61,601,-17
61,604,16
61,609,42
61,618,285
61,622,14
61,626,-31
61,629,-38
61,631,-55
61,635,12
61,641,-29
61,641,-13
61,649,-60
61,650,298
61,657,11
61,660,214
61,663,-14
61,673,-53
61,675,-13
61,677,-13
61,677,-12
61,679,-57
61,681,-17
61,683,-13
61,684,1
61,696,3
61,710,220
61,720,-56
61,722,19
61,723,-28
61,724,-28
61,726,29
61,726,1
61,728,-55
61,737,-12
61,738,228
61,741,-35
61,742,301
61,747,-24
61,750,-56
61,751,1
61,752,25
61,772,38
61,776,-64
61,776,110
61,778,171
61,782,155
61,795,288
61,796,310
61,799,267
61,802,264
61,802,238
61,807,306
61,809,299
61,810,271
61,819,193
61,825,243
61,826,229
61,832,322
61,836,267
61,846,251
61,850,232
61,851,261
61,853,232
61,860,293
61,863,320
61,872,308
61,891,309
61,902,333
62,-542,-89
62,-542,225
62,-539,216
62,-532,340
62,-529,-65
62,-522,18
62,-502,408
62,-500,261
62,-499,201
62,-498,193
62,-498,-17
62,-498,360
62,-490,373
62,-485,-35
62,-477,-45
62,-477,-35
62,-476,258
62,-474,348
62,-471,-43
62,-468,-40
62,-437,142
62,-428,413
62,-406,324
62,-405,275
62,-401,313
62,-399,347
62,-399,368
62,-396,139
62,-395,282
62,-394,280
62,-393,280
62,-392,286
62,-391,322
62,-390,139
62,-390,318
62,-387,138
62,-378,365
62,-372,144
62,-368,354
62,-366,142
62,-365,358
62,-352,365
62,-347,95
62,-341,79
62,-338,98
62,-335,136
62,-331,99
62,-330,-1
62,-330,194
62,-326,0
62,-326,4
62,-324,1
62,-323,193
62,-321,102
62,-317,207
62,-312,-1
62,-301,118
62,-301,104
62,-290,32
62,-287,-184
62,-286,378
62,-285,137
62,-285,-4
62,-284,204
62,-283,435
62,-283,447
62,-280,31
62,-280,198
62,-279,452
62,-279,43
62,-279,199
62,-278,197
62,-278,-2
62,-277,43
62,-277,378
62,-276,35
62,-275,-177
62,-271,-178
62,-268,141
62,-261,438
62,-260,393
62,-257,19
62,-257,333
62,-255,448
62,-243,436
62,-240,361
62,-237,368
62,-235,353
62,-234,287
62,-233,355
62,-220,-100
62,-220,-120
62,-219,214
62,-218,214
62,-217,-80
62,-214,456
62,-209,-66
62,-208,355
62,-200,-18
62,-199,-61
62,-196,367
62,-196,369
62,-195,370
62,-194,361
62,-188,460
62,-185,16
62,-184,21
62,-182,-43
62,-182,-119
62,-181,-101
62,-180,214
62,-178,-144
62,-178,403
62,-177,-13
62,-176,416
62,-176,-144
62,-174,287
62,-174,-178
62,-173,219
62,-162,-182
62,-158,460
62,-144,464
62,-144,-93
62,-144,258
62,-143,457
62,-142,255
62,-141,448
62,-140,224
62,-140,257
62,-140,336
62,-140,294
62,-140,227
62,-139,-261
62,-138,321
62,-136,423
62,-132,-295
62,-131,-295
62,-125,-260
62,-121,-222
62,-119,-99
62,-118,-221
62,-102,-318
62,-101,-206
62,-100,259
62,-100,264
62,-100,-196
62,-99,-200
62,-97,-321
62,-90,235
62,-90,30
62,-90,232
62,-87,34
62,-64,38
62,-62,-80
62,-62,5
62,-62,5
62,-62,-355
62,-61,-104
62,-61,-324
62,-60,257
62,-59,31
62,-59,3
62,-59,36
62,-57,30
62,-57,5
62,-57,5
62,-56,-66
62,-55,-298
62,-54,-183
62,-52,-278
62,-51,232
62,-50,-181
62,-49,-279
62,-47,-270
62,-46,418
62,-46,51
62,-44,-102
62,-43,-379
62,-43,-378
62,-42,-289
62,-42,-291
62,-41,-378
62,-38,-281
62,-37,-282
62,-36,-269
62,-35,336
62,-35,336
62,-32,-100
62,-30,341
62,-29,359
62,-29,233
62,-29,335
62,-28,24
62,-28,29
62,-28,222
62,-27,223
62,-27,331
62,-25,368
62,-24,-170
62,-23,338
62,-23,-64
62,-23,-141
62,-20,-123
62,-17,27
62,-17,340
62,-17,-160
62,-13,340
62,-12,-63
62,0,0
62,0,0
62,4,342
62,8,341
62,9,-56
62,10,-56
62,12,-380
62,15,61
62,18,-189
62,18,213
62,18,-195
62,24,-391
62,25,24
62,25,-254
62,27,336
62,29,55
62,33,341
62,51,-258
62,51,-18
62,55,-255
62,57,-312
62,58,-319
62,60,8
62,62,-11
62,65,-17
62,73,209
62,75,-341
62,77,209
62,80,203
62,81,206
62,81,205
62,84,204
62,86,261
62,87,339
62,93,337
62,96,206
62,99,228
62,99,286
62,99,288
62,101,234
62,103,336
62,111,167
62,111,167
62,114,-20
62,118,337
62,119,207
62,124,196
62,128,187
62,133,165
62,142,110
62,143,20
62,148,104
62,148,323
62,155,310
62,156,218
62,159,18
62,160,330
62,162,309
62,163,316
62,170,324
62,175,89
62,176,293
62,176,85
62,179,237
62,181,233
62,189,234
62,193,-198
62,199,39
62,202,-200
62,204,219
62,205,172
62,205,-163
62,207,49
62,220,-113
62,223,219
62,224,223
62,227,172
62,235,32
62,239,32
62,241,28
62,241,43
62,243,180
62,245,36
62,249,30
62,254,258
62,258,-82
62,269,-257
62,277,-60
62,281,221
62,284,-64
62,288,70
62,291,25
62,294,104
62,295,132
62,296,171
62,296,-340
62,297,29
62,300,-61
62,301,-273
62,302,-286
62,303,-255
62,304,-252
62,305,-252
62,324,248
62,326,228
62,332,-248
62,334,97
62,339,262
62,341,263
62,354,249
62,357,-62
62,359,230
62,366,-259
62,373,104
62,374,99
62,395,-160
62,396,-191
62,398,-119
62,399,-237
62,399,-99
62,400,-137
62,402,-143
62,403,-150
62,404,-128
62,418,132
62,420,171
62,422,162
62,426,216
62,427,104
62,428,101
62,433,-84
62,435,-74
62,439,-76
62,442,-181
62,450,-175
62,459,-31
62,461,-35
62,461,217
62,462,204
62,463,-178
62,488,-18
62,494,63
62,496,-105
62,503,-47
62,554,82
62,558,74
62,578,-25
62,582,84
62,589,-18
62,593,82
62,609,53
62,655,104
63,-556,-150
63,-512,-163
63,-504,-17
63,-491,158
63,-488,159
63,-474,160
63,-461,90
63,-443,5
63,-431,-6
63,-400,-384
63,-371,241
63,-368,231
63,-348,232
63,-319,-177
63,-312,-219
63,-294,183
63,-282,83
63,-274,77
63,-272,78
63,-254,212
63,-154,-280
63,0,0
63,0,0
63,0,0
63,0,0
63,0,0
63,0,0
63,0,0
63,0,0
63,0,0
63,0,0
63,0,0
63,0,0
63,0,0
63,0,0
63,0,0
63,0,0
63,0,0
63,0,0
63,0,0
63,0,0
63,0,0
63,0,0
63,0,0
63,0,0
63,0,0
63,0,0
63,0,0
63,0,0
63,0,0
63,0,0
63,0,0
63,0,0
63,0,0
63,0,0
63,0,0
63,0,0
63,0,0
63,0,0
63,0,0
63,0,0
63,0,0
63,0,0
63,0,0
63,0,0
63,0,0
63,0,0
63,0,0
63,0,0
63,0,0
63,0,0
63,0,0
63,0,0
63,0,0
63,0,0
63,0,0
63,0,0
63,0,0
63,0,0
63,0,0
63,0,0
63,0,0
63,0,0
63,0,0
63,0,0
63,0,0
63,0,0
63,0,0
63,0,0
63,0,0
63,0,0
63,0,0
63,0,0
63,0,0
63,0,0
63,0,0
63,0,0
63,0,0
63,0,0
63,0,0
63,0,0
63,0,0
63,0,0
63,0,0
63,0,0
63,0,0
63,0,0
63,0,0
63,0,0
63,74,-389
63,76,-365
63,77,-411
63,81,-393
63,88,-401
63,89,-365
63,100,-385
63,102,-384
63,105,71
63,161,326
63,161,319
63,172,57
63,175,173
63,179,100
63,179,100
63,179,380
63,179,380
63,180,209
63,181,239
63,183,176
63,183,129
63,184,256
63,187,225
63,193,-58
63,239,100
63,252,342
63,257,192
63,259,220
63,259,220
63,259,493
63,285,261
63,299,249
63,300,341
63,300,341
63,330,339
63,339,300
63,339,300
63,373,333
63,391,565
63,406,130
63,407,381
63,416,236
63,419,468
63,423,304
63,431,124
63,448,120
63,460,258
63,463,257
63,469,177
63,479,101
63,480,-403
63,481,423
63,496,261
63,528,339
63,544,346
64,-23,-34
64,-23,-6
64,-20,-20
64,-20,-20
64,-19,-32
64,-19,-10
64,-16,-26
64,-16,-20
64,-16,-17
64,0,0
64,0,0
64,0,0
64,0,0
64,0,0
64,0,0
64,0,0
64,0,0
64,0,0
64,0,0
64,361,383
64,378,366
64,378,394
64,378,-434
64,378,-406
64,380,-420
64,380,-420
64,380,380
64,380,380
64,382,368
64,382,390
64,382,-432
64,382,-410
64,383,381
64,384,374
64,384,383
64,384,-426
64,384,-417
64,384,380
64,385,-420
65,-398,141
65,-380,114
65,-378,136
65,-376,135
65,-352,101
65,-341,29
65,-340,103
65,-337,106
65,-337,89
65,-325,19
65,-313,60
65,-307,20
65,-304,-96
65,-304,62
65,-301,-380
65,-300,23
65,-300,-58
65,-300,-15
65,-299,-137
65,-299,-138
65,-298,-262
65,-298,-262
65,-298,-22
65,-297,-380
65,-297,-378
65,-295,-384
65,-295,-376
65,-284,-80
65,-283,-66
65,-281,-85
65,-279,-83
65,-274,-79
65,-270,-257
65,-269,-76
65,-264,-72
65,-263,-254
65,-260,-143
65,-260,-170
65,-259,-20
65,-258,-182
65,-258,-180
65,-257,-101
65,-256,-79
65,-255,-73
65,-253,-81
65,-242,-82
65,-235,-140
65,-225,-138
65,-223,-102
65,-223,-182
65,-222,-63
65,-219,-224
65,-214,-195
65,-209,-388
65,-207,-406
65,-206,-374
65,-205,-407
65,-204,-200
65,-204,-188
65,-202,-364
65,-201,-374
65,-200,-215
65,-199,-407
65,-197,-394
65,-197,-210
65,-195,-395
65,-192,-60
65,-188,-226
65,-186,-400
65,-184,-423
65,-180,-137
65,-179,-25
65,-179,-46
65,-179,-149
65,-179,-145
65,-179,-39
65,-178,-103
65,-178,-104
65,-176,-138
65,-176,-195
65,-174,-200
65,-173,-96
65,-173,-94
65,-173,-98
65,-170,-358
65,-167,-169
65,-162,-188
65,-161,-158
65,-160,-158
65,-159,-162
65,-159,-188
65,-159,-186
65,-157,-353
65,-155,-215
65,-155,-99
65,-154,-359
65,-152,-157
65,-145,-213
65,-144,-166
65,-142,-347
65,-142,-101
65,-141,-33
65,-141,-57
65,-140,-339
65,-140,-24
65,-139,-76
65,-136,-137
65,-136,-342
65,-135,-379
65,-133,-67
65,-131,-96
65,-131,-352
65,-131,-138
65,-130,-160
65,-127,-159
65,-124,-161
65,-118,-80
65,-115,-79
65,-108,-166
65,-107,-59
65,-103,-50
65,-102,-41
65,-101,-259
65,-101,-380
65,-100,-376
65,-100,-100
65,-98,-147
65,-98,-360
65,-97,-362
65,-97,-27
65,-90,-105
65,-89,-261
65,-84,-62
65,-81,-98
65,-80,-62
65,-74,-382
65,-73,-221
65,-67,-140
65,-67,-221
65,-64,-139
65,-63,-63
65,-62,-77
65,-62,-74
65,-60,-365
65,-59,-102
65,-59,-255
65,-58,-255
65,-57,-252
65,-57,-209
65,-53,-137
65,-51,-218
65,-42,-102
65,-42,-101
65,-42,-101
65,-42,-101
65,-41,-101
65,-41,-101
65,-26,-459
65,-25,-376
65,-22,-460
65,-21,-175
65,-20,-167
65,-19,-287
65,-19,-342
65,-19,-283
65,-18,-300
65,-16,-180
65,-15,-430
65,-12,-356
65,-9,-302
65,-8,-441
65,-7,-424
65,-7,-399
65,-7,-412
65,0,0
65,0,0
65,0,0
65,0,0
65,0,0
65,0,0
65,0,0
65,0,0
65,0,0
65,1,1
65,1,1
65,1,1
65,1,1
65,1,1
65,1,1
65,1,-442
65,4,-363
65,4,-400
65,4,-445
65,5,-379
65,5,-425
65,10,-62
65,12,-390
65,14,-364
65,16,-342
65,18,-258
65,18,-340
65,19,-464
65,20,-442
65,21,-178
65,21,-59
65,21,-47
65,22,-397
65,22,-407
65,26,-216
65,27,-426
65,36,-174
65,38,-164
65,39,-391
65,39,-448
65,40,-225
65,40,-392
65,43,-399
65,45,-239
65,48,-438
65,50,-430
65,53,-186
65,55,-68
65,56,-426
65,56,-211
65,56,-193
65,56,-263
65,57,-295
65,57,-60
65,61,-139
65,61,-261
65,61,-164
65,61,-86
65,62,-87
65,62,-82
65,63,-461
65,63,-308
65,63,-22
65,63,-83
65,67,-135
65,70,-81
65,70,-240
65,77,-31
65,77,-223
65,78,-75
65,78,-39
65,78,158
65,81,-214
65,82,162
65,83,-222
65,83,157
65,83,-31
65,84,-501
65,85,-154
65,86,-159
65,88,-213
65,90,-228
65,90,-499
65,92,-39
65,92,-181
65,93,-95
65,93,-95
65,94,-339
65,97,-67
65,97,-67
65,98,-154
65,99,-377
65,100,-69
65,100,-340
65,101,-16
65,101,-196
65,101,-501
65,102,-378
65,106,-84
65,106,-187
65,106,-257
65,106,-80
65,107,-68
65,116,-183
65,116,-198
65,119,-197
65,121,-81
65,121,-155
65,122,-78
65,125,-169
65,129,-381
65,131,-382
65,136,-381
65,137,-498
65,137,-339
65,137,-499
65,139,-183
65,140,-223
65,140,-61
65,142,-184
65,142,-298
65,143,-85
65,161,-497
65,162,-328
65,163,-499
65,167,-318
65,173,-314
65,175,-180
65,177,-451
65,178,-254
65,179,-446
65,179,-85
65,179,-324
65,179,-444
65,179,-348
65,182,-428
65,183,-195
65,184,-194
65,184,-194
65,185,-198
65,185,-242
65,186,-196
65,197,-321
65,197,-323
65,200,-185
65,201,-311
65,201,-323
65,202,-329
65,202,-296
65,204,-245
65,206,-285
65,208,-202
65,208,-291
65,209,-253
65,209,-272
65,210,-197
65,211,-222
65,218,-344
65,220,-166
65,220,-197
65,222,-250
65,222,-193
65,224,-419
65,224,-420
65,233,-240
65,235,-236
65,238,-206
65,239,-185
65,242,-196
65,243,-249
65,245,-198
65,253,-375
65,256,-374
65,256,-225
65,257,-213
65,257,334
65,258,-259
65,258,-347
65,258,304
65,258,-223
65,259,328
65,259,325
65,260,168
65,260,-350
65,260,186
65,261,-410
65,261,300
65,261,-410
65,262,299
65,263,-334
65,263,145
65,264,144
65,265,-379
65,288,258
65,295,176
65,296,-258
65,299,315
65,299,376
65,299,-307
65,300,327
65,300,222
65,301,182
65,301,-181
65,302,316
65,305,256
65,308,-240
65,309,-141
65,313,-191
65,314,-216
65,314,380
65,315,380
65,315,-208
65,318,-186
65,319,-197
65,320,-249
65,320,-245
65,320,-183
65,321,-183
65,321,-183
65,323,-187
65,323,-185
65,324,259
65,324,256
65,327,-209
65,328,-234
65,330,-218
65,332,-202
65,335,-139
65,338,-264
65,338,343
65,338,-221
65,339,352
65,342,449
65,342,-179
65,348,217
65,348,-223
65,366,458
65,369,304
65,372,378
65,376,375
65,377,303
65,377,-261
65,379,284
65,380,278
65,380,466
65,382,399
65,404,459
65,413,380
65,416,418
65,417,380
65,420,426
65,421,350
65,421,348
65,423,374
65,459,460
65,459,460
65,461,535
65,462,496
66,-484,314
66,-477,294
66,-469,221
66,-462,174
66,-457,200
66,-443,359
66,-442,209
66,-440,-48
66,-428,319
66,-411,319
66,-404,313
66,-384,90
66,-370,104
66,-362,298
66,-362,241
66,-350,106
66,-270,-90
66,-261,-60
66,-252,-58
66,-236,-79
66,-221,-135
66,-220,-19
66,-207,-76
66,-205,-86
66,-203,-99
66,-197,-101
66,-162,-40
66,-158,-115
66,-158,-129
66,-158,-33
66,-120,-61
66,-112,-43
66,-104,-104
66,-103,-104
66,-100,-19
66,-96,-140
66,-83,-451
66,-74,-477
66,-57,-479
66,-53,-482
66,0,0
66,0,0
66,0,0
66,0,0
66,0,0
66,0,0
66,0,0
66,0,0
66,0,0
66,0,0
66,0,0
66,0,0
66,0,0
66,0,0
66,0,0
66,0,0
66,0,0
66,0,0
66,0,0
66,0,0
66,0,0
66,0,0
66,0,0
66,0,0
66,0,0
66,0,0
66,0,0
66,0,0
66,0,0
66,0,0
66,0,0
66,0,0
66,0,0
66,0,0
66,0,0
66,0,0
66,0,0
66,0,0
66,0,0
66,0,0
66,0,0
66,0,0
66,0,0
66,0,0
66,0,0
66,0,0
66,0,0
66,0,0
66,0,0
66,0,0
66,0,0
66,0,0
66,0,0
66,0,0
66,0,0
66,0,0
66,0,0
66,0,0
66,0,0
66,0,0
66,0,0
66,0,0
66,0,0
66,0,0
66,0,0
66,0,0
66,0,0
66,0,0
66,0,0
66,0,0
66,0,0
66,0,0
66,0,0
66,0,0
66,0,0
66,0,0
66,0,0
66,0,0
66,0,0
66,0,0
66,0,0
66,0,0
66,0,0
66,0,0
66,0,0
66,0,0
66,0,0
66,0,0
66,0,0
66,0,0
66,0,0
66,0,0
66,0,0
66,0,0
66,0,0
66,0,0
66,0,0
66,0,0
66,0,0
66,0,0
66,0,0
66,0,0
66,0,0
66,0,0
66,0,0
66,0,0
66,0,0
66,0,0
66,0,0
66,0,0
66,0,0
66,0,0
66,0,0
66,0,0
66,0,0
66,0,0
66,0,0
66,0,0
66,0,0
66,0,0
66,0,0
66,0,0
66,0,0
66,0,0
66,0,0
66,0,0
66,0,0
66,0,0
66,0,0
66,0,0
66,0,0
66,0,0
66,0,0
66,0,0
66,0,0
66,0,0
66,1,1
66,1,1
66,1,1
66,141,216
66,161,238
66,167,-418
66,178,-522
66,180,-560
66,184,297
66,185,217
66,189,242
66,189,245
66,195,368
66,197,-459
66,198,336
66,203,355
66,215,-579
66,216,-462
66,220,-440
66,224,376
66,256,379
66,258,-472
66,260,-560
66,262,-422
66,276,335
66,289,325
66,300,384
66,313,201
66,319,230
66,321,236
66,323,226
66,325,192
66,341,302
66,343,227
66,344,334
66,380,175
67,-240,-240
67,-240,-240
67,-240,-240
67,-240,-240
67,-240,-240
67,-240,-240
67,0,0
67,0,0
67,0,0
67,0,0
67,0,0
67,0,0
67,0,0
67,0,0
67,0,0
67,0,0
67,0,0
67,0,0
67,0,0
67,0,0
67,0,0
67,0,0
67,0,0
67,0,0
67,0,0
67,0,0
67,0,0
67,0,0
67,0,0
67,0,0
67,0,0
67,0,0
67,0,0
67,0,0
67,0,0
67,0,0
67,0,0
67,0,0
67,0,0
67,0,0
67,0,0
67,0,0
67,0,0
67,0,0
67,0,0
67,0,0
67,0,0
67,0,0
67,0,0
67,0,0
67,0,0
67,0,0
67,0,0
67,0,0
67,0,0
67,0,0
67,0,0
67,0,0
67,0,0
67,0,0
67,0,0
67,0,0
67,0,0
67,0,0
67,0,0
67,0,0
67,0,0
67,0,0
67,0,0
67,0,0
67,0,0
67,0,0
67,0,0
67,0,0
67,0,0
67,0,0
67,0,0
67,0,0
67,0,0
67,0,0
67,0,0
67,0,0
67,0,0
67,0,0
67,0,0
67,0,0
67,0,0
67,0,0
67,0,0
67,0,0
67,0,0
67,0,0
67,0,0
67,0,0
67,0,0
67,0,0
67,0,0
67,0,0
67,0,0
67,0,0
67,0,0
67,0,0
67,0,0
67,0,0
67,0,0
67,0,0
67,0,0
67,0,0
67,0,0
67,0,0
67,0,0
67,230,248
67,231,248
67,232,244
67,234,238
67,234,237
67,235,237
67,236,237
67,237,234
67,237,248
67,238,235
67,238,237
67,238,237
67,238,237
67,238,237
67,239,240
67,240,241
67,240,240
67,240,240
67,240,240
67,240,240
67,240,240
67,240,240
67,240,240
67,240,240
67,240,240
67,240,240
67,241,242
67,242,242
67,242,242
67,242,236
67,242,236
67,243,237
67,243,237
67,244,238
67,244,238
67,244,239
68,-518,-220
68,-504,-220
68,-503,-222
68,-501,-194
68,-501,-190
68,-483,-223
68,-481,-220
68,-478,-222
68,-458,-224
68,-456,-255
68,-456,-263
68,-455,-222
68,-454,-261
68,-451,-214
68,-428,-257
68,-423,-260
68,-422,-221
68,-422,-289
68,-420,-193
68,-420,-176
68,-420,-263
68,-413,-333
68,-408,-426
68,-407,-328
68,-405,-457
68,-400,-435
68,-396,-60
68,-390,-450
68,-388,-326
68,-387,-181
68,-385,-315
68,-381,-20
68,-381,-63
68,-380,-30
68,-380,-76
68,-379,-99
68,-374,-465
68,-374,-207
68,-373,-193
68,-372,-429
68,-371,-463
68,-371,-483
68,-371,-456
68,-371,-408
68,-369,-453
68,-365,-435
68,-364,-483
68,-363,-205
68,-363,-492
68,-357,-339
68,-357,-59
68,-356,-457
68,-355,-59
68,-353,-431
68,-352,-337
68,-352,-99
68,-352,-192
68,-348,-443
68,-348,-422
68,-346,-394
68,-342,-444
68,-340,-365
68,-337,-37
68,-333,-301
68,-332,-336
68,-332,-41
68,-329,82
68,-329,83
68,-327,-253
68,-327,4
68,-325,90
68,-325,86
68,-323,-136
68,-322,-111
68,-314,-114
68,-313,-338
68,-310,-183
68,-309,-340
68,-307,-349
68,-307,85
68,-305,91
68,-304,81
68,-303,79
68,-302,-464
68,-301,42
68,-301,-409
68,-301,-459
68,-301,-405
68,-300,-457
68,-300,-409
68,-299,-306
68,-298,-306
68,-298,-468
68,-298,-381
68,-296,-29
68,-295,-340
68,-295,-86
68,-295,-381
68,-294,86
68,-291,78
68,-290,12
68,-290,-12
68,-290,96
68,-288,-181
68,-285,88
68,-283,81
68,-281,-97
68,-274,67
68,-273,-77
68,-273,-40
68,-271,-384
68,-269,-24
68,-267,-30
68,-263,-388
68,-262,-341
68,-250,-61
68,-232,-466
68,-226,142
68,-226,98
68,-225,65
68,-222,-277
68,-222,-347
68,-220,-302
68,-220,38
68,-219,41
68,-219,-340
68,-219,-365
68,-218,14
68,-216,-467
68,-212,-88
68,-211,-88
68,-206,-46
68,-203,-30
68,-203,-70
68,-202,-60
68,-202,-58
68,-202,-58
68,-200,-52
68,-199,-56
68,-199,-55
68,-199,-75
68,-199,-61
68,-197,-297
68,-197,-63
68,-197,-297
68,-196,-62
68,-196,-84
68,-196,-23
68,-194,-62
68,-194,-60
68,-190,-141
68,-189,-49
68,-188,-36
68,-187,-37
68,-187,-32
68,-186,-177
68,-185,-336
68,-183,-340
68,-181,-0
68,-181,84
68,-180,108
68,-173,-299
68,-173,-180
68,-172,46
68,-168,-459
68,-159,-59
68,-156,39
68,-156,51
68,-154,47
68,-154,46
68,-154,-302
68,-153,44
68,-152,47
68,-152,46
68,-151,46
68,-151,33
68,-149,-458
68,-149,51
68,-148,-296
68,-140,-317
68,-140,-315
68,-140,-320
68,-139,-446
68,-134,-185
68,-131,-405
68,-129,-407
68,-129,-70
68,-128,-148
68,-124,-25
68,-121,-164
68,-121,-386
68,-121,-49
68,-118,-154
68,-118,-196
68,-118,101
68,-116,-90
68,-116,-212
68,-114,-404
68,-110,-386
68,-107,-194
68,-106,-395
68,-105,-177
68,-105,-27
68,-103,69
68,-102,-37
68,-101,-267
68,-101,-45
68,-101,-286
68,-101,-290
68,-100,-50
68,-98,-262
68,-97,-52
68,-97,-124
68,-97,-69
68,-96,-256
68,-95,-49
68,-95,-173
68,-94,-54
68,-94,9
68,-90,-149
68,-88,-65
68,-88,-67
68,-85,-158
68,-85,-30
68,-85,-169
68,-81,-300
68,-75,-54
68,-73,-149
68,-72,-74
68,-69,-420
68,-68,24
68,-66,27
68,-65,-88
68,-64,-168
68,-63,-344
68,-62,-210
68,-61,62
68,-57,-384
68,-34,-256
68,-28,-300
68,-20,-57
68,-20,-60
68,-18,-9
68,-18,-15
68,-17,-100
68,-17,15
68,-15,-108
68,-14,61
68,0,0
68,0,0
68,0,0
68,0,0
68,0,0
68,0,0
68,0,0
68,0,0
68,0,0
68,0,0
68,0,0
68,0,0
68,0,0
68,0,0
68,0,0
68,0,0
68,0,0
68,0,0
68,0,0
68,0,0
68,0,0
68,0,0
68,0,0
68,0,0
68,0,0
68,0,0
68,0,0
68,0,0
68,0,0
68,0,0
68,0,0
68,0,0
68,0,0
68,0,0
68,0,0
68,0,0
68,0,0
68,0,0
68,0,0
68,0,0
68,0,0
68,0,0
68,0,0
68,0,0
68,0,0
68,0,0
68,0,0
68,0,0
68,0,0
68,0,0
68,0,0
68,0,0
68,0,0
68,0,0
68,0,0
68,0,0
68,0,0
68,0,0
68,0,0
68,0,0
68,0,0
68,0,0
68,0,0
68,0,0
68,0,0
68,0,0
68,0,0
68,0,0
68,0,0
68,0,0
68,0,0
68,0,0
68,0,0
68,0,0
68,0,0
68,0,0
68,0,0
68,0,0
68,0,0
68,0,0
68,0,0
68,0,0
68,0,0
68,0,0
68,0,0
68,0,0
68,0,0
68,0,0
68,0,0
68,0,0
68,0,0
68,0,0
68,0,0
68,0,0
68,0,0
68,0,0
68,0,0
68,0,0
68,0,0
68,0,0
68,0,0
68,0,0
68,0,0
68,0,0
68,0,0
68,0,0
68,0,0
68,0,0
68,0,0
68,0,0
68,0,0
68,0,0
68,0,0
68,0,0
68,0,0
68,0,0
68,0,0
68,0,0
68,1,1
68,1,1
68,1,1
68,1,1
68,1,1
68,8,-220
68,13,-18
68,15,-265
68,16,-259
68,18,-24
68,19,26
68,21,-58
68,22,19
68,24,98
68,25,-93
68,27,-219
68,39,-221
68,54,16
68,54,135
68,54,20
68,55,-225
68,56,-59
68,60,-19
68,60,-178
68,62,107
68,62,106
68,64,58
68,67,57
68,68,145
68,82,-142
68,98,-70
68,100,91
68,101,-118
68,101,50
68,102,-3
68,103,104
68,103,-36
68,108,-185
68,109,-22
68,110,61
68,114,-25
68,115,-39
68,119,-10
68,129,-45
68,133,62
68,134,-16
68,137,-50
68,138,3
68,139,53
68,139,-54
68,141,-38
68,143,92
68,143,-60
68,144,-60
68,145,-33
68,145,-34
68,146,-60
68,146,-60
68,146,-57
68,146,-59
68,147,-61
68,147,-61
68,148,-57
68,148,-60
68,148,-57
68,148,-59
68,149,-57
68,150,141
68,150,-25
68,150,-47
68,151,-55
68,151,-47
68,152,-169
68,152,-48
68,152,-45
68,153,-49
68,153,-49
68,153,-48
68,154,-46
68,154,-44
68,154,-51
68,154,-47
68,155,-47
68,156,-47
68,156,-36
68,156,-45
68,156,-44
68,156,-47
68,156,-45
68,156,-46
68,156,-44
68,157,-46
68,158,-166
68,161,-51
68,162,-44
68,163,-43
68,163,-44
68,163,-44
68,163,-44
68,163,-43
68,163,-147
68,163,-44
68,166,-41
68,166,-41
68,166,-41
68,166,-41
68,166,-41
68,166,-41
68,167,-42
68,167,-42
68,177,54
68,181,20
68,182,51
68,182,-145
68,185,375
68,185,-183
68,186,-159
68,192,-126
68,195,-142
68,197,-141
68,198,114
68,200,-162
68,201,133
68,206,-178
68,206,-141
68,206,-140
68,206,-141
68,207,-140
68,207,-140
68,207,-140
68,207,-141
68,207,-140
68,207,-140
68,208,-140
68,208,-139
68,208,-139
68,208,-139
68,208,-139
68,208,-139
68,208,-139
68,208,-139
68,208,-139
68,208,-139
68,212,125
68,212,-142
68,216,417
68,218,47
68,218,352
68,218,356
68,219,138
68,219,-101
68,221,458
68,221,17
68,222,380
68,225,459
68,225,-97
68,228,129
68,228,-129
68,228,459
68,228,-123
68,231,113
68,234,78
68,235,92
68,238,-114
68,241,71
68,243,134
68,244,77
68,244,68
68,245,-125
68,252,93
68,258,110
68,259,358
68,259,375
68,260,376
68,260,375
68,260,376
68,260,340
68,260,375
68,261,-163
68,262,376
68,263,-175
68,263,395
68,264,408
68,266,33
68,267,341
68,268,-93
68,272,450
68,273,48
68,273,-88
68,276,409
68,276,408
68,277,-96
68,282,-68
68,282,-66
68,283,51
68,284,339
68,285,27
68,295,406
68,295,-88
68,305,373
68,327,370
68,333,379
68,340,-74
68,340,476
68,341,484
68,349,448
68,351,335
68,352,352
68,357,436
68,362,371
68,375,314
68,380,451
68,383,503
68,386,457
68,389,505
68,394,450
68,398,454
68,400,438
68,401,354
68,403,349
68,408,351
68,409,255
68,409,255
68,410,328
68,410,250
68,411,319
68,412,317
68,415,439
68,425,395
68,441,397
68,454,406
68,455,405
68,455,257
68,458,262
68,459,269
68,460,277
68,460,260
68,460,419
68,460,419
68,460,419
68,460,419
68,460,419
68,460,419
68,467,313
68,471,340
68,473,420
68,475,343
68,480,308
68,481,419
68,482,355
68,484,369
68,489,418
68,543,376
69,-552,208
69,-541,286
69,-538,294
69,-520,197
69,-440,163
69,-434,238
69,-429,60
69,-424,336
69,-420,76
69,-418,324
69,-415,248
69,-406,-272
69,-399,-280
69,-382,-403
69,-380,-388
69,-378,179
69,-372,219
69,-370,-284
69,-365,-192
69,-361,-282
69,-357,-205
69,-351,-199
69,-339,-377
69,-337,-278
69,-336,180
69,-335,-201
69,-333,-194
69,-328,235
69,-320,-277
69,-319,159
69,-313,217
69,-248,-331
69,-247,-332
69,-244,-334
69,-240,-274
69,-238,-365
69,-236,-276
69,-236,-323
69,-220,-340
69,-164,-396
69,-160,-400
69,-139,-400
69,-112,-412
69,-78,17
69,-76,23
69,-21,137
69,-5,10
69,-2,145
69,0,0
69,0,0
69,0,0
69,0,0
69,0,0
69,0,0
69,0,0
69,0,0
69,0,0
69,0,0
69,0,0
69,0,0
69,0,0
69,0,0
69,0,0
69,0,0
69,0,0
69,0,0
69,0,0
69,0,0
69,0,0
69,0,0
69,0,0
69,0,0
69,0,0
69,0,0
69,0,0
69,0,0
69,0,0
69,0,0
69,0,0
69,0,0
69,0,0
69,0,0
69,0,0
69,0,0
69,0,0
69,0,0
69,0,0
69,0,0
69,0,0
69,0,0
69,0,0
69,0,0
69,0,0
69,0,0
69,0,0
69,0,0
69,18,-363
69,18,-361
69,18,-359
69,18,-366
69,20,-371
69,20,-365
69,20,-372
69,21,-374
69,22,-366
69,22,-363
69,22,-361
69,22,-359
69,35,84
69,58,-266
69,59,-264
69,60,-266
69,62,-266
69,63,-264
69,64,-266
69,76,120
69,93,48
69,117,85
69,137,-151
69,138,-149
69,139,-151
69,139,-147
69,140,-145
69,141,-151
69,141,-147
69,142,-149
69,143,-151
69,174,141
69,177,143
69,178,142
69,284,117
69,289,120
69,310,199
69,331,195
69,333,192
69,351,201
69,358,113
69,364,-18
69,420,90
69,457,99
69,471,-54
69,478,-73
69,478,-80
69,480,-40
69,491,-48
69,499,-87
69,499,-298
71,-571,-39
71,-569,41
71,-569,37
71,-568,-39
71,-489,-43
71,-488,-38
71,-488,43
71,-488,36
71,0,0
71,0,0
71,0,0
71,0,0
71,0,0
71,0,0
71,0,0
71,0,0
71,0,0
71,0,0
71,0,0
71,0,0
71,0,0
71,0,0
71,0,0
71,0,0
71,0,0
71,0,0
71,0,0
71,0,0
71,0,0
71,0,0
71,0,0
71,0,0
71,0,0
71,0,0
71,0,0
71,0,0
71,0,0
71,0,0
71,0,0
71,0,0
71,0,0
71,0,0
71,0,0
71,0,0
71,0,0
71,0,0
71,0,0
71,0,0
71,0,0
71,0,0
71,0,0
71,0,0
71,0,0
71,0,0
71,0,0
71,0,0
71,0,0
71,0,0
71,0,0
71,0,0
71,0,0
71,0,0
71,0,0
71,0,0
71,0,0
71,0,0
71,0,0
71,0,0
71,0,0
71,0,0
71,0,0
71,0,0
71,0,0
71,0,0
71,0,0
71,0,0
71,0,0
71,0,0
71,0,0
71,0,0
71,0,0
71,0,0
71,0,0
71,0,0
71,0,0
71,0,0
71,0,0
71,0,0
71,0,0
71,0,0
71,0,0
71,0,0
71,0,0
71,0,0
71,0,0
71,0,0
71,0,0
71,0,0
71,0,0
71,0,0
71,0,0
71,0,0
71,0,0
71,0,0
71,0,0
71,0,0
71,0,0
71,0,0
71,0,0
71,0,0
71,0,0
71,0,0
71,0,0
71,0,0
71,0,0
71,0,0
71,0,0
71,0,0
71,0,0
71,0,0
71,0,0
71,0,0
71,0,0
71,0,0
71,0,0
71,0,0
71,0,0
71,0,0
71,0,0
71,0,0
71,0,0
71,0,0
71,0,0
71,0,0
71,0,0
71,0,0
71,0,0
71,0,0
71,0,0
71,0,0
71,0,0
71,0,0
71,0,0
71,0,0
71,0,0
71,0,0
71,0,0
71,0,0
71,0,0
71,0,0
71,0,0
71,0,0
71,0,0
71,0,0
71,0,0
71,0,0
71,0,0
71,0,0
71,0,0
71,0,0
71,0,0
71,0,0
71,0,0
71,0,0
71,0,0
71,0,0
71,0,0
71,0,0
71,0,0
71,0,0
71,0,0
71,0,0
71,0,0
71,0,0
71,0,0
71,0,0
71,0,0
71,0,0
71,0,0
71,0,0
71,0,0
71,0,0
71,0,0
71,0,0
71,0,0
71,0,0
71,0,0
71,0,0
71,0,0
71,0,0
71,0,0
71,0,0
71,0,0
71,0,0
71,0,0
71,0,0
71,0,0
71,0,0
71,0,0
71,0,0
71,0,0
71,0,0
71,0,0
71,0,0
71,0,0
71,0,0
71,0,0
71,0,0
71,0,0
71,0,0
71,0,0
71,0,0
71,0,0
71,0,0
71,0,0
71,0,0
71,0,0
71,0,0
71,0,0
71,0,0
71,0,0
71,0,0
71,0,0
71,0,0
71,0,0
71,0,0
71,0,0
71,0,0
71,0,0
71,0,0
71,0,0
71,0,0
71,0,0
71,0,0
71,0,0
71,0,0
71,0,0
71,0,0
71,0,0
71,0,0
71,0,0
71,0,0
71,0,0
71,0,0
71,0,0
71,0,0
71,0,0
71,0,0
71,0,0
71,0,0
71,0,0
71,0,0
71,0,0
71,0,0
71,0,0
71,0,0
71,0,0
71,0,0
71,0,0
71,0,0
71,0,0
71,0,0
71,0,0
71,0,0
71,0,0
71,0,0
71,0,0
71,0,0
71,0,0
71,0,0
71,0,0
71,0,0
71,0,0
71,0,0
71,0,0
71,0,0
71,0,0
71,0,0
71,0,0
71,0,0
71,0,0
71,0,0
71,0,0
71,0,0
71,0,0
71,0,0
71,0,0
71,0,0
71,0,0
71,0,0
71,0,0
71,0,0
71,0,0
71,0,0
71,0,0
71,0,0
71,0,0
71,0,0
71,0,0
71,0,0
71,0,0
71,0,0
71,0,0
71,0,0
71,0,0
71,0,0
71,0,0
71,0,0
71,0,0
71,0,0
71,0,0
71,0,0
71,0,0
71,0,0
71,0,0
71,0,0
71,0,0
71,0,0
71,0,0
71,0,0
71,0,0
71,0,0
71,0,0
71,0,0
71,0,0
71,0,0
71,0,0
71,0,0
71,0,0
71,0,0
71,0,0
71,0,0
71,0,0
71,0,0
71,0,0
71,0,0
71,0,0
71,0,0
71,0,0
71,0,0
71,0,0
71,0,0
71,0,0
71,0,0
71,0,0
71,0,0
71,0,0
71,0,0
71,0,0
71,0,0
71,0,0
71,0,0
71,0,0
71,0,0
71,0,0
71,0,0
71,0,0
71,0,0
71,0,0
71,0,0
71,0,0
71,0,0
71,0,0
71,0,0
71,0,0
71,0,0
71,0,0
71,0,0
71,0,0
71,0,0
71,0,0
71,0,0
71,0,0
71,0,0
71,0,0
71,0,0
71,0,0
71,0,0
71,0,0
71,0,0
71,0,0
71,0,0
71,0,0
71,0,0
71,0,0
71,0,0
71,0,0
71,0,0
71,0,0
71,0,0
71,0,0
71,0,0
71,0,0
71,0,0
71,0,0
71,0,0
71,0,0
71,0,0
71,0,0
71,0,0
71,0,0
71,0,0
71,0,0
71,0,0
71,0,0
71,0,0
71,0,0
71,0,0
72,-527,648
72,-189,60
72,-186,-33
72,-184,25
72,-177,73
72,-174,68
72,-174,-18
72,-171,60
72,-144,63
72,-113,103
72,-113,-73
72,-113,104
72,-112,-58
72,-105,94
72,-100,26
72,-99,31
72,-96,110
72,-93,-59
72,-92,93
72,-87,-73
72,-32,128
72,-22,205
72,-20,-183
72,-16,-105
72,-14,144
72,-10,-103
72,0,0
72,0,0
72,0,0
72,0,0
72,0,0
72,0,0
72,0,0
72,0,0
72,0,0
72,0,0
72,0,0
72,0,0
72,0,0
72,0,0
72,51,-46
72,52,108
72,54,-49
72,60,114
72,70,111
72,71,-56
72,73,-73
72,90,-100
72,95,136
72,96,-92
72,98,-112
72,104,145
72,112,144
72,553,-135
73,-446,-566
73,-446,-566
73,-446,-514
73,-446,-514
73,-446,-126
73,-446,-126
73,-446,-74
73,-446,-74
73,-434,-566
73,-434,-566
73,-434,-514
73,-434,-514
73,-424,-100
73,-420,-104
73,-420,-96
73,-416,-100
73,-416,260
73,-397,-20
73,-394,-126
73,-394,-126
73,-394,-74
73,-394,-74
73,-390,-24
73,-390,-16
73,-384,-21
73,-384,-19
73,-384,-542
73,-384,-542
73,-383,-536
73,-383,-536
73,-383,-529
73,-383,-529
73,-380,-100
73,-376,-21
73,-376,-19
73,-375,-538
73,-375,-538
73,-370,-24
73,-370,-16
73,-369,-537
73,-369,-537
73,-368,-538
73,-368,-538
73,-366,-686
73,-364,-394
73,-364,-394
73,-362,-685
73,-362,-396
73,-362,-396
73,-362,-403
73,-362,-403
73,-359,-678
73,-357,-680
73,-357,-401
73,-357,-401
73,-356,-675
73,-355,-397
73,-355,-397
73,-352,-403
73,-352,-403
73,-351,-390
73,-350,-406
73,-350,-406
73,-350,-673
73,-349,-676
73,-349,-229
73,-349,-220
73,-349,-211
73,-349,-140
73,-349,-60
73,-349,11
73,-349,20
73,-349,29
73,-348,-679
73,-348,-142
73,-345,-398
73,-345,-398
73,-345,-404
73,-345,-404
73,-343,251
73,-342,198
73,-342,218
73,-342,238
73,-342,257
73,-342,276
73,-341,20
73,-341,20
73,-341,20
73,-341,20
73,-340,251
73,-340,-229
73,-340,-211
73,-340,-131
73,-340,-69
73,-340,-59
73,-340,11
73,-340,29
73,-340,170
73,-340,566
73,-339,-674
73,-338,202
73,-338,222
73,-338,242
73,-338,262
73,-338,278
73,-336,-403
73,-336,-403
73,-336,251
73,-335,-398
73,-335,-398
73,-331,-229
73,-331,-220
73,-331,-211
73,-331,-140
73,-331,-60
73,-331,11
73,-331,20
73,-331,29
73,-328,-397
73,-328,-397
73,-309,-536
73,-309,-180
73,-304,-544
73,-300,-189
73,-300,-171
73,-300,-100
73,-296,-544
73,-291,-536
73,-291,-180
73,-286,-126
73,-286,-74
73,-283,-180
73,-265,220
73,-264,-100
73,-260,-104
73,-260,-96
73,-256,-100
73,-247,-567
73,-246,-514
73,-234,-566
73,-234,-514
73,-234,-126
73,-234,-74
73,0,0
73,0,0
73,0,0
73,0,0
73,0,0
73,0,0
73,0,0
73,0,0
73,0,0
73,0,0
73,0,0
73,0,0
73,0,0
73,0,0
73,0,0
73,0,0
73,0,0
73,0,0
73,0,0
73,0,0
73,0,0
73,0,0
73,0,0
73,0,0
73,0,0
73,0,0
73,0,0
73,0,0
73,0,0
73,0,0
73,0,0
73,0,0
73,0,0
73,0,0
73,0,0
73,0,0
73,0,0
73,0,0
73,0,0
73,0,0
73,0,0
73,0,0
73,0,0
73,0,0
73,0,0
73,0,0
73,0,0
73,0,0
73,0,0
73,0,0
73,0,0
73,0,0
73,0,0
73,0,0
73,0,0
73,0,0
73,0,0
73,0,0
73,0,0
73,0,0
73,0,0
73,0,0
73,0,0
73,0,0
73,0,0
73,0,0
73,0,0
73,0,0
73,0,0
73,0,0
73,0,0
73,0,0
73,0,0
73,0,0
73,0,0
73,0,0
73,0,0
73,0,0
73,0,0
73,0,0
73,0,0
73,0,0
73,0,0
73,0,0
73,0,0
73,0,0
73,0,0
73,0,0
73,0,0
73,0,0
73,0,0
73,0,0
73,0,0
73,0,0
73,0,0
73,0,0
73,0,0
73,0,0
73,0,0
73,0,0
73,0,0
73,0,0
73,0,0
73,0,0
73,0,0
73,0,0
73,0,0
73,0,0
73,0,0
73,0,0
73,0,0
73,0,0
73,0,0
73,0,0
73,0,0
73,0,0
73,0,0
73,0,0
73,0,0
73,0,0
73,0,0
73,0,0
73,0,0
73,0,0
73,0,0
73,0,0
73,0,0
73,0,0
73,0,0
73,0,0
73,0,0
73,0,0
73,0,0
73,0,0
73,0,0
73,0,0
73,0,0
73,0,0
73,0,0
73,0,0
73,0,0
73,0,0
73,0,0
73,0,0
73,0,0
73,0,0
73,0,0
73,0,0
73,0,0
73,0,0
73,0,0
73,0,0
73,0,0
73,0,0
73,0,0
73,0,0
73,0,0
73,0,0
73,0,0
73,0,0
73,0,0
73,0,0
73,0,0
73,0,0
73,0,0
73,0,0
73,0,0
73,0,0
73,0,0
73,0,0
73,0,0
73,0,0
73,0,0
73,0,0
73,0,0
73,0,0
73,0,0
73,0,0
73,0,0
73,0,0
73,0,0
73,0,0
73,0,0
73,0,0
73,0,0
73,0,0
73,0,0
73,0,0
73,0,0
73,0,0
73,0,0
73,0,0
73,0,0
73,0,0
73,0,0
73,0,0
73,0,0
73,0,0
73,0,0
73,0,0
73,0,0
73,0,0
73,0,0
73,0,0
73,0,0
73,0,0
73,0,0
73,0,0
73,0,0
73,0,0
73,0,0
73,0,0
73,0,0
73,0,0
73,0,0
73,0,0
73,0,0
73,0,0
73,0,0
73,0,0
73,0,0
73,0,0
73,0,0
73,0,0
73,0,0
73,0,0
73,0,0
73,0,0
73,0,0
73,0,0
73,0,0
73,0,0
73,0,0
73,0,0
73,0,0
73,0,0
73,0,0
73,0,0
73,0,0
73,0,0
73,0,0
73,0,0
73,0,0
73,0,0
73,0,0
73,0,0
73,0,0
73,0,0
73,0,0
73,0,0
73,0,0
73,0,0
73,0,0
73,0,0
73,0,0
73,0,0
73,0,0
73,0,0
73,0,0
73,0,0
73,0,0
73,0,0
73,0,0
73,0,0
73,0,0
73,0,0
73,0,0
73,0,0
73,0,0
73,0,0
73,0,0
73,0,0
73,0,0
73,0,0
73,0,0
73,0,0
73,0,0
73,0,0
73,0,0
73,0,0
73,0,0
73,0,0
73,0,0
73,0,0
73,0,0
73,0,0
73,0,0
73,0,0
73,0,0
73,0,0
73,0,0
73,0,0
73,0,0
73,0,0
73,0,0
73,0,0
73,0,0
73,0,0
73,0,0
73,0,0
73,0,0
73,0,0
73,0,0
73,0,0
73,0,0
73,0,0
73,0,0
73,0,0
73,0,0
73,0,0
73,0,0
73,0,0
73,0,0
73,0,0
73,0,0
73,0,0
73,0,0
73,0,0
73,0,0
73,0,0
73,0,0
73,1,1
73,1,1
73,1,1
73,1,1
73,1,1
73,1,1
73,1,1
73,1,1
73,1,1
73,1,1
73,1,1
73,1,1
73,1,1
73,1,1
73,1,1
73,1,1
73,1,1
73,1,1
73,1,1
73,1,1
73,1,1
73,1,1
73,1,1
73,1,1
73,208,-295
73,214,-453
73,216,456
73,216,464
73,216,-377
73,216,-455
73,216,-375
73,217,-298
73,217,-454
73,217,-455
73,218,-533
73,218,-533
73,218,-298
73,219,-452
73,219,-363
73,220,-298
73,221,-537
73,221,-540
73,224,456
73,224,464
73,230,-374
73,235,-150
73,238,-152
73,239,4
73,240,-150
73,243,-0
73,245,1
73,253,-380
73,254,414
73,254,426
73,256,496
73,256,504
73,259,-108
73,260,46
73,264,496
73,264,504
73,266,414
73,266,426
73,268,46
73,269,53
73,270,-158
73,272,50
73,273,-104
73,275,-107
73,280,-157
73,285,-150
73,286,-298
73,290,16
73,291,14
73,292,-364
73,292,-363
73,292,-363
73,293,361
73,295,-289
73,295,-537
73,296,-367
73,297,363
73,298,-308
73,298,15
73,298,-447
73,299,360
73,300,535
73,300,-490
73,300,-522
73,301,-449
73,302,558
73,302,-449
73,305,-449
73,306,-535
73,307,360
73,307,-539
73,310,-296
73,312,357
73,315,-294
73,318,360
73,319,558
73,321,562
73,322,559
73,324,557
73,324,556
73,325,561
73,327,561
73,328,557
73,330,561
73,331,554
73,334,359
73,338,-458
73,342,565
73,343,358
73,345,557
73,351,355
73,355,360
73,358,559
73,361,354
73,366,-544
73,370,556
73,371,-468
73,372,-452
73,372,556
73,373,-298
73,373,-553
73,373,-528
73,373,353
73,374,-298
73,375,-345
73,379,-388
73,379,-542
73,380,376
73,380,389
73,380,-389
73,381,555
73,381,555
73,382,554
73,382,-379
73,382,-140
73,384,-373
73,386,-460
73,387,-133
73,387,555
73,388,-305
73,388,19
73,391,-450
73,392,-298
73,392,-123
73,394,30
73,395,21
73,395,-554
73,397,32
73,398,-128
73,412,-3
73,412,46
73,414,494
73,414,506
73,416,416
73,416,424
73,418,53
73,420,65
73,422,-457
73,424,45
73,424,415
73,424,424
73,424,496
73,424,504
73,426,43
73,429,-117
73,430,-115
73,435,-118
73,439,-150
73,444,-152
73,447,-529
73,448,-447
73,451,-457
73,452,-552
73,455,-374
73,455,-304
73,456,456
73,456,464
73,459,-388
73,460,-469
73,463,-386
73,463,-374
73,464,-295
73,464,456
73,464,464
73,465,-546
73,465,-308
73,466,-291
73,468,-458
73,471,-543
73,472,-382
74,-445,-100
74,-444,-99
74,-440,-555
74,-440,-537
74,-440,-525
74,-440,-539
74,-439,-547
74,-439,-554
74,-429,220
74,-429,-534
74,-426,-540
74,-426,220
74,-420,212
74,-420,212
74,-419,-85
74,-419,235
74,-419,235
74,-415,-73
74,-411,-71
74,-410,-120
74,-400,-120
74,-393,-616
74,-393,-20
74,-392,-19
74,-392,-19
74,-392,-19
74,-392,-554
74,-387,-100
74,-386,-99
74,-386,-99
74,-385,-619
74,-382,-549
74,-375,-14
74,-371,219
74,-370,-389
74,-369,-536
74,-368,-680
74,-367,-687
74,-366,-13
74,-365,211
74,-360,211
74,-360,178
74,-347,-134
74,-344,-690
74,-344,-227
74,-343,-57
74,-341,-674
74,-340,-167
74,-340,-32
74,-340,180
74,-340,253
74,-340,-211
74,-339,-400
74,-339,500
74,-338,226
74,-336,29
74,-335,-395
74,-334,220
74,-334,220
74,-333,31
74,-333,-676
74,-332,19
74,-329,-410
74,-326,-216
74,-322,218
74,-317,155
74,-317,167
74,-316,236
74,-314,-667
74,-311,182
74,-309,-396
74,-309,-399
74,-305,-526
74,-300,-472
74,-298,-182
74,-298,-471
74,-293,-533
74,-293,-100
74,-292,-182
74,-292,-541
74,-292,-99
74,-292,-99
74,-292,-99
74,-290,-180
74,-289,-179
74,-289,-179
74,-287,-79
74,-263,-103
74,-263,-122
74,-258,194
74,-258,194
74,-257,-119
74,-251,180
74,-250,-540
74,-249,-537
74,-249,-545
74,-246,172
74,-246,172
74,-246,172
74,-245,-80
74,-240,-552
74,-240,-555
74,-240,-525
74,-236,-542
74,-233,-100
74,-232,-99
74,-232,-99
74,-230,-538
74,-229,-537
74,0,0
74,0,0
74,0,0
74,0,0
74,0,0
74,0,0
74,0,0
74,0,0
74,0,0
74,0,0
74,0,0
74,0,0
74,0,0
74,0,0
74,0,0
74,0,0
74,0,0
74,0,0
74,0,0
74,0,0
74,0,0
74,0,0
74,0,0
74,0,0
74,0,0
74,0,0
74,0,0
74,0,0
74,0,0
74,0,0
74,0,0
74,0,0
74,0,0
74,0,0
74,0,0
74,0,0
74,0,0
74,0,0
74,0,0
74,0,0
74,0,0
74,0,0
74,0,0
74,0,0
74,0,0
74,0,0
74,0,0
74,0,0
74,0,0
74,0,0
74,0,0
74,0,0
74,0,0
74,0,0
74,0,0
74,0,0
74,0,0
74,0,0
74,0,0
74,0,0
74,0,0
74,0,0
74,0,0
74,0,0
74,0,0
74,0,0
74,0,0
74,0,0
74,0,0
74,0,0
74,0,0
74,0,0
74,0,0
74,0,0
74,0,0
74,0,0
74,0,0
74,0,0
74,0,0
74,0,0
74,0,0
74,0,0
74,0,0
74,0,0
74,0,0
74,0,0
74,0,0
74,0,0
74,0,0
74,0,0
74,0,0
74,0,0
74,0,0
74,0,0
74,0,0
74,0,0
74,0,0
74,0,0
74,0,0
74,0,0
74,0,0
74,0,0
74,0,0
74,0,0
74,0,0
74,0,0
74,0,0
74,0,0
74,0,0
74,0,0
74,0,0
74,0,0
74,0,0
74,0,0
74,0,0
74,0,0
74,0,0
74,0,0
74,0,0
74,0,0
74,0,0
74,0,0
74,0,0
74,0,0
74,0,0
74,0,0
74,0,0
74,0,0
74,0,0
74,0,0
74,0,0
74,0,0
74,0,0
74,0,0
74,0,0
74,0,0
74,0,0
74,0,0
74,0,0
74,0,0
74,0,0
74,0,0
74,0,0
74,0,0
74,0,0
74,0,0
74,0,0
74,0,0
74,0,0
74,0,0
74,0,0
74,0,0
74,0,0
74,0,0
74,0,0
74,0,0
74,0,0
74,0,0
74,0,0
74,0,0
74,0,0
74,0,0
74,0,0
74,0,0
74,0,0
74,0,0
74,0,0
74,0,0
74,0,0
74,0,0
74,0,0
74,0,0
74,0,0
74,0,0
74,0,0
74,0,0
74,0,0
74,0,0
74,0,0
74,0,0
74,0,0
74,0,0
74,0,0
74,0,0
74,0,0
74,0,0
74,0,0
74,0,0
74,0,0
74,0,0
74,0,0
74,0,0
74,0,0
74,0,0
74,0,0
74,0,0
74,0,0
74,0,0
74,0,0
74,0,0
74,0,0
74,0,0
74,0,0
74,0,0
74,0,0
74,0,0
74,0,0
74,0,0
74,0,0
74,0,0
74,0,0
74,0,0
74,0,0
74,0,0
74,0,0
74,0,0
74,0,0
74,0,0
74,0,0
74,0,0
74,0,0
74,0,0
74,0,0
74,0,0
74,0,0
74,0,0
74,0,0
74,0,0
74,0,0
74,0,0
74,0,0
74,0,0
74,0,0
74,0,0
74,0,0
74,0,0
74,0,0
74,0,0
74,0,0
74,0,0
74,0,0
74,0,0
74,0,0
74,0,0
74,0,0
74,0,0
74,0,0
74,0,0
74,0,0
74,0,0
74,0,0
74,0,0
74,0,0
74,0,0
74,0,0
74,0,0
74,0,0
74,0,0
74,0,0
74,0,0
74,0,0
74,0,0
74,0,0
74,0,0
74,0,0
74,0,0
74,0,0
74,0,0
74,0,0
74,0,0
74,0,0
74,0,0
74,0,0
74,0,0
74,0,0
74,0,0
74,0,0
74,0,0
74,0,0
74,0,0
74,0,0
74,0,0
74,0,0
74,0,0
74,0,0
74,0,0
74,0,0
74,0,0
74,0,0
74,0,0
74,0,0
74,0,0
74,0,0
74,0,0
74,0,0
74,0,0
74,0,0
74,0,0
74,0,0
74,0,0
74,0,0
74,0,0
74,0,0
74,0,0
74,0,0
74,0,0
74,0,0
74,0,0
74,0,0
74,0,0
74,0,0
74,0,0
74,0,0
74,0,0
74,0,0
74,0,0
74,0,0
74,0,0
74,0,0
74,0,0
74,0,0
74,0,0
74,0,0
74,0,0
74,0,0
74,0,0
74,0,0
74,0,0
74,0,0
74,0,0
74,0,0
74,0,0
74,207,-303
74,210,-446
74,211,-536
74,212,462
74,213,-301
74,213,-381
74,214,-545
74,214,-294
74,218,-340
74,221,447
74,222,-553
74,223,-372
74,224,-451
74,224,469
74,225,-377
74,225,472
74,228,22
74,229,-313
74,230,12
74,231,-374
74,232,-458
74,232,173
74,233,-472
74,233,-536
74,235,152
74,235,155
74,239,23
74,242,172
74,247,416
74,249,45
74,254,510
74,256,-541
74,256,211
74,259,205
74,260,-27
74,260,489
74,262,-378
74,262,511
74,269,413
74,272,511
74,276,-4
74,280,-8
74,283,193
74,283,6
74,284,-3
74,289,195
74,290,347
74,292,99
74,293,-294
74,294,-542
74,295,-295
74,296,-375
74,297,-545
74,297,-469
74,298,-470
74,299,-530
74,300,-510
74,300,-292
74,301,569
74,302,347
74,303,353
74,304,566
74,306,-369
74,309,-379
74,310,569
74,311,-467
74,311,-305
74,311,-471
74,326,513
74,327,505
74,328,547
74,331,417
74,331,417
74,332,347
74,337,363
74,339,372
74,340,-329
74,340,-326
74,341,547
74,345,550
74,367,547
74,368,567
74,370,-286
74,370,373
74,370,-304
74,370,-377
74,370,-385
74,372,-537
74,374,-554
74,374,551
74,375,-468
74,375,-530
74,379,-469
74,381,-331
74,383,-372
74,384,-423
74,385,351
74,387,-303
74,388,568
74,389,-304
74,389,-454
74,390,353
74,393,-544
74,394,171
74,395,0
74,396,200
74,401,190
74,409,409
74,409,208
74,410,502
74,414,491
74,416,492
74,418,-541
74,418,48
74,419,-15
74,420,-541
74,420,-14
74,420,-25
74,421,415
74,423,50
74,423,409
74,429,-459
74,431,45
74,432,408
74,437,-7
74,445,28
74,445,-532
74,445,450
74,446,189
74,446,455
74,447,-385
74,447,-461
74,448,-383
74,448,-374
74,448,164
74,450,-303
74,451,175
74,452,185
74,454,-543
74,456,-527
74,456,448
74,456,457
74,460,-336
74,463,-285
74,464,-471
74,470,-454
74,470,-472
74,471,-377
74,474,-296
75,-481,-427
75,-481,-403
75,-475,-438
75,-467,-316
75,-465,-584
75,-465,148
75,-465,-585
75,-463,-312
75,-460,-285
75,-459,140
75,-458,-431
75,-456,-567
75,-456,-297
75,-454,-397
75,-452,-424
75,-445,-577
75,-443,-419
75,-441,-403
75,-440,-405
75,-438,76
75,-428,-269
75,-426,-269
75,-423,-533
75,-422,86
75,-420,-262
75,-415,-532
75,-414,87
75,-412,-530
75,-405,91
75,-405,72
75,-402,71
75,-394,177
75,-389,-48
75,-382,167
75,-382,194
75,-379,15
75,-374,12
75,-372,-63
75,-367,-67
75,-359,-246
75,-359,-249
75,-358,-477
75,-357,-475
75,-356,-497
75,-356,-480
75,-356,-238
75,-355,-483
75,-353,-523
75,-352,-518
75,-352,-506
75,-351,-240
75,-351,-495
75,-348,-504
75,-347,-277
75,-345,-281
75,-340,-275
75,-340,-518
75,-340,-518
75,-340,-518
75,-340,-518
75,-340,-518
75,-340,-518
75,-340,-515
75,-340,-392
75,-340,-245
75,-340,-242
75,-340,-242
75,-340,-242
75,-340,-242
75,-340,-242
75,-340,-242
75,-340,468
75,-339,-279
75,-335,-247
75,-330,-503
75,-329,-519
75,-328,-480
75,-327,-281
75,-326,-254
75,-326,-279
75,-324,-281
75,-324,-282
75,-323,-254
75,-323,-491
75,-322,-252
75,-322,-486
75,-322,-521
75,-322,-518
75,-321,-267
75,-321,-485
75,-320,-242
75,-319,-265
75,-318,-479
75,-317,-485
75,-316,-251
75,-314,186
75,-308,10
75,-304,-46
75,-302,164
75,-295,10
75,-289,-58
75,-287,167
75,-285,-61
75,-281,79
75,-276,69
75,-267,-548
75,-265,-530
75,-265,-253
75,-265,-264
75,-260,-530
75,-256,75
75,-252,-260
75,-249,75
75,-247,73
75,-238,-424
75,-234,80
75,-232,-437
75,-229,-441
75,-228,-401
75,-227,-291
75,-226,-401
75,-226,-582
75,-225,-411
75,-224,-429
75,-223,-315
75,-220,129
75,-218,132
75,-218,-295
75,-217,-439
75,-216,-304
75,-214,-588
75,-206,-574
75,-205,-590
75,-203,-438
75,0,0
75,0,0
75,0,0
75,0,0
75,0,0
75,0,0
75,0,0
75,0,0
75,0,0
75,0,0
75,0,0
75,0,0
75,0,0
75,0,0
75,0,0
75,0,0
75,0,0
75,0,0
75,0,0
75,0,0
75,0,0
75,0,0
75,0,0
75,0,0
75,0,0
75,0,0
75,0,0
75,0,0
75,0,0
75,0,0
75,0,0
75,0,0
75,0,0
75,0,0
75,0,0
75,0,0
75,0,0
75,0,0
75,0,0
75,0,0
75,0,0
75,0,0
75,0,0
75,0,0
75,0,0
75,0,0
75,0,0
75,0,0
75,0,0
75,0,0
75,0,0
75,0,0
75,0,0
75,0,0
75,0,0
75,0,0
75,0,0
75,0,0
75,0,0
75,0,0
75,0,0
75,0,0
75,0,0
75,0,0
75,0,0
75,0,0
75,0,0
75,0,0
75,0,0
75,0,0
75,0,0
75,0,0
75,0,0
75,0,0
75,0,0
75,0,0
75,0,0
75,0,0
75,0,0
75,0,0
75,0,0
75,0,0
75,0,0
75,0,0
75,0,0
75,0,0
75,0,0
75,0,0
75,0,0
75,0,0
75,0,0
75,0,0
75,0,0
75,0,0
75,0,0
75,0,0
75,0,0
75,0,0
75,0,0
75,0,0
75,0,0
75,0,0
75,0,0
75,0,0
75,0,0
75,0,0
75,0,0
75,0,0
75,0,0
75,0,0
75,0,0
75,0,0
75,0,0
75,0,0
75,0,0
75,0,0
75,0,0
75,0,0
75,0,0
75,0,0
75,0,0
75,0,0
75,0,0
75,0,0
75,0,0
75,0,0
75,0,0
75,0,0
75,0,0
75,171,311
75,171,292
75,179,294
75,180,296
75,182,312
75,183,304
75,185,290
75,211,-372
75,211,-369
75,211,-251
75,211,-269
75,213,-389
75,220,-316
75,222,-374
75,225,-247
75,229,-269
75,229,-460
75,241,388
75,243,364
75,246,402
75,247,360
75,247,233
75,249,230
75,250,230
75,250,384
75,252,139
75,253,121
75,254,164
75,254,383
75,254,382
75,255,127
75,258,222
75,259,232
75,259,129
75,259,-378
75,260,121
75,260,125
75,260,125
75,260,125
75,260,125
75,260,125
75,260,125
75,260,125
75,262,-419
75,262,384
75,264,212
75,268,223
75,268,-206
75,269,147
75,270,119
75,270,379
75,272,-205
75,272,141
75,272,219
75,272,-218
75,274,383
75,274,-201
75,275,-226
75,276,-213
75,277,129
75,285,-210
75,286,-231
75,287,-224
75,295,-468
75,300,-452
75,300,260
75,310,-449
75,321,-325
75,323,-349
75,324,-321
75,338,-333
75,340,220
75,340,300
75,340,-308
75,342,-336
75,348,-332
75,349,-321
75,376,-452
75,380,260
75,381,-448
75,388,-461
75,389,-207
75,392,-210
75,394,-227
75,396,-218
75,399,-223
75,400,128
75,405,-202
75,406,-202
75,407,-208
75,407,121
75,408,219
75,408,-216
75,409,220
75,412,229
75,414,210
75,415,142
75,416,383
75,418,215
75,418,215
75,420,370
75,420,212
75,420,122
75,420,122
75,420,122
75,420,122
75,420,122
75,420,122
75,420,125
75,422,154
75,423,373
75,423,133
75,424,128
75,426,381
75,427,-419
75,428,381
75,428,-380
75,430,384
75,430,216
75,432,153
75,432,146
75,434,377
75,434,350
75,439,369
75,439,157
75,440,126
75,447,356
75,450,-379
75,451,-269
75,451,-249
75,455,260
75,460,-301
75,464,-371
75,467,-377
75,468,-376
75,469,-251
75,469,-269
75,489,309
75,490,299
75,490,299
75,491,292
75,494,296
75,498,291
75,509,310
76,-486,-406
76,-486,-354
76,-485,-405
76,-482,-403
76,-480,-361
76,-477,-363
76,-473,-373
76,-471,-370
76,-470,26
76,-469,-374
76,-468,-353
76,-462,30
76,-458,-399
76,-458,34
76,-458,21
76,-450,-400
76,-448,-399
76,-446,74
76,-446,86
76,-446,-401
76,-443,-410
76,-437,-403
76,-437,-359
76,-437,-405
76,-436,-392
76,-436,-356
76,-436,-355
76,-434,-406
76,-434,-354
76,-420,74
76,-394,74
76,-394,86
76,-388,206
76,-383,-31
76,-379,129
76,-379,226
76,-378,140
76,-376,148
76,-376,-25
76,-375,-23
76,-375,226
76,-372,209
76,-372,-25
76,-371,129
76,-366,-566
76,-366,-514
76,-366,-326
76,-366,-519
76,-364,-564
76,-363,-520
76,-358,-525
76,-357,-540
76,-355,-318
76,-343,-299
76,-342,-331
76,-342,-312
76,-340,-555
76,-340,-525
76,-340,-509
76,-340,-326
76,-340,-306
76,-340,554
76,-337,-525
76,-334,-306
76,-334,-300
76,-330,-540
76,-329,-540
76,-327,-538
76,-324,-541
76,-324,-536
76,-320,-554
76,-319,-509
76,-319,-540
76,-319,-512
76,-318,-330
76,-317,-519
76,-316,-548
76,-314,-566
76,-314,-514
76,-313,-559
76,-306,176
76,-301,172
76,-301,168
76,-301,171
76,-290,-301
76,-289,91
76,-286,74
76,-286,86
76,-275,74
76,-269,74
76,-268,74
76,-261,50
76,-261,35
76,-260,74
76,-260,86
76,-253,85
76,-250,84
76,-249,-379
76,-249,-352
76,-248,-369
76,-246,-364
76,-246,83
76,-239,90
76,-237,71
76,-234,71
76,-234,71
76,-234,74
76,-234,86
76,-232,-392
76,-232,-368
76,-229,79
76,-226,-355
76,-223,-359
76,-221,-404
76,-218,-401
76,-217,-401
76,-208,-392
76,-208,-368
76,0,0
76,0,0
76,0,0
76,0,0
76,0,0
76,0,0
76,0,0
76,0,0
76,0,0
76,0,0
76,0,0
76,0,0
76,0,0
76,0,0
76,0,0
76,0,0
76,0,0
76,0,0
76,0,0
76,0,0
76,0,0
76,0,0
76,0,0
76,0,0
76,0,0
76,0,0
76,0,0
76,0,0
76,0,0
76,0,0
76,0,0
76,0,0
76,0,0
76,0,0
76,0,0
76,0,0
76,0,0
76,0,0
76,0,0
76,0,0
76,0,0
76,0,0
76,0,0
76,0,0
76,0,0
76,0,0
76,0,0
76,0,0
76,0,0
76,0,0
76,0,0
76,0,0
76,0,0
76,0,0
76,0,0
76,0,0
76,0,0
76,0,0
76,0,0
76,0,0
76,0,0
76,0,0
76,0,0
76,0,0
76,0,0
76,0,0
76,0,0
76,0,0
76,0,0
76,0,0
76,0,0
76,0,0
76,0,0
76,0,0
76,0,0
76,0,0
76,0,0
76,0,0
76,0,0
76,0,0
76,0,0
76,0,0
76,0,0
76,0,0
76,0,0
76,0,0
76,0,0
76,0,0
76,0,0
76,0,0
76,0,0
76,0,0
76,0,0
76,0,0
76,0,0
76,0,0
76,0,0
76,0,0
76,0,0
76,0,0
76,0,0
76,0,0
76,0,0
76,0,0
76,0,0
76,0,0
76,0,0
76,0,0
76,0,0
76,0,0
76,0,0
76,0,0
76,0,0
76,0,0
76,0,0
76,0,0
76,0,0
76,0,0
76,0,0
76,0,0
76,0,0
76,0,0
76,0,0
76,0,0
76,0,0
76,0,0
76,0,0
76,0,0
76,0,0
76,0,0
76,0,0
76,0,0
76,0,0
76,0,0
76,0,0
76,0,0
76,0,0
76,0,0
76,0,0
76,0,0
76,0,0
76,0,0
76,0,0
76,0,0
76,0,0
76,0,0
76,0,0
76,0,0
76,0,0
76,0,0
76,0,0
76,0,0
76,0,0
76,0,0
76,0,0
76,0,0
76,0,0
76,0,0
76,0,0
76,0,0
76,0,0
76,0,0
76,0,0
76,0,0
76,0,0
76,0,0
76,0,0
76,0,0
76,0,0
76,0,0
76,0,0
76,0,0
76,0,0
76,0,0
76,0,0
76,0,0
76,0,0
76,0,0
76,0,0
76,0,0
76,0,0
76,0,0
76,0,0
76,0,0
76,0,0
76,0,0
76,0,0
76,0,0
76,0,0
76,0,0
76,0,0
76,0,0
76,0,0
76,0,0
76,0,0
76,0,0
76,0,0
76,0,0
76,0,0
76,0,0
76,0,0
76,0,0
76,0,0
76,0,0
76,0,0
76,0,0
76,0,0
76,0,0
76,0,0
76,0,0
76,0,0
76,0,0
76,0,0
76,0,0
76,0,0
76,0,0
76,0,0
76,0,0
76,0,0
76,0,0
76,0,0
76,0,0
76,0,0
76,0,0
76,0,0
76,0,0
76,0,0
76,0,0
76,0,0
76,0,0
76,0,0
76,0,0
76,0,0
76,0,0
76,0,0
76,0,0
76,0,0
76,0,0
76,0,0
76,0,0
76,0,0
76,0,0
76,0,0
76,0,0
76,0,0
76,0,0
76,0,0
76,0,0
76,0,0
76,0,0
76,0,0
76,0,0
76,0,0
76,0,0
76,0,0
76,0,0
76,0,0
76,0,0
76,0,0
76,0,0
76,0,0
76,0,0
76,0,0
76,0,0
76,0,0
76,0,0
76,0,0
76,0,0
76,0,0
76,0,0
76,0,0
76,0,0
76,0,0
76,0,0
76,0,0
76,0,0
76,0,0
76,0,0
76,0,0
76,0,0
76,0,0
76,0,0
76,0,0
76,0,0
76,0,0
76,0,0
76,0,0
76,0,0
76,0,0
76,0,0
76,0,0
76,0,0
76,0,0
76,0,0
76,0,0
76,0,0
76,0,0
76,0,0
76,0,0
76,0,0
76,0,0
76,0,0
76,0,0
76,0,0
76,0,0
76,0,0
76,0,0
76,0,0
76,0,0
76,0,0
76,0,0
76,0,0
76,0,0
76,0,0
76,0,0
76,0,0
76,0,0
76,0,0
76,0,0
76,0,0
76,0,0
76,0,0
76,0,0
76,0,0
76,0,0
76,0,0
76,0,0
76,0,0
76,0,0
76,0,0
76,0,0
76,0,0
76,0,0
76,0,0
76,0,0
76,0,0
76,0,0
76,0,0
76,0,0
76,0,0
76,0,0
76,0,0
76,0,0
76,0,0
76,0,0
76,0,0
76,0,0
76,0,0
76,0,0
76,0,0
76,0,0
76,0,0
76,0,0
76,0,0
76,0,0
76,0,0
76,0,0
76,0,0
76,0,0
76,0,0
76,0,0
76,0,0
76,0,0
76,0,0
76,0,0
76,0,0
76,0,0
76,0,0
76,0,0
76,0,0
76,0,0
76,0,0
76,0,0
76,0,0
76,0,0
76,0,0
76,0,0
76,0,0
76,0,0
76,0,0
76,0,0
76,0,0
76,0,0
76,0,0
76,0,0
76,0,0
76,0,0
76,0,0
76,0,0
76,0,0
76,0,0
76,0,0
76,0,0
76,0,0
76,0,0
76,0,0
76,0,0
76,0,0
76,0,0
76,0,0
76,0,0
76,0,0
76,0,0
76,0,0
76,0,0
76,0,0
76,0,0
76,0,0
76,0,0
76,0,0
76,0,0
76,0,0
76,0,0
76,0,0
76,0,0
76,0,0
76,0,0
76,0,0
76,0,0
76,0,0
76,0,0
76,0,0
76,0,0
76,0,0
76,0,0
76,0,0
76,0,0
76,0,0
76,0,0
76,0,0
76,0,0
76,0,0
76,0,0
76,0,0
76,0,0
76,0,0
76,0,0
76,0,0
76,0,0
76,0,0
76,0,0
76,0,0
76,0,0
76,0,0
76,0,0
76,0,0
76,0,0
76,0,0
76,0,0
76,0,0
76,0,0
76,0,0
76,0,0
76,0,0
76,0,0
76,0,0
76,0,0
76,0,0
76,171,-340
76,180,-349
76,180,-331
76,189,-340
76,211,-260
76,220,-269
76,220,-251
76,228,307
76,229,-260
76,241,306
76,244,275
76,244,288
76,248,302
76,250,313
76,251,-420
76,251,-340
76,255,318
76,257,286
76,258,291
76,260,509
76,260,-429
76,260,-411
76,260,-349
76,260,-331
76,260,514
76,260,562
76,264,307
76,269,-420
76,269,-340
76,269,325
76,271,281
76,271,333
76,272,288
76,272,308
76,277,304
76,279,333
76,285,326
76,286,-500
76,287,-506
76,287,-495
76,288,-503
76,288,-497
76,289,-501
76,289,-499
76,292,290
76,294,286
76,300,-260
76,300,386
76,300,446
76,307,380
76,309,460
76,313,-383
76,322,-409
76,324,-399
76,330,-378
76,338,-386
76,338,-357
76,339,-356
76,340,-516
76,340,-354
76,340,365
76,341,-356
76,342,-512
76,342,-357
76,343,368
76,344,-355
76,344,-393
76,345,-357
76,347,-413
76,349,-360
76,350,-385
76,351,-363
76,352,-398
76,354,-362
76,357,-410
76,359,-388
76,364,380
76,364,460
76,364,-401
76,365,380
76,370,380
76,370,460
76,371,460
76,375,380
76,376,460
76,376,-256
76,380,-260
76,380,384
76,380,390
76,380,390
76,380,396
76,380,444
76,380,447
76,380,450
76,380,456
76,380,-259
76,383,-256
76,386,573
76,388,326
76,390,-494
76,391,308
76,392,-525
76,393,-476
76,393,-478
76,393,-519
76,393,-474
76,393,-487
76,394,-526
76,394,-474
76,394,-524
76,394,-522
76,394,287
76,394,-480
76,396,309
76,396,-476
76,398,298
76,399,518
76,400,542
76,402,315
76,402,-530
76,402,536
76,402,285
76,402,-531
76,403,289
76,404,515
76,404,302
76,404,318
76,405,542
76,406,-526
76,406,-524
76,406,-522
76,406,-520
76,406,-480
76,406,-478
76,406,-476
76,406,-474
76,408,-408
76,408,288
76,408,312
76,409,530
76,410,-476
76,412,279
76,413,-350
76,416,-353
76,419,-417
76,419,319
76,420,-350
76,420,548
76,420,-393
76,420,-420
76,420,-403
76,420,-396
76,420,-357
76,420,313
76,420,-396
76,421,511
76,422,-351
76,422,564
76,424,283
76,425,-354
76,426,270
76,427,540
76,427,-350
76,429,317
76,429,534
76,430,-410
76,432,288
76,432,312
76,432,323
76,432,316
76,433,542
76,434,420
76,435,328
76,435,511
76,436,552
76,436,420
76,437,552
76,437,460
76,437,312
76,437,532
76,438,420
76,438,556
76,439,560
76,443,420
76,446,288
76,447,312
76,452,521
76,456,-344
76,456,-336
76,460,-269
76,460,-260
76,460,-251
76,462,-251
76,463,-457
76,463,-260
76,463,-269
76,463,-349
76,464,-344
76,465,-251
76,465,-260
76,465,-334
76,466,-269
76,466,-331
76,469,-327
76,469,-251
76,472,-352
76,474,-270
76,474,380
76,476,380
76,476,420
76,476,-470
76,478,380
76,483,380
76,494,-336
76,496,-344
76,497,-328
76,497,-352
76,500,-336
76,502,-344
76,504,-336
76,504,-345
77,-486,420
77,-486,420
77,-484,420
77,-484,420
77,-484,420
77,-484,420
77,-481,423
77,0,0
77,0,0
77,0,0
77,0,0
77,0,0
77,0,0
77,0,0
77,0,0
77,0,0
77,0,0
77,0,0
77,0,0
77,0,0
77,0,0
77,0,0
77,0,0
77,0,0
77,0,0
77,0,0
77,0,0
77,0,0
77,0,0
77,0,0
77,0,0
77,0,0
77,0,0
77,0,0
77,0,0
77,0,0
77,0,0
77,0,0
77,0,0
77,0,0
77,0,0
77,0,0
77,0,0
77,0,0
77,0,0
77,0,0
77,0,0
77,0,0
77,0,0
77,0,0
77,0,0
77,0,0
77,0,0
77,0,0
77,0,0
77,0,0
77,0,0
77,0,0
77,0,0
77,0,0
77,0,0
77,0,0
77,0,0
77,0,0
77,0,0
77,0,0
77,0,0
77,0,0
77,0,0
77,0,0
77,0,0
77,0,0
77,0,0
77,0,0
77,0,0
77,0,0
77,0,0
77,0,0
77,0,0
77,0,0
77,0,0
77,0,0
77,0,0
77,0,0
77,0,0
77,0,0
77,0,0
77,0,0
77,0,0
77,0,0
77,0,0
77,0,0
77,0,0
77,0,0
77,0,0
77,0,0
77,0,0
77,0,0
77,0,0
77,0,0
77,0,0
77,0,0
77,0,0
77,0,0
77,0,0
77,0,0
77,0,0
77,0,0
77,0,0
77,0,0
77,0,0
77,0,0
77,0,0
77,0,0
77,0,0
77,0,0
77,0,0
77,0,0
77,0,0
77,0,0
77,0,0
77,0,0
77,0,0
77,0,0
77,0,0
77,0,0
77,0,0
77,0,0
77,0,0
77,0,0
77,0,0
77,0,0
77,0,0
77,0,0
77,0,0
77,0,0
77,0,0
77,0,0
77,0,0
77,0,0
77,0,0
77,0,0
77,0,0
77,0,0
77,0,0
77,0,0
77,0,0
77,0,0
77,0,0
77,0,0
77,0,0
77,0,0
77,0,0
77,0,0
77,0,0
77,0,0
77,0,0
77,0,0
77,0,0
77,0,0
77,0,0
77,0,0
77,0,0
77,0,0
77,0,0
77,0,0
77,0,0
77,0,0
77,0,0
77,0,0
77,0,0
77,0,0
77,0,0
77,0,0
77,0,0
77,0,0
77,0,0
77,0,0
77,0,0
77,0,0
77,0,0
77,0,0
77,0,0
77,0,0
77,0,0
77,0,0
77,0,0
77,0,0
77,0,0
77,0,0
77,0,0
77,0,0
77,0,0
77,0,0
77,0,0
77,0,0
77,0,0
77,0,0
77,0,0
77,0,0
77,0,0
77,0,0
77,0,0
77,0,0
77,0,0
77,0,0
77,0,0
77,0,0
77,0,0
77,0,0
77,0,0
77,0,0
77,0,0
77,0,0
77,0,0
77,0,0
77,0,0
77,0,0
77,0,0
77,0,0
77,0,0
77,0,0
77,0,0
77,0,0
77,0,0
77,0,0
77,0,0
77,0,0
77,0,0
77,0,0
77,0,0
77,0,0
77,0,0
77,0,0
77,0,0
77,0,0
77,0,0
77,0,0
77,0,0
77,0,0
77,0,0
77,0,0
77,0,0
77,0,0
77,0,0
77,0,0
77,0,0
77,0,0
77,0,0
77,0,0
77,0,0
77,0,0
77,0,0
77,0,0
77,0,0
77,0,0
77,0,0
77,0,0
77,0,0
77,0,0
77,0,0
77,0,0
77,0,0
77,0,0
77,0,0
77,0,0
77,0,0
77,0,0
77,0,0
77,0,0
77,0,0
77,0,0
77,0,0
77,0,0
77,0,0
77,0,0
77,0,0
77,0,0
77,0,0
77,0,0
77,0,0
77,0,0
77,0,0
77,0,0
77,0,0
77,0,0
77,0,0
77,0,0
77,0,0
77,0,0
77,0,0
77,0,0
77,0,0
77,0,0
77,0,0
77,0,0
77,0,0
77,0,0
77,0,0
77,0,0
77,0,0
77,0,0
77,0,0
77,0,0
77,0,0
77,0,0
77,0,0
77,0,0
77,0,0
77,0,0
77,0,0
77,0,0
77,0,0
77,0,0
77,0,0
77,0,0
77,0,0
77,1,1
77,1,1
77,1,1
77,1,1
77,1,1
77,1,1
77,1,1
77,1,1
77,1,1
77,1,1
77,1,1
77,1,1
77,1,1
77,1,1
77,1,1
77,1,1
77,1,1
77,1,1
77,1,1
77,1,1
77,1,1
77,1,1
77,1,1
77,1,1
77,1,1
77,1,1
77,1,1
77,1,1
77,1,1
77,1,1
77,1,1
77,1,1
77,1,1
77,1,1
77,1,1
77,1,1
77,1,1
77,1,1
77,1,1
77,1,1
77,1,1
77,1,1
77,1,1
77,1,1
77,1,1
77,1,1
77,1,1
77,1,1
77,1,1
77,1,1
77,1,1
77,1,1
77,1,1
77,1,1
77,1,1
77,1,1
77,1,1
77,1,1
77,1,1
77,1,1
77,1,1
77,1,1
77,1,1
77,1,1
77,1,1
77,1,1
77,1,1
77,1,1
77,1,1
77,1,1
77,1,1
77,1,1
77,1,1
77,1,1
77,1,1
77,1,1
77,1,1
77,1,1
77,1,1
77,1,1
77,1,1
77,1,1
77,1,1
77,1,1
77,1,1
77,1,1
77,1,1
77,1,1
77,1,1
77,1,1
77,1,1
77,1,1
77,1,1
77,1,1
77,1,1
77,1,1
77,1,1
77,1,1
77,1,1
77,1,1
77,1,1
77,1,1
77,1,1
77,1,1
77,1,1
77,1,1
77,1,1
77,1,1
77,1,1
77,1,1
77,1,1
77,1,1
77,1,1
77,1,1
77,1,1
77,1,1
77,1,1
77,1,1
77,1,1
77,1,1
77,1,1
77,1,1
77,1,1
77,1,1
77,1,1
77,1,1
77,1,1
77,1,1
77,1,1
77,1,1
77,1,1
77,1,1
77,1,1
77,1,1
77,1,1
77,1,1
77,1,1
77,1,1
77,1,1
77,1,1
77,1,1
77,1,1
77,1,1
77,1,1
77,1,1
77,1,1
77,1,1
77,1,1
77,1,1
77,1,1
77,1,1
77,1,1
77,1,1
77,1,1
77,1,1
77,1,1
77,1,1
77,1,1
77,1,1
77,1,1
77,1,1
77,1,1
77,1,1
77,1,1
77,1,1
77,1,1
77,1,1
77,1,1
77,1,1
77,1,1
77,1,1
77,1,1
77,1,1
77,1,1
77,1,1
77,1,1
77,1,1
77,1,1
77,1,1
77,1,1
77,1,1
77,1,1
77,1,1
77,1,1
77,1,1
77,1,1
77,1,1
77,1,1
77,1,1
77,1,1
77,1,1
77,1,1
77,1,1
77,1,1
77,1,1
77,1,1
77,1,1
77,1,1
77,1,1
77,1,1
77,1,1
77,1,1
77,1,1
77,1,1
77,1,1
77,1,1
77,1,1
77,1,1
77,1,1
77,1,1
77,1,1
77,1,1
77,1,1
77,1,1
77,1,1
77,1,1
77,1,1
77,1,1
77,1,1
77,1,1
77,1,1
77,1,1
77,1,1
77,1,1
77,1,1
77,1,1
77,1,1
77,1,1
77,1,1
77,1,1
77,1,1
77,1,1
77,1,1
77,1,1
77,1,1
77,1,1
77,1,1
77,1,1
77,1,1
77,1,1
77,1,1
77,1,1
77,1,1
77,1,1
77,1,1
77,1,1
77,1,1
77,1,1
77,1,1
77,1,1
77,1,1
77,1,1
77,1,1
77,1,1
77,1,1
77,1,1
77,1,1
77,1,1
77,1,1
77,1,1
77,1,1
77,1,1
77,1,1
77,1,1
77,1,1
77,1,1
77,1,1
77,1,1
77,1,1
77,1,1
77,1,1
77,1,1
77,1,1
77,1,1
77,1,1
77,1,1
77,1,1
77,1,1
77,1,1
77,1,1
77,1,1
77,1,1
77,1,1
77,1,1
77,1,1
77,1,1
77,1,1
77,1,1
77,1,1
77,1,1
77,1,1
77,1,1
77,1,1
77,1,1
77,1,1
77,1,1
77,1,1
77,1,1
77,1,1
77,1,1
77,1,1
77,1,1
77,1,1
77,1,1
77,1,1
77,1,1
77,1,1
77,1,1
77,1,1
77,1,1
77,1,1
77,1,1
77,1,1
77,1,1
77,1,1
77,1,1
77,1,1
77,1,1
77,1,1
77,1,1
77,1,1
77,1,1
77,1,1
77,1,1
77,1,1
77,1,1
77,1,1
77,1,1
77,1,1
77,1,1
77,1,1
77,1,1
77,1,1
77,1,1
77,1,1
77,1,1
77,1,1
77,1,1
77,1,1
77,1,1
77,1,1
77,1,1
77,1,1
77,1,1
77,1,1
77,1,1
77,1,1
77,1,1
77,1,1
77,1,1
77,1,1
77,1,1
77,1,1
77,1,1
77,1,1
77,1,1
77,1,1
77,1,1
77,1,1
77,1,1
77,1,1
77,1,1
77,1,1
77,1,1
77,1,1
77,1,1
77,1,1
77,1,1
77,1,1
77,1,1
77,1,1
77,1,1
77,459,-434
77,496,-537
77,497,-544
77,500,-540
77,503,-546
77,503,-546
77,503,-543
78,0,0
78,0,0
78,0,0
78,0,0
78,1,1
78,1,1
78,1,1
78,1,1
78,1,1
78,1,1
78,1,1
78,1,1
78,1,1
78,1,1
78,1,1
78,1,1
78,1,1
78,1,1
78,1,1
78,1,1
78,1,1
78,1,1
78,1,1
78,1,1
78,1,1
78,1,1
78,1,1
78,1,1
78,1,1
78,1,1
78,1,1
78,1,1
78,1,1
78,1,1
78,1,1
78,1,1
78,1,1
78,1,1
78,1,1
78,1,1
78,1,1
78,1,1
78,1,1
78,1,1
78,1,1
78,1,1
78,1,1
78,1,1
78,1,1
78,1,1
78,1,1
78,1,1
78,1,1
78,1,1
78,1,1
78,1,1
78,1,1
78,1,1
78,1,1
78,1,1
78,1,1
78,1,1
78,1,1
78,1,1
78,1,1
78,1,1
78,1,1
78,1,1
78,1,1
78,1,1
78,1,1
78,1,1
78,1,1
78,1,1
78,1,1
78,1,1
78,1,1
78,1,1
78,1,1
78,1,1
78,1,1
78,1,1
78,1,1
78,1,1
78,1,1
78,1,1
78,1,1
78,1,1
78,1,1
78,1,1
78,1,1
78,1,1
78,1,1
78,1,1
78,1,1
78,1,1
78,1,1
78,1,1
78,1,1
78,1,1
78,1,1
78,1,1
78,1,1
78,1,1
78,1,1
78,1,1
78,1,1
78,1,1
78,1,1
78,1,1
78,1,1
78,1,1
78,1,1
78,1,1
78,1,1
78,1,1
78,1,1
78,1,1
78,1,1
78,1,1
78,1,1
78,1,1
78,1,1
78,1,1
78,1,1
78,1,1
78,1,1
78,1,1
78,1,1
78,1,1
78,1,1
78,1,1
78,1,1
78,1,1
78,1,1
78,1,1
78,1,1
78,1,1
78,1,1
78,1,1
78,1,1
78,1,1
78,1,1
78,1,1
78,1,1
78,1,1
78,1,1
78,1,1
78,1,1
78,1,1
78,1,1
78,1,1
78,1,1
78,1,1
78,1,1
78,1,1
78,1,1
78,1,1
78,1,1
78,1,1
78,1,1
78,1,1
78,1,1
78,1,1
78,1,1
78,1,1
78,1,1
78,1,1
78,1,1
78,1,1
78,1,1
78,1,1
78,1,1
78,1,1
78,1,1
78,1,1
78,1,1
78,1,1
78,1,1
78,1,1
78,1,1
78,1,1
78,1,1
78,1,1
78,1,1
78,1,1
78,1,1
78,1,1
78,1,1
78,1,1
78,1,1
78,1,1
78,1,1
78,1,1
78,1,1
78,1,1
78,1,1
78,1,1
78,1,1
78,1,1
78,1,1
78,1,1
78,1,1
78,1,1
78,1,1
78,1,1
78,1,1
78,1,1
78,1,1
78,1,1
78,1,1
78,1,1
78,1,1
78,1,1
78,1,1
78,1,1
78,1,1
78,1,1
78,1,1
78,1,1
78,1,1
78,1,1
78,1,1
78,1,1
78,1,1
78,1,1
78,1,1
78,1,1
78,1,1
78,1,1
78,1,1
78,1,1
78,1,1
78,1,1
78,1,1
78,1,1
78,1,1
78,1,1
78,1,1
78,1,1
78,1,1
78,1,1
78,1,1
78,1,1
78,1,1
78,1,1
78,1,1
78,1,1
78,1,1
78,1,1
78,1,1
78,1,1
78,1,1
78,1,1
78,1,1
78,1,1
78,1,1
78,1,1
78,1,1
78,1,1
78,1,1
78,1,1
78,1,1
78,1,1
78,1,1
78,1,1
78,1,1
78,1,1
78,1,1
78,1,1
78,1,1
78,1,1
78,1,1
78,1,1
78,1,1
78,1,1
78,1,1
78,1,1
78,1,1
78,1,1
78,1,1
78,1,1
78,1,1
78,1,1
78,1,1
78,1,1
78,1,1
78,1,1
78,1,1
78,1,1
78,1,1
78,1,1
78,1,1
78,1,1
78,1,1
78,1,1
78,1,1
78,1,1
78,1,1
78,1,1
78,1,1
78,1,1
78,1,1
78,1,1
78,1,1
78,1,1
78,1,1
78,1,1
78,1,1
78,1,1
78,1,1
78,1,1
78,1,1
78,1,1
78,1,1
78,1,1
78,1,1
78,1,1
78,1,1
78,1,1
78,1,1
78,1,1
78,1,1
78,1,1
78,1,1
78,1,1
78,1,1
78,1,1
78,1,1
78,1,1
78,1,1
78,1,1
78,1,1
78,1,1
78,1,1
78,1,1
78,1,1
78,1,1
78,1,1
78,1,1
78,1,1
78,1,1
78,1,1
78,1,1
78,1,1
78,1,1
78,1,1
78,1,1
78,1,1
78,1,1
78,1,1
78,1,1
78,1,1
78,1,1
78,1,1
78,1,1
78,1,1
78,1,1
78,1,1
78,1,1
78,1,1
78,1,1
78,1,1
78,1,1
78,1,1
78,1,1
78,1,1
78,1,1
78,1,1
78,1,1
78,1,1
78,1,1
78,1,1
78,1,1
78,1,1
78,1,1
78,1,1
78,1,1
78,1,1
78,1,1
78,1,1
78,1,1
78,1,1
78,1,1
78,1,1
78,1,1
78,1,1
78,1,1
78,1,1
78,1,1
78,1,1
78,1,1
78,1,1
78,1,1
78,1,1
78,1,1
78,1,1
78,1,1
78,1,1
78,1,1
78,1,1
78,1,1
78,1,1
78,1,1
78,1,1
78,1,1
78,1,1
78,1,1
78,1,1
78,1,1
78,1,1
78,1,1
78,1,1
78,1,1
78,1,1
78,1,1
78,1,1
78,1,1
78,1,1
78,1,1
78,1,1
78,1,1
78,1,1
78,1,1
78,1,1
78,1,1
78,1,1
78,1,1
78,1,1
78,1,1
78,1,1
78,1,1
78,1,1
78,1,1
78,1,1
78,1,1
78,1,1
78,1,1
78,1,1
78,1,1
78,1,1
78,1,1
78,1,1
78,1,1
78,1,1
78,1,1
78,1,1
78,1,1
78,1,1
78,1,1
78,1,1
78,1,1
78,1,1
78,1,1
78,1,1
78,1,1
78,1,1
78,1,1
78,1,1
78,1,1
78,1,1
78,1,1
78,1,1
78,1,1
78,1,1
78,1,1
78,1,1
78,1,1
78,1,1
78,1,1
78,1,1
78,1,1
78,1,1
78,1,1
78,1,1
78,1,1
78,1,1
78,1,1
78,1,1
78,1,1
78,1,1
78,1,1
78,1,1
78,1,1
78,1,1
78,1,1
78,1,1
78,1,1
78,1,1
78,1,1
78,1,1
78,1,1
78,1,1
78,1,1
78,1,1
78,1,1
78,1,1
78,1,1
78,1,1
78,1,1
78,1,1
78,1,1
78,1,1
78,1,1
78,1,1
78,1,1
78,1,1
78,1,1
78,1,1
78,1,1
78,1,1
78,1,1
78,1,1
78,1,1
78,1,1
78,1,1
78,1,1
78,1,1
78,1,1
78,1,1
78,1,1
78,1,1
78,1,1
78,1,1
78,1,1
78,1,1
78,1,1
78,1,1
78,1,1
78,1,1
78,1,1
78,1,1
78,1,1
78,1,1
78,1,1
78,1,1
78,1,1
78,1,1
78,1,1
78,1,1
78,1,1
78,1,1
78,1,1
78,1,1
78,1,1
78,1,1
78,1,1
78,1,1
78,1,1
78,1,1
78,1,1
78,1,1
78,1,1
78,1,1
78,1,1
78,1,1
78,1,1
78,1,1
79,-773,322
79,-771,314
79,-768,298
79,-766,632
79,-766,312
79,-764,266
79,-746,-57
79,-742,-53
79,-742,365
79,-738,-139
79,-726,330
79,-726,257
79,-723,234
79,-720,367
79,-713,384
79,-709,288
79,-705,383
79,-704,-169
79,-702,147
79,-701,154
79,-701,-144
79,-700,-216
79,-699,180
79,-694,192
79,-690,-258
79,-689,-276
79,-676,234
79,-659,376
79,-658,-271
79,-655,-271
79,-655,-178
79,-648,-174
79,-623,-79
79,-621,-213
79,-617,-172
79,-616,-190
79,-616,-83
79,-613,-181
79,-611,-157
79,-610,-117
79,-606,-113
79,-598,-147
79,-596,-183
79,-596,-183
79,-593,-72
79,-590,-107
79,-590,-100
79,-590,-134
79,-587,-220
79,-583,-24
79,-580,-39
79,-575,-11
79,-573,-14
79,-571,-48
79,-569,-90
79,-567,-46
79,-564,-13
79,-564,-96
79,-561,-81
79,-557,7
79,-556,-45
79,-554,-45
79,-550,14
79,-546,13
79,-545,59
79,-544,46
79,-542,59
79,-541,95
79,-539,57
79,-534,-220
79,-512,-582
79,-512,-3
79,-505,11
79,-505,-13
79,-495,-199
79,-495,-580
79,-493,-579
79,-488,-208
79,-470,-181
79,-464,-586
79,-457,-103
79,-454,-213
79,-451,-97
79,-449,-171
79,-446,-572
79,-446,-606
79,-445,-606
79,-441,-578
79,-441,20
79,-439,-564
79,-438,-215
79,-438,-147
79,-428,-596
79,-426,-574
79,-423,-177
79,-421,-585
79,-420,-564
79,-420,-68
79,-419,-25
79,-419,7
79,-418,-679
79,-415,-149
79,-415,-627
79,-415,-610
79,-414,-204
79,-413,-126
79,-412,-728
79,-412,-180
79,-412,-724
79,-411,-737
79,-406,-67
79,-405,-731
79,-405,-585
79,-403,-76
79,-402,-608
79,-391,-208
79,-390,-180
79,-390,-122
79,-389,-571
79,-387,-132
79,-387,-556
79,-384,-611
79,-382,-180
79,-378,-142
79,-376,-141
79,-375,-213
79,-373,-725
79,-368,-556
79,-367,-552
79,-367,-186
79,-362,-580
79,-350,-547
79,-349,-722
79,-343,-556
79,-343,-583
79,-343,-568
79,-333,-719
79,-326,-703
79,-322,-507
79,-319,-709
79,-317,-705
79,-315,-748
79,-312,-742
79,-312,-742
79,-312,-742
79,-312,-742
79,-311,-743
79,-311,-742
79,-305,-705
79,-289,-480
79,-281,-468
79,-276,-582
79,-275,-456
79,-264,-486
79,-261,-541
79,-257,-455
79,-255,-537
79,-254,-541
79,-251,-541
79,-250,-482
79,-247,-467
79,-245,-459
79,-238,-485
79,-237,-483
79,-222,-504
79,0,0
79,0,0
79,0,0
79,0,0
79,0,0
79,0,0
79,0,0
79,0,0
79,0,0
79,0,0
79,0,0
79,0,0
79,0,0
79,0,0
79,0,0
79,1,1
79,1,1
79,1,1
79,1,1
79,1,1
79,1,1
79,1,1
79,1,1
79,68,-495
79,70,-687
79,78,-662
79,80,-626
79,80,-633
79,81,-595
79,86,-552
79,91,-570
79,98,-702
79,100,-541
79,102,-723
79,102,-680
79,103,-724
79,103,-711
79,110,-723
79,115,-679
79,116,-542
79,122,-538
79,133,-729
79,135,-697
79,135,-182
79,136,-627
79,137,-449
79,139,-263
79,139,-258
79,139,-259
79,140,-311
79,140,-546
79,143,-722
79,144,-735
79,145,-534
79,146,-199
79,147,-549
79,149,-515
79,150,-167
79,150,-513
79,152,-478
79,153,-434
79,153,-188
79,154,-188
79,154,-318
79,154,-521
79,155,-528
79,156,-687
79,156,-258
79,157,-176
79,157,-449
79,159,-623
79,159,-449
79,160,-452
79,160,-392
79,161,-429
79,161,-317
79,167,-61
79,175,-60
79,177,-467
79,177,-361
79,178,-176
79,181,-145
79,186,-64
79,186,-171
79,187,-619
79,188,-465
79,188,-449
79,193,-123
79,198,-629
79,200,-592
79,203,-561
79,204,-665
79,206,-107
79,207,-118
79,210,-549
79,210,-585
79,210,-144
79,212,-537
79,213,-563
79,214,-629
79,215,-90
79,217,-623
79,221,-592
79,221,-128
79,221,-521
79,223,-659
79,224,-147
79,224,-147
79,227,-663
79,236,-88
79,237,-353
79,239,-354
79,241,-502
79,242,-666
79,242,-493
79,242,-493
79,242,-492
79,242,-492
79,242,-492
79,243,-493
79,243,-533
79,243,-491
79,247,-666
79,250,-103
79,251,-547
79,252,-725
79,253,-726
79,253,-725
79,253,-724
79,254,-725
79,254,-724
79,254,-725
79,258,-724
79,258,-574
79,260,-361
79,270,-328
79,271,-328
79,279,-390
79,281,-348
79,283,-146
79,288,-388
79,290,-366
79,290,-354
79,295,-414
79,296,-145
79,297,-139
79,301,-383
79,301,-348
79,301,-368
79,305,-138
79,307,-452
79,310,-448
79,311,-498
79,314,-447
79,316,-402
79,318,-361
79,319,-454
79,319,-456
79,322,-374
79,323,-441
79,333,-405
79,334,-448
79,341,-473
79,363,-349
79,372,-372
79,375,-141
79,378,-241
79,386,-243
79,386,-349
79,391,-218
79,406,-181
79,414,-284
79,416,-126
79,417,-70
79,419,-161
79,419,-156
79,420,-160
79,422,-154
79,422,-147
79,423,-335
79,425,-316
79,426,-70
79,429,-284
79,431,-294
79,432,-77
79,443,-324
79,446,-302
79,450,5
79,450,-299
79,455,-271
79,456,-495
79,459,28
79,459,-271
79,461,-332
79,462,-330
79,464,-300
79,472,-13
79,480,-269
79,483,-275
79,485,-276
79,486,-15
79,486,19
79,494,101
79,494,-333
79,500,3
79,501,4
79,502,88
79,504,-309
79,504,-14
79,507,-263
79,508,-264
79,518,41
79,522,-329
79,526,-12
79,533,-48
79,540,19
79,544,-349
79,576,451
79,579,450
79,591,317
79,596,325
79,600,309
79,604,415
79,608,376
79,608,368
79,608,354
79,611,501
79,612,302
79,616,377
79,617,353
79,623,350
79,623,500
79,624,363
79,650,306
79,651,311
79,665,319
79,672,517
79,672,511
79,678,321
79,685,453
79,685,322
79,687,490
79,693,354
79,695,528
79,697,512
79,697,456
79,697,347
79,702,436
79,704,436
79,720,454
79,721,353
79,726,511
79,728,470
79,729,407
79,730,501
79,732,477
79,732,462
79,733,356
79,733,507
79,734,399
79,735,404
79,738,435
79,739,503
79,742,426
79,780,571
79,781,561
80,0,0
80,0,0
80,0,0
80,0,0
80,0,0
80,0,0
80,0,0
80,0,0
80,0,0
80,0,0
80,0,0
80,0,0
80,0,0
80,0,0
80,0,0
80,0,0
80,0,0
80,0,0
80,0,0
80,0,0
80,0,0
80,0,0
80,0,0
80,0,0
80,0,0
80,0,0
80,0,0
80,0,0
80,0,0
80,0,0
80,0,0
80,0,0
80,0,0
80,0,0
80,0,0
80,0,0
80,0,0
80,0,0
80,0,0
80,0,0
80,0,0
80,0,0
80,0,0
80,0,0
80,0,0
80,0,0
80,0,0
80,0,0
80,0,0
80,0,0
80,0,0
80,0,0
80,0,0
80,0,0
80,0,0
80,0,0
80,0,0
80,0,0
80,0,0
80,0,0
80,0,0
80,0,0
80,0,0
80,0,0
80,0,0
80,0,0
80,0,0
80,0,0
80,0,0
80,0,0
80,0,0
80,0,0
80,0,0
80,0,0
80,0,0
80,0,0
80,0,0
80,0,0
80,0,0
80,0,0
80,0,0
80,0,0
80,0,0
80,0,0
80,0,0
80,0,0
80,0,0
80,0,0
80,0,0
80,0,0
80,0,0
80,0,0
80,0,0
80,0,0
80,0,0
80,0,0
80,0,0
80,0,0
80,0,0
80,0,0
80,0,0
80,0,0
80,0,0
80,0,0
80,0,0
80,0,0
80,0,0
80,0,0
80,0,0
80,0,0
80,0,0
80,0,0
80,0,0
80,0,0
80,0,0
80,0,0
80,0,0
80,0,0
80,0,0
80,0,0
80,0,0
80,0,0
80,0,0
80,0,0
80,0,0
80,0,0
80,0,0
80,0,0
80,0,0
80,0,0
80,0,0
80,0,0
80,0,0
80,0,0
80,0,0
80,0,0
80,0,0
80,0,0
80,0,0
80,0,0
80,0,0
80,0,0
80,0,0
80,0,0
80,0,0
80,0,0
80,0,0
80,0,0
80,0,0
80,0,0
80,0,0
80,0,0
80,0,0
80,0,0
80,0,0
80,0,0
80,0,0
80,0,0
80,0,0
80,0,0
80,0,0
80,0,0
80,0,0
80,0,0
80,0,0
80,0,0
80,0,0
80,0,0
80,0,0
80,0,0
80,0,0
80,0,0
80,0,0
80,0,0
80,0,0
80,0,0
80,0,0
80,0,0
80,0,0
80,0,0
80,0,0
80,0,0
80,0,0
80,0,0
80,0,0
80,0,0
80,0,0
80,0,0
80,0,0
80,0,0
80,0,0
80,0,0
80,0,0
80,0,0
80,0,0
80,0,0
80,0,0
80,0,0
80,0,0
80,0,0
80,0,0
80,0,0
80,0,0
80,0,0
80,0,0
80,0,0
80,0,0
80,0,0
80,0,0
80,0,0
80,0,0
80,0,0
80,0,0
80,0,0
80,0,0
80,0,0
80,0,0
80,0,0
80,0,0
80,0,0
80,0,0
80,0,0
80,0,0
80,0,0
80,0,0
80,0,0
80,0,0
80,0,0
80,0,0
80,0,0
80,0,0
80,0,0
80,0,0
80,0,0
80,0,0
80,0,0
80,0,0
80,0,0
80,0,0
80,0,0
80,0,0
80,0,0
80,0,0
80,0,0
80,0,0
80,0,0
80,0,0
80,0,0
80,0,0
80,0,0
80,0,0
80,0,0
80,0,0
80,0,0
80,0,0
80,0,0
80,0,0
80,0,0
80,0,0
80,0,0
80,0,0
80,0,0
80,0,0
80,0,0
80,0,0
80,0,0
80,0,0
80,0,0
80,0,0
80,0,0
80,0,0
80,0,0
80,0,0
80,0,0
80,0,0
80,0,0
80,0,0
80,0,0
80,0,0
80,0,0
80,0,0
80,0,0
80,0,0
80,0,0
80,0,0
80,0,0
80,0,0
80,0,0
80,0,0
80,0,0
80,0,0
80,0,0
80,0,0
80,0,0
80,0,0
80,0,0
80,0,0
80,0,0
80,0,0
80,0,0
80,0,0
80,0,0
80,0,0
80,0,0
80,0,0
80,0,0
80,0,0
80,0,0
80,0,0
80,0,0
80,0,0
80,0,0
80,0,0
80,0,0
80,0,0
80,0,0
80,0,0
80,0,0
80,0,0
80,0,0
80,0,0
80,0,0
80,0,0
80,0,0
80,0,0
80,0,0
80,0,0
80,0,0
80,0,0
80,0,0
80,0,0
80,0,0
80,0,0
80,0,0
80,0,0
80,0,0
80,0,0
80,0,0
80,0,0
80,0,0
80,0,0
80,0,0
80,0,0
80,0,0
80,0,0
80,0,0
80,0,0
81,0,0
81,0,0
81,0,0
81,0,0
81,0,0
81,0,0
81,0,0
81,0,0
81,0,0
81,0,0
81,0,0
81,0,0
81,0,0
81,0,0
81,0,0
81,0,0
81,0,0
81,0,0
81,0,0
81,0,0
81,0,0
81,0,0
81,0,0
81,0,0
81,0,0
81,0,0
81,0,0
81,0,0
81,0,0
81,0,0
81,0,0
81,0,0
81,0,0
81,0,0
81,0,0
81,0,0
81,0,0
81,0,0
81,0,0
81,0,0
81,0,0
81,0,0
81,0,0
81,0,0
81,0,0
81,0,0
81,0,0
81,0,0
81,0,0
81,0,0
81,0,0
81,0,0
81,0,0
81,0,0
81,0,0
81,0,0
81,0,0
81,0,0
81,0,0
81,0,0
81,0,0
81,0,0
81,0,0
81,0,0
81,0,0
81,0,0
81,0,0
81,0,0
81,0,0
81,0,0
81,0,0
81,0,0
81,0,0
81,0,0
81,0,0
81,0,0
81,0,0
81,0,0
81,0,0
81,0,0
81,0,0
81,0,0
81,0,0
81,0,0
81,0,0
81,0,0
81,0,0
81,0,0
81,0,0
81,0,0
81,0,0
81,0,0
81,0,0
81,0,0
81,0,0
81,0,0
81,0,0
81,0,0
81,0,0
81,0,0
81,0,0
81,0,0
81,0,0
81,0,0
81,0,0
81,0,0
81,0,0
81,0,0
81,0,0
81,0,0
81,0,0
81,0,0
81,0,0
81,0,0
81,0,0
81,0,0
81,0,0
81,0,0
81,0,0
81,0,0
81,0,0
81,0,0
81,0,0
81,0,0
81,0,0
81,0,0
81,0,0
81,0,0
81,0,0
81,0,0
81,0,0
81,0,0
81,0,0
81,0,0
81,0,0
81,0,0
81,0,0
81,0,0
81,0,0
81,0,0
81,0,0
81,0,0
81,0,0
81,0,0
81,0,0
81,0,0
81,0,0
81,0,0
81,0,0
81,0,0
81,0,0
81,0,0
81,0,0
81,0,0
81,0,0
81,0,0
81,0,0
81,0,0
81,0,0
81,0,0
81,0,0
81,0,0
81,0,0
81,0,0
81,0,0
81,0,0
81,0,0
81,0,0
81,0,0
81,0,0
81,0,0
81,0,0
81,0,0
81,0,0
81,0,0
81,0,0
81,0,0
81,0,0
81,0,0
81,0,0
81,0,0
81,0,0
81,0,0
81,0,0
81,0,0
81,0,0
81,0,0
81,0,0
81,0,0
81,0,0
81,0,0
81,0,0
81,0,0
81,0,0
81,0,0
81,0,0
81,0,0
81,0,0
81,0,0
81,0,0
81,0,0
81,0,0
81,0,0
81,0,0
81,0,0
81,0,0
81,0,0
81,1,1
81,1,1
81,1,1
81,1,1
81,1,1
81,1,1
81,1,1
81,1,1
81,1,1
81,1,1
81,1,1
81,1,1
81,1,1
81,1,1
81,1,1
81,1,1
81,1,1
81,4,156
81,18,139
81,19,158
81,28,167
81,42,172
81,43,144
81,57,137
81,62,129
81,71,166
81,73,122
81,81,119
81,84,126
81,86,182
81,90,73
81,108,-532
81,112,182
81,121,221
81,125,-478
81,134,263
81,135,23
81,141,-466
81,142,178
81,144,-524
81,145,23
81,147,427
81,150,313
81,154,-96
81,155,-83
81,156,-518
81,156,-438
81,156,48
81,157,-320
81,159,-401
81,160,-527
81,161,169
81,162,-398
81,163,-471
81,164,-476
81,165,376
81,166,-465
81,166,-394
81,168,-440
81,172,-66
81,172,39
81,174,-374
81,175,45
81,176,-436
81,177,-99
81,180,-324
81,181,-325
81,181,179
81,182,-311
81,183,309
81,183,346
81,185,24
81,188,188
81,189,-450
81,193,-50
81,195,-28
81,195,271
81,195,384
81,197,287
81,199,440
81,203,112
81,205,-69
81,209,83
81,210,-363
81,213,292
81,215,-482
81,216,-351
81,217,-111
81,219,-457
81,219,-236
81,221,-507
81,221,274
81,221,441
81,222,-262
81,222,-75
81,223,149
81,224,-467
81,224,367
81,225,-59
81,225,26
81,226,-48
81,227,387
81,231,18
81,232,-282
81,235,-157
81,236,-538
81,236,-323
81,236,-97
81,237,-518
81,237,425
81,239,-485
81,241,-302
81,241,-287
81,242,-243
81,242,10
81,242,106
81,243,88
81,243,304
81,246,-361
81,246,-4
81,246,403
81,247,-287
81,247,272
81,251,-348
81,252,-314
81,252,338
81,253,372
81,255,-354
81,256,-87
81,257,372
81,258,-63
81,258,102
81,259,65
81,261,92
81,262,89
81,262,157
81,264,-481
81,265,-430
81,266,-146
81,267,-474
81,267,-312
81,267,23
81,267,160
81,270,24
81,271,-104
81,272,-376
81,272,-293
81,272,-141
81,273,-377
81,274,-394
81,274,-286
81,274,-247
81,274,75
81,274,-106
81,275,82
81,276,-118
81,276,138
81,276,157
81,278,-519
81,279,-134
81,279,-141
81,280,-135
81,280,127
81,281,-509
81,281,-132
81,282,50
81,282,150
81,283,-93
81,283,-126
81,284,149
81,285,-85
81,285,-85
81,285,-119
81,287,-136
81,287,-117
81,287,-117
81,287,-416
81,287,-94
81,288,-248
81,289,-89
81,289,-271
81,289,341
81,290,-105
81,290,-105
81,290,-249
81,290,51
81,290,411
81,291,-117
81,291,-512
81,291,-423
81,292,-492
81,292,-398
81,292,-86
81,292,-86
81,293,-384
81,294,-80
81,295,-96
81,295,-81
81,295,-95
81,296,-453
81,296,-372
81,297,-98
81,298,-98
81,298,-117
81,298,-118
81,298,-121
81,298,-118
81,298,-507
81,298,-118
81,298,-118
81,298,-98
81,299,-117
81,299,-448
81,301,-116
81,301,-115
81,301,-120
81,301,-453
81,301,-135
81,301,-114
81,301,-114
81,302,-116
81,302,-118
81,302,192
81,303,0
81,304,-90
81,304,-90
81,304,-117
81,305,-136
81,305,-119
81,305,-119
81,307,-372
81,307,-222
81,308,-94
81,308,-95
81,308,-91
81,308,-94
81,309,-93
81,310,-79
81,310,-80
81,311,-120
81,311,-77
81,311,-77
81,311,-77
81,311,-77
81,311,-77
81,312,489
81,314,-132
81,314,-222
81,314,-131
81,314,-131
81,314,-131
81,314,-131
81,314,-131
81,314,-131
81,314,-131
81,314,-131
81,315,-126
81,315,-533
81,315,94
81,316,-89
81,316,-105
81,316,-81
81,316,-116
81,316,-346
81,316,66
81,316,-92
81,316,-106
81,316,-107
81,317,-106
81,317,-106
81,318,-126
81,318,-79
81,318,-123
81,318,-122
81,318,-125
81,319,-83
81,320,-107
81,320,-127
81,320,-104
81,320,-104
81,320,178
81,320,-82
81,320,-114
81,321,-116
81,321,-126
81,322,-98
81,323,-122
81,323,-122
81,323,-116
81,323,-117
81,324,-125
81,325,-125
81,325,-25
81,325,-97
81,325,-126
81,325,-126
81,326,-83
81,326,63
81,327,-343
81,328,-115
81,328,-113
81,329,-83
81,330,68
81,330,439
81,331,-110
81,331,-108
81,332,-96
81,334,-99
81,334,187
81,337,-355
81,337,185
81,338,-350
81,338,-102
81,339,-466
81,339,189
81,340,-346
81,344,127
81,346,-343
81,350,-406
81,353,-324
81,354,-339
81,354,-124
81,354,-24
81,355,-209
81,357,-477
81,357,-181
81,357,-181
81,359,-460
81,361,-352
81,363,-317
81,363,-221
81,363,153
81,365,120
81,366,-410
81,366,-292
81,367,-219
81,368,165
81,374,-200
81,376,431
81,378,-410
81,378,17
81,379,-159
81,381,-51
81,382,9
81,384,-352
81,385,-219
81,385,88
81,386,-126
81,387,171
81,388,-289
81,392,-268
81,392,-135
81,393,400
81,396,448
81,399,136
81,400,-186
81,403,-103
81,403,391
81,410,-366
81,410,-62
81,412,-111
81,416,-110
81,417,-198
81,417,-77
81,418,-119
81,418,-72
81,419,-375
81,419,161
81,420,117
81,421,-364
81,423,-92
81,424,-346
81,427,-94
81,428,-334
81,431,-358
81,432,-79
81,433,-235
81,434,-362
81,434,-227
81,435,-461
81,438,-282
81,443,-447
81,443,-270
81,444,-457
81,447,341
81,450,-480
81,452,-309
81,453,319
81,460,-466
81,461,-454
81,461,-99
81,467,-210
81,469,-412
81,470,-241
81,470,-61
81,471,-173
81,472,-155
81,474,-479
81,474,62
81,476,-363
81,476,-166
81,477,403
81,478,-156
81,479,-170
81,479,-165
81,479,-142
81,480,-162
81,480,23
81,481,405
81,482,-171
81,482,-161
81,483,303
81,484,-172
81,484,94
81,489,-71
81,490,231
81,492,-360
81,492,-76
81,495,-336
81,496,-79
81,498,-428
81,499,-224
81,499,488
81,501,270
81,502,419
81,503,378
81,504,-353
81,504,279
81,505,378
81,508,306
81,511,345
81,511,345
81,511,437
81,512,87
81,512,90
81,512,418
81,515,-283
81,515,-201
81,516,483
81,517,396
81,519,-481
81,519,-157
81,520,-197
81,521,-162
81,523,55
81,525,-487
81,526,-275
81,526,322
81,526,335
81,531,-348
81,534,-471
81,535,-484
81,535,-331
81,537,-286
81,541,148
81,544,140
81,546,-336
81,546,262
81,549,-350
81,550,39
81,550,40
81,551,36
81,551,42
81,556,-274
81,559,208
81,561,45
81,562,305
81,563,-379
81,564,404
81,565,37
81,565,325
81,566,40
81,569,428
81,576,334
81,581,314
81,586,374
81,608,269
81,615,223
81,615,398
81,617,-493
81,621,200
81,621,341
81,627,-491
81,631,-497
81,636,390
81,666,367
81,668,303
81,670,462
81,679,421
81,683,418
81,686,396
81,689,412
81,691,371
81,691,420
81,694,431
81,713,402
81,714,394
81,721,473
81,730,414
81,731,479
81,733,466
81,735,478
81,751,471
81,754,406
81,754,555
81,760,596
81,764,548
81,771,476
81,782,639
81,789,488
81,794,519
81,795,476
81,806,640
81,806,522
82,-570,-436
82,-565,-440
82,-565,-439
82,-564,-439
82,-563,-441
82,-562,-440
82,-561,-441
82,-561,-441
82,-541,342
82,-529,-424
82,-522,325
82,-499,280
82,-486,-400
82,-477,326
82,-468,-355
82,-466,-362
82,-460,-455
82,-458,-470
82,-454,276
82,-452,-422
82,-442,-411
82,-437,-434
82,-426,277
82,-409,-446
82,-404,-488
82,-400,-395
82,-400,-459
82,-397,-362
82,-391,-388
82,-388,-426
82,-386,-333
82,-379,-367
82,-375,-432
82,-371,-237
82,-370,-316
82,-368,265
82,-367,255
82,-367,-342
82,-366,222
82,-363,232
82,-362,-314
82,-359,202
82,-355,28
82,-348,-385
82,-348,-334
82,-339,-343
82,-333,212
82,-333,-303
82,-332,135
82,-329,-142
82,-328,85
82,-327,-242
82,-326,43
82,-325,-7
82,-321,-119
82,-319,-347
82,-314,-151
82,-308,-173
82,-304,61
82,-299,-291
82,-299,187
82,-299,15
82,-299,23
82,-288,-53
82,-286,197
82,-280,23
82,-280,-107
82,-273,-188
82,-272,68
82,-268,168
82,-265,-204
82,-264,-93
82,-262,-247
82,-261,-188
82,-258,-81
82,-253,-38
82,-244,-37
82,-222,439
82,-219,-100
82,-216,-74
82,-216,-198
82,-214,-178
82,-205,-119
82,-204,203
82,-198,-120
82,-197,-146
82,-195,197
82,-195,-436
82,-192,434
82,-192,87
82,-192,92
82,-190,484
82,-185,-451
82,-178,-431
82,-176,-171
82,-176,455
82,-167,312
82,-166,-426
82,-165,414
82,-164,348
82,-163,-445
82,-162,-416
82,-161,-445
82,-161,249
82,-160,342
82,-156,-406
82,-154,244
82,-154,-126
82,-152,-477
82,-151,-471
82,-150,311
82,-147,-413
82,-147,311
82,-147,485
82,-146,419
82,-146,379
82,-144,-140
82,-141,294
82,-139,-409
82,-134,109
82,-130,291
82,-130,292
82,-127,324
82,-122,83
82,-114,330
82,-114,351
82,-109,-358
82,-106,111
82,-102,97
82,-97,348
82,-96,-403
82,-88,100
82,-88,311
82,-86,-385
82,-78,-205
82,-76,115
82,-76,-554
82,-75,-590
82,-74,-480
82,-73,370
82,-70,-410
82,-69,130
82,-68,-450
82,-64,-194
82,-61,332
82,-57,-356
82,-49,-428
82,-48,158
82,-47,332
82,-46,-508
82,-45,-338
82,-43,-647
82,-41,-565
82,-33,-486
82,-32,-186
82,-32,-442
82,-28,-605
82,-20,-201
82,-19,321
82,-19,-389
82,-13,52
82,-13,-269
82,-13,79
82,-9,-314
82,-9,-591
82,-7,330
82,-6,83
82,-2,-294
82,-1,-619
82,-1,-558
82,0,0
82,0,0
82,0,0
82,0,0
82,0,0
82,0,0
82,0,0
82,0,0
82,0,0
82,0,0
82,0,0
82,0,0
82,0,0
82,0,0
82,0,0
82,0,0
82,0,0
82,0,0
82,0,0
82,0,0
82,0,0
82,0,0
82,0,0
82,0,0
82,0,0
82,0,0
82,0,0
82,0,0
82,0,0
82,0,0
82,0,0
82,0,0
82,0,0
82,0,0
82,0,0
82,0,0
82,0,0
82,0,0
82,0,0
82,0,0
82,0,0
82,0,0
82,0,0
82,0,0
82,0,0
82,0,0
82,0,0
82,0,0
82,0,0
82,0,0
82,0,0
82,0,0
82,0,0
82,0,0
82,0,0
82,0,0
82,0,0
82,0,0
82,0,0
82,0,0
82,0,0
82,0,0
82,0,0
82,0,0
82,0,0
82,0,0
82,0,0
82,0,0
82,0,0
82,0,0
82,0,0
82,0,0
82,0,0
82,0,0
82,0,0
82,0,0
82,0,0
82,0,0
82,0,0
82,0,0
82,0,0
82,0,0
82,0,0
82,0,0
82,0,0
82,0,0
82,0,0
82,0,0
82,0,0
82,0,0
82,0,0
82,0,0
82,0,0
82,0,0
82,0,0
82,0,0
82,0,0
82,0,0
82,0,0
82,0,0
82,0,0
82,0,0
82,0,0
82,0,0
82,0,0
82,0,0
82,0,0
82,0,0
82,0,0
82,0,0
82,0,0
82,0,0
82,0,0
82,0,0
82,0,0
82,0,0
82,0,0
82,0,0
82,0,0
82,0,0
82,0,0
82,0,0
82,0,0
82,0,0
82,0,0
82,0,0
82,0,0
82,0,0
82,0,0
82,0,0
82,0,0
82,0,0
82,0,0
82,0,0
82,0,0
82,0,0
82,0,0
82,0,0
82,0,0
82,0,0
82,0,0
82,0,0
82,0,0
82,0,0
82,0,0
82,0,0
82,0,0
82,0,0
82,0,0
82,0,0
82,0,0
82,0,0
82,0,0
82,0,0
82,0,0
82,0,0
82,0,0
82,0,0
82,0,0
82,0,0
82,0,0
82,0,0
82,0,0
82,0,0
82,0,0
82,0,0
82,0,0
82,0,0
82,0,0
82,0,0
82,0,0
82,0,0
82,0,0
82,0,0
82,0,0
82,0,0
82,0,0
82,0,0
82,0,0
82,0,0
82,0,0
82,0,0
82,0,0
82,0,0
82,0,0
82,0,0
82,0,0
82,0,0
82,0,0
82,0,0
82,0,0
82,0,0
82,0,0
82,0,0
82,0,0
82,0,0
82,0,0
82,0,0
82,0,0
82,0,0
82,0,0
82,0,0
82,0,0
82,0,0
82,0,0
82,0,0
82,0,0
82,0,0
82,0,0
82,0,0
82,0,0
82,0,0
82,0,0
82,0,0
82,0,0
82,0,0
82,0,0
82,0,0
82,0,0
82,0,0
82,0,0
82,0,0
82,0,0
82,0,0
82,0,0
82,0,0
82,0,0
82,0,0
82,0,0
82,0,0
82,0,0
82,0,0
82,0,0
82,0,0
82,0,0
82,0,0
82,0,0
82,1,-204
82,1,17
82,1,1
82,1,1
82,1,1
82,1,1
82,1,1
82,1,1
82,1,1
82,1,1
82,1,1
82,1,1
82,1,1
82,1,1
82,1,1
82,1,1
82,1,1
82,1,1
82,1,1
82,2,-293
82,4,-528
82,4,-192
82,7,-352
82,10,-247
82,11,-510
82,12,-200
82,16,72
82,19,-360
82,26,221
82,29,24
82,31,-257
82,32,-231
82,35,-297
82,36,-194
82,36,-30
82,37,-4
82,38,-339
82,38,-36
82,42,-25
82,42,-25
82,42,-33
82,42,-33
82,42,-33
82,42,-33
82,42,-33
82,42,-33
82,42,-33
82,42,-33
82,43,-24
82,43,-14
82,43,-7
82,44,292
82,44,-19
82,44,-19
82,44,-19
82,44,-9
82,45,-34
82,45,-33
82,45,-10
82,45,-45
82,46,76
82,46,-35
82,47,-32
82,47,288
82,47,-38
82,48,-33
82,48,-17
82,48,-10
82,49,-196
82,49,-29
82,49,-28
82,49,-29
82,49,-28
82,49,329
82,49,-28
82,50,-29
82,50,-15
82,50,-29
82,50,-16
82,50,-17
82,51,-10
82,51,-25
82,51,286
82,52,-34
82,52,-15
82,53,-11
82,53,312
82,54,-7
82,54,24
82,55,-37
82,55,5
82,56,-38
82,56,-240
82,58,-38
82,60,-37
82,60,-40
82,60,-37
82,60,-10
82,60,-8
82,61,-38
82,61,-10
82,61,-10
82,61,-11
82,61,-7
82,63,-37
82,64,-36
82,64,324
82,68,-33
82,69,-27
82,70,-31
82,70,-31
82,71,-7
82,71,-26
82,72,-27
82,73,366
82,74,-27
82,74,-31
82,74,-30
82,75,3
82,75,-16
82,75,-31
82,75,-21
82,75,-43
82,76,-33
82,76,-37
82,76,115
82,77,-18
82,78,-10
82,78,-26
82,79,-27
82,79,352
82,79,-8
82,81,-0
82,81,-30
82,81,-14
82,81,-210
82,82,-17
82,83,-5
82,84,-41
82,85,-62
82,85,5
82,87,147
82,87,267
82,88,-152
82,89,-10
82,89,-10
82,90,12
82,92,473
82,93,-243
82,94,308
82,96,-6
82,97,-7
82,102,196
82,102,327
82,102,-9
82,102,-49
82,102,323
82,103,17
82,104,-29
82,107,429
82,107,-16
82,108,457
82,112,-120
82,113,-18
82,114,368
82,115,433
82,116,-124
82,118,-154
82,118,-19
82,121,40
82,124,144
82,125,447
82,126,484
82,126,406
82,127,477
82,132,32
82,133,-88
82,137,-252
82,139,438
82,143,-20
82,144,-70
82,150,-121
82,154,28
82,154,190
82,155,89
82,159,-210
82,165,180
82,166,-304
82,166,-261
82,169,-118
82,171,-174
82,175,107
82,176,82
82,177,293
82,180,321
82,188,361
82,193,-374
82,196,-348
82,197,-75
82,198,-326
82,199,-11
82,199,391
82,200,-324
82,203,-336
82,204,-0
82,205,-348
82,206,-48
82,206,-449
82,209,-423
82,210,-290
82,215,100
82,219,355
82,225,-294
82,230,-507
82,231,376
82,232,240
82,233,-534
82,234,-548
82,234,-528
82,234,-273
82,235,-502
82,236,186
82,237,201
82,238,-559
82,238,-359
82,238,-430
82,240,-561
82,242,-499
82,245,-396
82,254,290
82,255,-318
82,259,202
82,263,421
82,263,60
82,264,-312
82,267,552
82,267,-370
82,268,251
82,269,-368
82,272,360
82,272,-560
82,275,564
82,275,-483
82,277,163
82,277,-491
82,278,95
82,278,118
82,279,-521
82,280,-465
82,280,-512
82,282,-499
82,286,234
82,289,38
82,289,172
82,290,-458
82,293,-432
82,294,136
82,296,524
82,297,-364
82,301,486
82,301,487
82,301,446
82,303,474
82,304,45
82,305,279
82,305,450
82,309,-381
82,310,-388
82,311,465
82,316,-427
82,317,-362
82,317,-378
82,317,-361
82,318,-430
82,320,367
82,322,-518
82,327,133
82,334,160
82,334,108
82,337,-359
82,338,-356
82,338,107
82,340,-386
82,340,156
82,342,100
82,344,8
82,345,-437
82,346,81
82,347,-383
82,348,-434
82,349,-364
82,350,-426
82,354,-418
82,354,-385
82,357,79
82,362,-370
82,369,-342
82,375,451
82,376,-408
82,378,464
82,380,-401
82,384,-395
82,398,-390
82,401,439
82,406,-401
82,407,-370
82,410,-384
82,410,-384
82,422,-386
82,427,-346
82,431,-111
82,432,-124
82,434,-375
82,437,-388
82,439,-395
82,442,-133
82,442,-119
82,444,-154
82,447,-391
82,467,-174
82,468,-249
82,469,-278
82,484,-240
82,484,-213
82,507,350
82,530,357
82,553,356
82,560,368
82,564,356
83,-676,-565
83,-675,-561
83,-670,-549
83,-640,-462
83,-637,-421
83,-636,-541
83,-633,-474
83,-632,-474
83,-629,-434
83,-625,-444
83,-622,-452
83,-606,-475
83,-604,-565
83,-603,-542
83,-598,-571
83,-593,-534
83,-589,-453
83,-586,-446
83,-582,-477
83,-580,-454
83,-576,-481
83,-574,-569
83,-573,-567
83,-571,-575
83,-570,-485
83,-569,-584
83,-566,-569
83,-559,-599
83,-556,-481
83,-552,-592
83,-532,-469
83,-523,-479
83,-520,170
83,-516,-598
83,-515,-472
83,-515,-486
83,-506,-445
83,-500,128
83,-500,129
83,-489,-484
83,-488,-436
83,-482,218
83,-481,13
83,-480,37
83,-478,238
83,-478,6
83,-477,-452
83,-476,-355
83,-474,25
83,-472,-359
83,-471,-313
83,-471,-320
83,-471,224
83,-470,-344
83,-468,8
83,-467,-351
83,-467,-314
83,-466,-313
83,-466,24
83,-464,-358
83,-461,203
83,-457,227
83,-454,-474
83,-451,-316
83,-451,245
83,-449,-466
83,-449,-313
83,-448,-464
83,-445,201
83,-445,-471
83,-445,37
83,-444,-661
83,-443,-334
83,-442,-314
83,-442,229
83,-441,-483
83,-441,-302
83,-440,-320
83,-438,-357
83,-438,-321
83,-438,250
83,-436,290
83,-435,279
83,-432,261
83,-432,-364
83,-431,41
83,-427,-356
83,-427,-450
83,-426,-447
83,-423,-448
83,-418,30
83,-416,-363
83,-414,-358
83,-413,-357
83,-412,-33
83,-410,366
83,-410,-366
83,-410,-355
83,-408,-366
83,-405,-421
83,-404,198
83,-400,521
83,-397,-411
83,-395,359
83,-390,351
83,-386,353
83,-385,-27
83,-384,-695
83,-384,-546
83,-383,-341
83,-379,-45
83,-378,-29
83,-375,362
83,-374,324
83,-370,-55
83,-369,-54
83,-367,274
83,-366,342
83,-365,-79
83,-365,272
83,-365,294
83,-358,-644
83,-357,-44
83,-356,540
83,-344,283
83,-341,283
83,-340,-481
83,-337,-620
83,-336,-383
83,-326,-700
83,-323,-246
83,-323,-688
83,-322,-323
83,-321,283
83,-320,-260
83,-318,-256
83,-316,-340
83,-315,-339
83,-315,-269
83,-313,-574
83,-310,-261
83,-310,-288
83,-308,-323
83,-308,-353
83,-307,-282
83,-302,-459
83,-300,-101
83,-299,-102
83,-299,-440
83,-297,-356
83,-296,-348
83,-295,-575
83,-292,-270
83,-284,-226
83,-283,-346
83,-282,277
83,-280,379
83,-272,-608
83,-271,-351
83,-271,-265
83,-270,-294
83,-270,-280
83,-270,-244
83,-265,-161
83,-264,-254
83,-263,-715
83,-262,-86
83,-248,-198
83,-246,-680
83,-246,-195
83,-246,-608
83,-242,517
83,-242,-36
83,-241,-698
83,-241,1
83,-239,-7
83,-238,-714
83,-237,-26
83,-237,-687
83,-237,-635
83,-231,-187
83,-227,-276
83,-222,-293
83,-222,-180
83,-219,-191
83,-219,-199
83,-216,-288
83,-216,-270
83,-215,-291
83,-215,-22
83,-215,-590
83,-215,-279
83,-214,-279
83,-214,-279
83,-214,-270
83,-213,-641
83,-212,-171
83,-212,-289
83,-212,-305
83,-212,-291
83,-211,-290
83,-210,-184
83,-210,-7
83,-209,-290
83,-209,-292
83,-209,17
83,-209,-271
83,-209,-264
83,-209,-270
83,-209,-292
83,-206,-293
83,-205,-289
83,-205,-289
83,-205,-289
83,-205,-289
83,-205,-294
83,-204,-293
83,-203,-267
83,-203,-293
83,-201,-294
83,-201,-302
83,-201,-301
83,-201,-295
83,-200,70
83,-199,-273
83,-199,-292
83,-199,-44
83,-198,-267
83,-198,-618
83,-198,-273
83,-198,-262
83,-198,-270
83,-197,-43
83,-197,-298
83,-196,-275
83,-196,-275
83,-196,-275
83,-196,-275
83,-195,-275
83,-195,-288
83,-194,-291
83,-194,-268
83,-194,-617
83,-193,-288
83,-192,-286
83,-192,-274
83,-190,-287
83,-190,-279
83,-190,-281
83,-190,-285
83,-189,-211
83,-188,-276
83,-187,-284
83,-187,-280
83,-186,-285
83,-186,-281
83,-186,8
83,-186,82
83,-186,-276
83,-186,-278
83,-185,-287
83,-183,-286
83,-183,20
83,-183,60
83,-182,-274
83,-180,-196
83,-180,-605
83,-179,57
83,-178,-273
83,-176,10
83,-176,-41
83,-176,-279
83,-175,79
83,-172,-279
83,-168,87
83,-168,12
83,-167,36
83,-167,100
83,-166,-279
83,-166,9
83,-165,-279
83,-163,-347
83,-159,-279
83,-157,-278
83,-154,118
83,-153,-281
83,-150,-280
83,-149,-344
83,-149,-345
83,-146,-281
83,-144,-204
83,-144,-583
83,-143,-710
83,-140,-571
83,-138,-550
83,-138,-334
83,-137,-244
83,-137,-247
83,-134,-271
83,-134,-265
83,-133,-320
83,-132,-298
83,-131,-299
83,-128,-261
83,-128,-291
83,-128,-336
83,-126,-212
83,-125,-205
83,-124,-418
83,-123,-282
83,-123,-282
83,-123,-282
83,-123,-282
83,-123,-282
83,-123,-282
83,-123,-282
83,-123,-282
83,-120,-290
83,-120,-333
83,-119,-539
83,-118,-223
83,-117,-274
83,-117,-343
83,-117,-477
83,-116,-285
83,-115,-285
83,-100,-520
83,-99,628
83,-97,-750
83,-92,-478
83,-89,-456
83,-84,-284
83,-82,-474
83,-81,-479
83,-79,-282
83,-70,-448
83,-60,243
83,-57,-479
83,-57,248
83,-56,-472
83,-50,-444
83,-50,247
83,-45,-260
83,-45,-470
83,-44,-437
83,-40,270
83,-38,244
83,-35,-452
83,-33,274
83,-30,-121
83,-27,262
83,-27,270
83,-27,23
83,-23,244
83,-23,245
83,-14,239
83,-13,-154
83,-12,237
83,-9,-128
83,0,0
83,0,0
83,0,0
83,0,0
83,0,0
83,0,0
83,0,0
83,0,0
83,0,0
83,0,0
83,0,0
83,0,0
83,0,0
83,0,0
83,0,0
83,0,0
83,0,0
83,0,0
83,0,0
83,0,0
83,0,0
83,0,0
83,0,0
83,0,0
83,0,0
83,0,0
83,0,0
83,0,0
83,0,0
83,0,0
83,0,0
83,0,0
83,0,0
83,0,0
83,0,0
83,0,0
83,0,0
83,0,0
83,0,0
83,0,0
83,0,0
83,0,0
83,0,0
83,0,0
83,0,0
83,0,0
83,0,0
83,0,0
83,0,0
83,0,0
83,0,0
83,0,0
83,0,0
83,0,0
83,0,0
83,0,0
83,0,0
83,0,0
83,0,0
83,0,0
83,0,0
83,0,0
83,0,0
83,0,0
83,0,0
83,0,0
83,0,0
83,0,0
83,0,0
83,0,0
83,0,0
83,0,0
83,0,0
83,0,0
83,0,0
83,0,0
83,0,0
83,0,0
83,0,0
83,0,0
83,0,0
83,0,0
83,0,0
83,0,0
83,0,0
83,0,0
83,0,0
83,0,0
83,0,0
83,0,0
83,0,0
83,0,0
83,0,0
83,0,0
83,0,0
83,0,0
83,0,0
83,0,0
83,0,0
83,0,0
83,0,0
83,0,0
83,0,0
83,0,0
83,0,0
83,0,0
83,0,0
83,0,0
83,0,0
83,0,0
83,0,0
83,0,0
83,0,0
83,0,0
83,0,0
83,0,0
83,0,0
83,0,0
83,0,0
83,0,0
83,0,0
83,0,0
83,0,0
83,0,0
83,0,0
83,0,0
83,0,0
83,0,0
83,0,0
83,0,0
83,0,0
83,0,0
83,0,0
83,0,0
83,0,0
83,0,0
83,0,0
83,0,0
83,0,0
83,0,0
83,0,0
83,0,0
83,0,0
83,0,0
83,0,0
83,0,0
83,0,0
83,0,0
83,0,0
83,0,0
83,0,0
83,0,0
83,0,0
83,0,0
83,0,0
83,0,0
83,0,0
83,0,0
83,0,0
83,0,0
83,0,0
83,0,0
83,0,0
83,0,0
83,0,0
83,0,0
83,0,0
83,0,0
83,0,0
83,0,0
83,0,0
83,0,0
83,0,0
83,0,0
83,0,0
83,0,0
83,0,0
83,0,0
83,0,0
83,0,0
83,0,0
83,0,0
83,0,0
83,0,0
83,0,0
83,0,0
83,0,0
83,0,0
83,0,0
83,0,0
83,0,0
83,0,0
83,0,0
83,0,0
83,0,0
83,0,0
83,0,0
83,0,0
83,0,0
83,0,0
83,0,0
83,0,0
83,0,0
83,0,0
83,0,0
83,0,0
83,0,0
83,0,0
83,0,0
83,0,0
83,0,0
83,0,0
83,0,0
83,0,0
83,0,0
83,0,0
83,0,0
83,0,0
83,0,0
83,0,0
83,0,0
83,0,0
83,0,0
83,0,0
83,0,0
83,0,0
83,0,0
83,0,0
83,0,0
83,0,0
83,0,0
83,0,0
83,0,0
83,0,0
83,1,1
83,1,1
83,1,1
83,1,1
83,1,1
83,4,261
83,4,259
83,5,267
83,6,280
83,6,249
83,8,59
83,11,277
83,12,268
83,19,-465
83,19,28
83,22,267
83,25,-106
83,32,-103
83,34,-116
83,35,-87
83,36,-88
83,37,278
83,39,43
83,41,67
83,44,54
83,48,-75
83,62,-108
83,71,-87
83,72,-469
83,76,-468
83,76,-108
83,80,-427
83,80,-58
83,82,-450
83,83,49
83,85,-66
83,85,-413
83,86,-428
83,87,72
83,92,-62
83,100,-410
83,103,-433
83,106,-482
83,107,-39
83,113,-429
83,117,-486
83,119,-564
83,120,-496
83,121,-561
83,122,-468
83,122,-432
83,127,91
83,128,-509
83,128,-505
83,130,-467
83,130,202
83,131,-475
83,132,-505
83,133,-524
83,134,-531
83,141,-475
83,141,184
83,147,-521
83,147,-474
83,148,262
83,150,-511
83,151,-492
83,155,286
83,160,117
83,161,235
83,163,231
83,166,-160
83,167,-159
83,169,252
83,172,241
83,185,249
83,192,270
83,194,279
83,200,263
83,239,241
83,255,379
83,300,319
83,315,277
83,322,398
83,325,285
83,326,392
83,327,434
83,335,369
83,353,448
83,354,424
83,367,420
83,368,385
83,368,366
83,371,416
83,381,416
83,384,365
83,385,391
83,386,392
83,394,390
83,406,423
84,-728,139
84,-718,141
84,-687,323
84,-684,157
84,-676,151
84,-668,157
84,-667,185
84,-663,166
84,-660,353
84,-658,188
84,-658,187
84,-650,205
84,-649,346
84,-648,318
84,-639,190
84,-637,403
84,-636,318
84,-633,173
84,-633,173
84,-629,282
84,-625,158
84,-625,178
84,-622,334
84,-622,291
84,-620,341
84,-618,346
84,-618,335
84,-614,154
84,-611,162
84,-602,54
84,-598,113
84,-595,332
84,-587,328
84,-586,281
84,-585,93
84,-583,288
84,-576,305
84,-576,87
84,-569,308
84,-566,26
84,-566,114
84,-566,296
84,-564,-120
84,-561,73
84,-560,285
84,-549,275
84,-538,308
84,-538,-60
84,-526,-45
84,-525,8
84,-525,199
84,-523,431
84,-520,273
84,-516,192
84,-516,307
84,-514,286
84,-511,319
84,-507,407
84,-507,410
84,-505,423
84,-498,401
84,-496,278
84,-489,409
84,-480,279
84,-479,17
84,-474,361
84,-474,348
84,-474,360
84,-472,341
84,-472,351
84,-471,297
84,-462,115
84,-461,301
84,-459,-102
84,-458,377
84,-450,294
84,-445,138
84,-445,219
84,-444,169
84,-443,385
84,-442,401
84,-441,381
84,-439,66
84,-439,427
84,-439,466
84,-438,193
84,-434,431
84,-433,271
84,-430,83
84,-426,240
84,-421,329
84,-421,405
84,-419,70
84,-413,446
84,-412,394
84,-411,171
84,-408,383
84,-407,439
84,-404,-85
84,-403,397
84,-402,154
84,-399,435
84,-398,416
84,-397,398
84,-396,390
84,-394,-3
84,-393,311
84,-387,368
84,-382,113
84,-380,-37
84,-380,420
84,-375,203
84,-375,196
84,-373,-85
84,-361,86
84,-360,160
84,-360,-25
84,-356,191
84,-354,128
84,-351,171
84,-350,261
84,-349,371
84,-348,101
84,-344,10
84,-340,-24
84,-337,427
84,-326,177
84,-320,-42
84,-314,-56
84,-314,346
84,-313,146
84,-312,162
84,-290,345
84,-290,154
84,-289,318
84,-285,232
84,-279,177
84,-276,72
84,-275,265
84,-275,105
84,-274,398
84,-273,109
84,-272,-24
84,-264,17
84,-261,328
84,-252,-15
84,-250,118
84,-243,87
84,-242,286
84,-240,166
84,-237,372
84,-235,-66
84,-234,268
84,-234,356
84,-229,-69
84,-228,285
84,-226,74
84,-224,374
84,-216,97
84,-210,357
84,-210,-37
84,-208,25
84,-205,-45
84,-205,438
84,-200,-19
84,-200,365
84,-198,-16
84,-198,326
84,-197,-10
84,-196,261
84,-194,397
84,-192,145
84,-191,449
84,-191,402
84,-190,447
84,-189,258
84,-187,85
84,-185,191
84,-185,314
84,-185,305
84,-184,119
84,-182,426
84,-181,192
84,-177,89
84,-176,135
84,-176,-42
84,-175,-119
84,-174,178
84,-174,306
84,-173,28
84,-172,-52
84,-172,88
84,-171,3998
84,-171,291
84,-168,79
84,-164,457
84,-163,-118
84,-162,193
84,-162,465
84,-160,-108
84,-159,-6
84,-159,467
84,-156,380
84,-154,430
84,-154,99
84,-153,-91
84,-153,15
84,-152,415
84,-152,233
84,-152,464
84,-151,151
84,-147,-9
84,-141,477
84,-139,79
84,-139,-133
84,-139,65
84,-138,-87
84,-137,-32
84,-135,159
84,-133,-4
84,-131,141
84,-129,446
84,-128,425
84,-126,468
84,-123,-69
84,-121,474
84,-118,423
84,-117,196
84,-116,448
84,-111,94
84,-111,11
84,-108,443
84,-106,-166
84,-105,108
84,-103,-84
84,-96,-14
84,-93,89
84,-91,281
84,-86,78
84,-84,-98
84,-83,35
84,-83,319
84,-80,300
84,-73,-147
84,-72,439
84,-69,442
84,-68,159
84,-67,28
84,-65,54
84,-63,-141
84,-56,77
84,-54,-30
84,-54,221
84,-53,23
84,-53,313
84,-51,-12
84,-49,277
84,-49,-28
84,-48,152
84,-47,281
84,-43,260
84,-42,283
84,-42,-87
84,-38,218
84,-34,-92
84,-31,327
84,-29,-60
84,-22,-98
84,-20,-60
84,-16,201
84,-16,362
84,-7,361
84,-5,105
84,-5,102
84,-3,-12
84,-2,-52
84,0,0
84,0,0
84,0,0
84,0,0
84,0,0
84,0,0
84,0,0
84,0,0
84,0,0
84,0,0
84,0,0
84,0,0
84,0,0
84,0,0
84,0,0
84,0,0
84,0,0
84,0,0
84,0,0
84,0,0
84,0,0
84,0,0
84,0,0
84,0,0
84,0,0
84,0,0
84,0,0
84,0,0
84,0,0
84,0,0
84,0,0
84,0,0
84,0,0
84,0,0
84,0,0
84,0,0
84,0,0
84,0,0
84,0,0
84,0,0
84,0,0
84,0,0
84,0,0
84,0,0
84,0,0
84,0,0
84,0,0
84,0,0
84,0,0
84,0,0
84,0,0
84,0,0
84,0,0
84,0,0
84,0,0
84,0,0
84,0,0
84,0,0
84,0,0
84,0,0
84,0,0
84,0,0
84,0,0
84,0,0
84,0,0
84,0,0
84,0,0
84,0,0
84,0,0
84,0,0
84,0,0
84,0,0
84,0,0
84,0,0
84,0,0
84,0,0
84,0,0
84,0,0
84,0,0
84,0,0
84,0,0
84,0,0
84,0,0
84,0,0
84,0,0
84,0,0
84,0,0
84,0,0
84,0,0
84,0,0
84,0,0
84,0,0
84,0,0
84,0,0
84,0,0
84,0,0
84,0,0
84,0,0
84,0,0
84,0,0
84,0,0
84,0,0
84,0,0
84,0,0
84,0,0
84,0,0
84,0,0
84,0,0
84,0,0
84,0,0
84,0,0
84,0,0
84,0,0
84,0,0
84,0,0
84,0,0
84,0,0
84,0,0
84,0,0
84,0,0
84,0,0
84,0,0
84,0,0
84,0,0
84,0,0
84,0,0
84,0,0
84,0,0
84,0,0
84,0,0
84,0,0
84,0,0
84,0,0
84,0,0
84,0,0
84,0,0
84,0,0
84,0,0
84,0,0
84,0,0
84,0,0
84,0,0
84,0,0
84,0,0
84,0,0
84,0,0
84,0,0
84,0,0
84,0,0
84,0,0
84,0,0
84,0,0
84,0,0
84,0,0
84,0,0
84,0,0
84,0,0
84,0,0
84,0,0
84,0,0
84,0,0
84,0,0
84,0,0
84,0,0
84,0,0
84,0,0
84,0,0
84,0,0
84,0,0
84,0,0
84,0,0
84,0,0
84,0,0
84,0,0
84,0,0
84,0,0
84,0,0
84,0,0
84,0,0
84,0,0
84,0,0
84,0,0
84,0,0
84,0,0
84,0,0
84,0,0
84,0,0
84,0,0
84,0,0
84,0,0
84,0,0
84,0,0
84,0,0
84,0,0
84,0,0
84,0,0
84,0,0
84,0,0
84,0,0
84,0,0
84,0,0
84,0,0
84,0,0
84,0,0
84,0,0
84,0,0
84,0,0
84,0,0
84,0,0
84,0,0
84,0,0
84,0,0
84,0,0
84,0,0
84,0,0
84,0,0
84,0,0
84,0,0
84,0,0
84,0,0
84,0,0
84,0,0
84,0,0
84,0,0
84,0,0
84,0,0
84,0,0
84,0,0
84,0,0
84,0,0
84,0,0
84,0,0
84,0,0
84,0,0
84,0,0
84,0,0
84,0,0
84,0,0
84,0,0
84,0,0
84,0,0
84,0,0
84,0,0
84,0,0
84,0,0
84,0,0
84,0,0
84,0,0
84,0,0
84,0,0
84,0,0
84,0,0
84,0,0
84,0,0
84,0,0
84,0,0
84,0,0
84,0,0
84,0,0
84,0,0
84,0,0
84,0,0
84,0,0
84,0,0
84,0,0
84,0,0
84,0,0
84,0,0
84,0,330
84,1,1
84,1,1
84,1,1
84,1,1
84,1,1
84,1,1
84,1,1
84,1,1
84,1,1
84,1,1
84,1,1
84,1,1
84,1,1
84,1,1
84,1,1
84,1,1
84,1,1
84,1,167
84,2,295
84,3,321
84,8,152
84,10,1
84,14,94
84,21,168
84,25,-18
84,25,275
84,27,103
84,30,118
84,40,104
84,45,325
84,46,-209
84,46,-156
84,49,-361
84,58,-288
84,59,-351
84,59,90
84,60,-151
84,61,-266
84,63,167
84,63,-367
84,66,-351
84,66,-189
84,67,-169
84,68,-220
84,73,-156
84,75,-375
84,78,-405
84,78,-239
84,79,-243
84,79,264
84,80,-291
84,80,-200
84,81,-256
84,83,330
84,84,217
84,97,-207
84,100,90
84,101,105
84,102,75
84,103,-408
84,105,-180
84,114,224
84,115,-111
84,122,-194
84,124,152
84,124,-432
84,125,-439
84,125,-339
84,127,123
84,128,-92
84,128,147
84,130,-445
84,130,136
84,132,-451
84,133,-492
84,135,325
84,135,174
84,137,-472
84,140,263
84,140,-380
84,143,-266
84,148,44
84,151,-96
84,152,-353
84,152,14
84,154,-400
84,156,265
84,158,-445
84,159,225
84,164,-467
84,166,234
84,166,-370
84,166,38
84,167,-357
84,168,-486
84,168,318
84,169,-18
84,169,-274
84,172,221
84,176,-41
84,177,1
84,180,180
84,180,14
84,181,-378
84,182,28
84,183,14
84,183,183
84,183,-441
84,186,17
84,187,42
84,188,29
84,188,30
84,189,31
84,190,-257
84,191,32
84,195,182
84,196,11
84,196,11
84,196,11
84,196,11
84,196,23
84,198,24
84,198,6
84,199,-58
84,200,-1
84,201,-254
84,201,-420
84,201,48
84,202,191
84,203,0
84,203,51
84,205,165
84,206,64
84,210,24
84,211,44
84,211,52
84,212,49
84,215,153
84,216,44
84,218,71
84,218,131
84,220,-367
84,221,57
84,221,57
84,222,-35
84,225,3
84,225,8
84,225,8
84,225,180
84,226,7
84,226,7
84,227,7
84,227,6
84,227,7
84,228,-383
84,228,39
84,228,39
84,228,41
84,229,6
84,229,4
84,231,1
84,232,1
84,232,-4
84,232,-267
84,239,52
84,240,31
84,240,31
84,242,-358
84,242,102
84,248,100
84,248,40
84,250,-2
84,250,30
84,252,25
84,259,17
84,262,-358
84,268,137
84,268,-353
84,270,-392
84,271,-375
84,273,147
84,273,148
84,279,-285
84,285,109
84,291,-84
84,292,-218
84,292,-293
84,295,70
84,297,-258
84,298,-296
84,325,-245
84,325,-280
84,329,69
84,329,71
84,330,67
84,330,71
84,332,71
84,332,69
84,332,66
84,341,60
84,341,-156
84,345,-87
84,349,-282
84,351,-190
84,351,-111
84,353,-244
84,358,-155
84,359,-148
84,374,-129
84,375,-137
84,376,-134
84,382,-158
84,388,-89
84,402,-158
84,405,-237
84,429,-125
84,455,378
85,-450,362
85,-435,366
85,-390,385
85,-374,388
85,-364,384
85,-328,376
85,-262,-87
85,-258,-122
85,-246,-134
85,-224,-5
85,-224,2
85,-222,-92
85,-221,-97
85,-221,43
85,-221,-144
85,-220,-7
85,-220,10
85,-219,-91
85,-219,-60
85,-216,-67
85,-215,-67
85,-205,59
85,-200,-61
85,-189,-67
85,-185,61
85,-182,-298
85,-181,53
85,-181,-277
85,-176,-299
85,-168,-137
85,-166,0
85,-165,-231
85,-164,-300
85,-163,-242
85,-161,-300
85,-161,-4
85,-161,3
85,-157,-246
85,-156,-61
85,-153,-61
85,-145,-303
85,-142,-238
85,-141,80
85,-141,81
85,-137,-243
85,-136,-10
85,-134,-1
85,-133,12
85,-131,13
85,-128,21
85,-127,-2
85,-124,-17
85,-124,34
85,-118,-1
85,-118,-24
85,-117,-7
85,-117,-236
85,-116,-299
85,-115,-50
85,-114,-235
85,-113,16
85,-113,27
85,-111,-18
85,-106,-105
85,-104,-242
85,-104,-38
85,-99,-33
85,-99,-106
85,-98,73
85,-98,-117
85,-98,72
85,-97,-101
85,-96,-122
85,-95,-244
85,-94,-120
85,-90,-289
85,-88,-245
85,-80,-142
85,-79,-283
85,-77,-280
85,-75,-271
85,-72,-262
85,-72,-289
85,-68,61
85,-68,-244
85,-67,-232
85,-65,-232
85,-65,-232
85,-65,363
85,-65,33
85,-64,22
85,-62,360
85,-62,366
85,-61,62
85,-61,363
85,-60,65
85,-56,24
85,-54,-220
85,-54,365
85,-53,365
85,-46,-217
85,-40,-141
85,-35,-207
85,-26,23
85,-26,51
85,-25,-212
85,-24,-215
85,-23,45
85,-22,-45
85,-22,-64
85,-20,8
85,-19,2
85,-19,-21
85,-18,-55
85,-18,-292
85,-17,-57
85,-17,-206
85,-10,-19
85,-1,-201
85,0,0
85,0,0
85,0,0
85,0,0
85,0,0
85,0,0
85,0,0
85,0,0
85,0,0
85,0,0
85,0,0
85,0,0
85,0,0
85,0,0
85,0,0
85,0,0
85,0,0
85,0,0
85,0,0
85,0,0
85,0,0
85,0,0
85,0,0
85,0,0
85,0,0
85,0,0
85,0,0
85,0,0
85,0,0
85,0,0
85,0,0
85,0,0
85,0,0
85,0,0
85,0,0
85,0,0
85,0,0
85,0,0
85,0,0
85,0,0
85,0,0
85,0,0
85,0,0
85,0,0
85,0,0
85,0,0
85,0,0
85,0,0
85,0,0
85,0,0
85,0,0
85,0,0
85,0,0
85,0,0
85,0,0
85,0,0
85,0,0
85,0,0
85,0,0
85,0,0
85,0,0
85,0,0
85,0,0
85,0,0
85,0,0
85,0,0
85,0,0
85,0,0
85,0,0
85,0,0
85,0,0
85,0,0
85,0,0
85,0,0
85,0,0
85,0,0
85,0,0
85,0,0
85,0,0
85,0,0
85,0,0
85,0,0
85,0,0
85,0,0
85,0,0
85,0,0
85,0,0
85,0,0
85,0,0
85,0,0
85,0,0
85,0,0
85,0,0
85,0,0
85,0,0
85,0,0
85,0,0
85,0,0
85,0,0
85,0,0
85,0,0
85,0,0
85,0,0
85,0,0
85,0,0
85,0,0
85,0,0
85,0,0
85,0,0
85,0,0
85,0,0
85,0,0
85,0,0
85,0,0
85,0,0
85,0,0
85,0,0
85,0,0
85,0,0
85,0,0
85,0,0
85,0,0
85,0,0
85,0,0
85,0,0
85,0,0
85,0,0
85,0,0
85,0,0
85,0,0
85,0,0
85,0,0
85,0,0
85,0,0
85,0,0
85,0,0
85,0,0
85,0,0
85,0,0
85,0,0
85,0,0
85,0,0
85,0,0
85,0,0
85,0,0
85,0,0
85,0,0
85,0,0
85,0,0
85,0,0
85,0,0
85,0,0
85,0,0
85,0,0
85,0,0
85,0,0
85,0,0
85,0,0
85,0,0
85,0,0
85,0,0
85,0,0
85,0,0
85,0,0
85,0,0
85,0,0
85,0,0
85,0,0
85,0,0
85,0,0
85,0,0
85,0,0
85,0,0
85,0,0
85,0,0
85,0,0
85,0,0
85,0,0
85,0,0
85,0,0
85,0,0
85,0,0
85,0,0
85,0,0
85,0,0
85,0,0
85,0,0
85,0,0
85,0,0
85,0,0
85,0,0
85,0,0
85,0,0
85,0,0
85,0,0
85,0,0
85,0,0
85,0,0
85,0,0
85,0,0
85,0,0
85,0,0
85,0,0
85,0,0
85,0,0
85,0,0
85,0,0
85,0,0
85,0,0
85,0,0
85,0,0
85,0,0
85,0,0
85,0,0
85,0,0
85,0,0
85,0,0
85,0,0
85,0,0
85,0,0
85,0,0
85,0,0
85,0,0
85,0,0
85,0,0
85,0,0
85,0,0
85,0,0
85,0,0
85,0,0
85,0,0
85,0,0
85,0,0
85,0,0
85,0,0
85,0,0
85,0,0
85,0,0
85,0,0
85,0,0
85,0,0
85,0,0
85,0,0
85,0,0
85,0,0
85,0,0
85,0,0
85,0,0
85,0,0
85,0,0
85,0,0
85,0,0
85,0,0
85,0,0
85,0,0
85,0,0
85,0,0
85,0,0
85,0,0
85,0,0
85,0,0
85,0,0
85,0,0
85,0,0
85,0,0
85,0,0
85,0,0
85,0,0
85,0,0
85,0,0
85,0,0
85,0,-19
85,1,-298
85,1,1
85,1,1
85,1,1
85,1,1
85,1,1
85,1,1
85,1,1
85,1,1
85,1,1
85,4,-202
85,17,-267
85,17,-190
85,18,-260
85,19,-262
85,20,-141
85,25,-145
85,25,-176
85,26,-302
85,32,-16
85,32,-141
85,33,-15
85,36,-25
85,38,-149
85,39,-152
85,40,-119
85,41,-19
85,41,-162
85,45,-112
85,49,-125
85,53,-163
85,55,-120
85,55,-166
85,56,-345
85,57,-9
85,57,-210
85,57,39
85,58,-84
85,59,-253
85,59,-126
85,59,61
85,61,-183
85,63,-335
85,63,-201
85,63,-114
85,63,-108
85,64,-105
85,64,-292
85,67,-158
85,70,-160
85,73,-172
85,75,-124
85,77,-116
85,80,-148
85,81,-119
85,83,-19
85,85,-261
85,85,-159
85,85,-23
85,86,-22
85,89,-160
85,90,-139
85,91,-133
85,93,-14
85,96,-113
85,100,-202
85,101,-176
85,101,61
85,102,-144
85,103,-262
85,111,-16
85,111,-142
85,112,-256
85,121,-21
85,128,-223
85,129,-141
85,137,-20
85,138,-177
85,138,-155
85,142,-289
85,143,-176
85,143,-260
85,145,-22
85,150,-120
85,150,-102
85,152,-184
85,154,-181
85,156,-114
85,156,-100
85,156,-107
85,159,-15
85,159,-84
85,159,-118
85,159,-22
85,161,-25
85,161,-15
85,162,-179
85,163,-75
85,164,-263
85,168,-256
85,169,-253
85,170,-304
85,171,-258
85,173,-134
85,173,-375
85,175,-180
85,176,-229
85,176,-185
85,180,-221
85,182,-368
85,183,-147
85,183,-362
85,187,-180
85,189,-220
85,191,-77
85,191,-79
85,197,-117
85,208,-299
85,212,-76
85,217,-73
85,218,-290
85,218,-71
85,219,-128
85,222,-120
85,222,-79
85,233,-118
85,234,-120
85,234,-242
85,234,-242
85,235,-79
85,236,-80
85,236,-100
85,237,-302
85,238,-246
85,238,-114
85,240,-239
85,240,-114
85,244,-118
85,250,-126
85,262,-246
85,262,-235
85,263,-229
85,264,-224
85,265,-181
85,267,-207
85,267,-207
85,269,-273
85,269,-216
85,269,-276
85,270,-186
85,271,-187
85,272,-195
85,273,-195
85,273,-195
85,273,-201
85,273,-207
85,274,-206
85,274,-189
85,274,-230
85,274,-230
85,274,-240
85,274,-230
85,274,-230
85,274,-230
85,274,-230
85,274,-230
85,274,-231
85,274,-230
85,275,-238
85,275,-189
85,275,-209
85,275,-60
85,275,-232
85,275,-222
85,276,-221
85,276,-197
85,276,-242
85,277,-243
85,277,-225
85,277,-240
85,278,-276
85,278,-205
85,278,-238
85,279,-207
85,280,-207
85,280,-205
85,280,-243
85,280,-210
85,280,-236
85,281,-235
85,281,-203
85,281,-203
85,281,-237
85,281,-208
85,282,-208
85,282,-204
85,282,-208
85,283,-202
85,283,-239
85,283,-240
85,284,-289
85,284,-207
85,284,-206
85,284,-205
85,285,-262
85,285,-203
85,285,-206
85,285,-199
85,285,-205
85,286,-240
85,286,-196
85,287,-210
85,287,-205
85,287,-207
85,288,-207
85,289,-291
85,291,-231
85,292,-232
85,293,-203
85,293,-231
85,293,-230
85,293,-231
85,293,-251
85,293,-230
85,294,-233
85,295,-228
85,295,-223
85,296,-220
85,299,-203
85,301,-15
85,304,-50
85,305,-20
85,307,-21
85,312,-51
85,316,-63
85,323,-209
85,324,-61
85,329,-255
85,329,-144
85,330,-140
85,332,-58
85,336,-114
85,338,-34
85,339,-142
85,340,-232
85,340,366
85,340,-84
85,341,-57
85,344,364
85,344,-99
85,347,-99
85,347,365
85,347,-177
85,359,-181
85,376,-174
85,377,-180
85,378,-177
85,450,378
85,451,377
86,-146,182
86,0,0
86,0,0
86,0,0
86,0,0
86,0,0
86,160,-60
86,388,399
86,390,415
86,400,425
86,402,390
86,404,407
86,405,410
86,418,393
86,419,423
86,428,404
86,439,394
87,0,0
87,0,0
87,0,0
87,0,0
87,0,0
87,0,0
87,0,0
87,0,0
87,0,0
87,0,0
87,0,0
87,0,0
87,0,0
87,0,0
87,0,0
87,0,0
87,0,0
87,0,0
87,0,0
87,0,0
87,0,0
87,0,0
87,0,0
87,0,0
87,0,0
87,0,0
87,0,0
87,0,0
87,0,0
87,0,0
87,0,0
87,0,0
87,0,0
87,0,0
87,0,0
87,0,0
87,0,0
87,0,0
87,0,0
87,0,0
87,0,0
87,0,0
87,0,0
87,0,0
87,0,0
87,0,0
87,0,0
87,0,0
87,0,0
87,0,0
87,0,0
87,0,0
87,0,0
87,0,0
87,0,0
87,0,0
87,0,0
87,0,0
87,0,0
87,0,0
87,0,0
87,0,0
87,0,0
87,0,0
87,0,0
87,0,0
87,0,0
87,0,0
87,0,0
87,0,0
87,0,0
87,0,0
87,0,0
87,0,0
87,0,0
87,0,0
87,0,0
87,0,0
87,0,0
87,0,0
87,0,0
87,0,0
87,0,0
87,0,0
87,0,0
87,0,0
87,0,0
87,0,0
87,0,0
87,0,0
87,0,0
87,0,0
87,0,0
87,0,0
87,0,0
87,0,0
87,0,0
87,0,0
87,0,0
87,0,0
87,0,0
87,0,0
87,0,0
87,0,0
87,0,0
87,0,0
87,0,0
87,0,0
87,0,0
87,0,0
87,0,0
87,0,0
87,0,0
87,0,0
87,0,0
87,0,0
87,0,0
87,0,0
87,0,0
87,0,0
87,0,0
87,0,0
87,0,0
87,0,0
87,0,0
87,0,0
87,0,0
87,0,0
87,0,0
87,0,0
87,0,0
87,0,0
87,0,0
87,0,0
87,0,0
87,0,0
87,0,0
87,0,0
87,0,0
87,0,0
87,0,0
87,0,0
87,0,0
87,0,0
87,0,0
87,0,0
87,0,0
87,0,0
87,0,0
87,0,0
87,0,0
87,0,0
87,0,0
87,0,0
87,0,0
87,0,0
87,0,0
87,0,0
87,0,0
87,0,0
87,0,0
87,0,0
87,0,0
87,0,0
87,0,0
87,0,0
87,0,0
87,0,0
87,0,0
87,0,0
87,0,0
87,0,0
87,0,0
87,0,0
87,0,0
87,0,0
87,0,0
87,0,0
87,0,0
87,0,0
87,0,0
87,0,0
87,0,0
87,0,0
87,0,0
87,0,0
87,0,0
87,0,0
87,0,0
87,0,0
87,0,0
87,0,0
87,0,0
87,0,0
87,0,0
87,0,0
87,0,0
87,0,0
87,0,0
87,0,0
87,0,0
87,0,0
87,0,0
87,0,0
87,0,0
87,0,0
87,0,0
87,0,0
87,0,0
87,0,0
87,0,0
87,0,0
87,0,0
87,0,0
87,0,0
87,0,0
87,0,0
87,0,0
87,0,0
87,0,0
87,0,0
87,0,0
87,0,0
87,0,0
87,0,0
87,0,0
87,0,0
87,0,0
87,0,0
87,0,0
87,0,0
87,0,0
87,0,0
87,0,0
87,0,0
87,0,0
87,0,0
87,0,0
87,0,0
87,0,0
87,0,0
87,0,0
87,0,0
87,0,0
87,0,0
87,0,0
87,0,0
87,0,0
87,0,0
87,0,0
87,0,0
87,0,0
87,0,0
87,0,0
87,0,0
87,0,0
87,0,0
87,0,0
87,0,0
87,0,0
87,0,0
87,0,0
87,0,0
87,0,0
87,0,0
87,0,0
87,0,0
87,0,0
87,0,0
87,0,0
87,0,0
87,0,0
87,0,0
87,0,0
87,0,0
87,0,0
87,0,0
87,0,0
87,0,0
87,0,0
87,0,0
87,0,0
87,0,0
87,0,0
87,0,0
87,0,0
87,0,0
87,0,0
87,0,0
87,0,0
87,0,0
87,0,0
87,0,0
87,0,0
87,0,0
87,0,0
87,0,0
87,0,0
87,0,0
87,0,0
87,0,0
87,0,0
87,0,0
87,0,0
87,0,0
87,0,0
87,0,0
87,0,0
87,0,0
87,0,0
87,0,0
87,0,0
87,0,0
87,0,0
87,0,0
87,0,0
87,0,0
87,0,0
87,0,0
87,0,0
87,0,0
88,-667,403
88,-655,393
88,-651,301
88,-645,289
88,-645,395
88,-638,423
88,-635,257
88,-631,385
88,-631,435
88,-627,274
88,-617,296
88,-613,417
88,-592,60
88,-588,441
88,-586,435
88,-584,65
88,-583,418
88,-580,429
88,-580,42
88,-579,295
88,-579,430
88,-570,76
88,-570,30
88,-569,22
88,-568,19
88,-568,303
88,-565,322
88,-564,22
88,-563,432
88,-561,75
88,-560,76
88,-560,76
88,-558,58
88,-557,57
88,-557,57
88,-557,334
88,-555,66
88,-554,66
88,-554,439
88,-552,97
88,-552,-27
88,-550,11
88,-549,105
88,-547,437
88,-547,65
88,-546,65
88,-545,324
88,-542,85
88,-540,77
88,-540,55
88,-540,60
88,-540,40
88,-538,15
88,-536,109
88,-533,39
88,-531,52
88,-525,84
88,-523,67
88,-522,66
88,-500,450
88,-488,105
88,-486,18
88,-482,293
88,-482,31
88,-480,369
88,-480,330
88,-479,348
88,-478,294
88,-478,260
88,-475,-5
88,-475,254
88,-472,68
88,-472,444
88,-467,360
88,-466,144
88,-464,525
88,-464,-31
88,-464,66
88,-462,360
88,-462,-24
88,-448,-28
88,-445,182
88,-444,143
88,-443,170
88,-443,453
88,-443,373
88,-443,453
88,-438,-1
88,-432,-16
88,-427,191
88,-426,5
88,-425,-105
88,-422,-97
88,-421,32
88,-416,124
88,-415,480
88,-411,-95
88,-410,-38
88,-408,464
88,-401,125
88,-400,387
88,-397,-95
88,-396,168
88,-394,358
88,-387,450
88,-384,-87
88,-381,192
88,-377,-74
88,-376,181
88,-375,-56
88,-367,-44
88,-362,-36
88,-362,343
88,-361,346
88,-345,-67
88,-340,241
88,-336,331
88,-333,369
88,-331,231
88,-327,231
88,-322,-42
88,-322,-68
88,-312,281
88,-309,324
88,-304,497
88,-298,329
88,-291,289
88,-289,329
88,-284,261
88,-281,371
88,-280,223
88,-272,294
88,-263,503
88,-260,408
88,-234,195
88,-234,226
88,-227,234
88,-227,228
88,-215,236
88,-211,351
88,-205,358
88,-189,133
88,-180,144
88,-179,191
88,-176,157
88,-175,216
88,-174,230
88,-173,274
88,-162,112
88,-158,282
88,-158,367
88,-156,253
88,-155,183
88,-144,98
88,-138,83
88,-132,482
88,-127,478
88,-124,483
88,-122,440
88,-116,116
88,-115,110
88,-115,485
88,-110,278
88,-103,55
88,-98,331
88,-97,56
88,-94,276
88,-93,273
88,-93,332
88,-91,328
88,-89,360
88,-86,264
88,-85,97
88,-83,307
88,-81,500
88,-72,280
88,-72,250
88,-69,418
88,-68,82
88,-65,104
88,-65,87
88,-63,334
88,-61,293
88,-59,447
88,-56,108
88,-51,283
88,-48,270
88,-47,465
88,-44,402
88,-44,402
88,-41,132
88,-36,544
88,-35,106
88,-30,537
88,-29,581
88,-25,104
88,-24,437
88,-21,109
88,-20,2
88,-20,624
88,-17,629
88,-16,464
88,-14,106
88,-12,632
88,0,0
88,0,0
88,0,0
88,0,0
88,0,0
88,0,0
88,0,0
88,0,0
88,0,0
88,0,0
88,0,0
88,0,0
88,0,0
88,0,0
88,0,0
88,0,0
88,0,0
88,0,0
88,0,0
88,0,0
88,0,0
88,0,0
88,0,0
88,0,0
88,0,0
88,0,0
88,0,0
88,0,0
88,0,0
88,0,0
88,0,0
88,0,0
88,0,0
88,0,0
88,0,0
88,0,0
88,0,0
88,0,0
88,0,0
88,0,0
88,0,0
88,0,0
88,0,0
88,0,0
88,0,0
88,0,0
88,0,0
88,0,0
88,0,0
88,0,0
88,0,0
88,0,0
88,0,0
88,0,0
88,0,0
88,0,0
88,0,0
88,0,0
88,0,0
88,0,0
88,0,0
88,0,0
88,0,0
88,0,0
88,0,0
88,0,0
88,0,0
88,0,0
88,0,0
88,0,0
88,0,0
88,0,0
88,0,0
88,0,0
88,0,0
88,0,0
88,0,0
88,0,0
88,0,0
88,0,0
88,0,0
88,0,0
88,0,0
88,0,0
88,0,0
88,0,0
88,0,0
88,0,0
88,0,0
88,0,0
88,0,0
88,0,0
88,0,0
88,0,0
88,0,0
88,0,0
88,0,0
88,0,0
88,0,0
88,0,0
88,0,0
88,0,0
88,0,0
88,0,0
88,0,0
88,0,0
88,0,0
88,0,0
88,0,0
88,0,0
88,0,0
88,0,0
88,0,0
88,0,0
88,0,0
88,0,0
88,0,0
88,0,0
88,0,0
88,0,0
88,0,0
88,0,0
88,0,0
88,0,0
88,0,0
88,0,0
88,0,0
88,0,0
88,0,0
88,0,0
88,0,0
88,0,0
88,0,0
88,0,0
88,0,0
88,0,0
88,0,0
88,0,0
88,0,0
88,0,0
88,0,0
88,0,0
88,0,0
88,0,0
88,0,0
88,0,0
88,0,0
88,0,0
88,0,0
88,0,0
88,0,0
88,0,0
88,0,0
88,0,0
88,0,0
88,0,0
88,0,0
88,0,0
88,0,0
88,0,0
88,0,0
88,0,0
88,0,0
88,0,0
88,0,0
88,0,0
88,0,0
88,0,0
88,0,0
88,0,0
88,0,0
88,0,0
88,0,0
88,0,0
88,0,0
88,0,0
88,0,0
88,0,0
88,0,0
88,0,0
88,0,0
88,0,0
88,0,0
88,0,0
88,0,0
88,0,0
88,0,0
88,0,0
88,0,0
88,0,0
88,0,0
88,0,0
88,0,0
88,0,0
88,0,0
88,0,0
88,0,0
88,0,0
88,0,0
88,0,0
88,0,0
88,0,0
88,0,0
88,0,0
88,0,0
88,0,0
88,0,0
88,0,0
88,0,0
88,0,0
88,0,0
88,0,0
88,0,0
88,0,0
88,0,0
88,0,0
88,0,0
88,0,0
88,0,0
88,0,0
88,0,0
88,0,0
88,0,0
88,0,0
88,0,0
88,0,0
88,0,0
88,0,0
88,0,0
88,0,0
88,0,0
88,0,0
88,0,0
88,0,0
88,0,0
88,0,0
88,0,0
88,0,0
88,0,0
88,0,0
88,0,0
88,0,0
88,0,0
88,0,0
88,0,0
88,0,0
88,0,0
88,0,0
88,0,0
88,0,0
88,0,0
88,0,0
88,0,0
88,0,0
88,0,0
88,0,0
88,0,0
88,0,0
88,0,0
88,0,0
88,0,0
88,0,0
88,0,0
88,0,0
88,0,0
88,0,0
88,0,0
88,0,0
88,0,0
88,0,0
88,0,0
88,0,0
88,0,0
88,0,0
88,0,0
88,0,0
88,0,0
88,0,0
88,0,0
88,0,0
88,0,0
88,0,0
88,0,0
88,0,0
88,0,0
88,0,0
88,0,0
88,0,0
88,0,0
88,0,0
88,1,1
88,1,1
88,1,1
88,1,1
88,1,1
88,1,1
88,1,1
88,1,1
88,1,1
88,1,1
88,1,1
88,1,1
88,1,1
88,1,1
88,1,1
88,1,1
88,1,1
88,1,1
88,1,1
88,1,1
88,1,1
88,1,1
88,1,1
88,3,421
88,25,559
88,26,482
88,30,559
88,43,128
88,43,439
88,50,630
88,52,430
88,59,157
88,61,161
88,63,178
88,64,147
88,66,590
88,69,431
88,84,624
88,87,231
88,89,482
88,94,486
88,98,263
88,99,621
88,100,256
88,100,688
88,101,625
88,103,268
88,104,691
88,111,323
88,113,259
88,118,621
88,118,673
88,120,461
88,125,300
88,129,535
88,130,550
88,135,299
88,136,300
88,137,672
88,142,709
88,147,297
88,150,433
88,158,588
88,161,753
88,163,404
88,167,749
88,174,508
88,180,510
88,181,511
88,181,400
88,184,258
88,188,780
88,190,606
88,196,294
88,202,504
88,202,373
88,202,859
88,203,784
88,204,744
88,206,368
88,208,789
88,208,437
88,211,619
88,212,548
88,214,640
88,216,263
88,218,996
88,218,829
88,221,277
88,222,271
88,223,831
88,225,636
88,228,356
88,230,943
88,231,947
88,232,976
88,234,264
88,236,897
88,236,477
88,239,892
88,239,1003
88,242,978
88,242,1011
88,246,749
88,249,590
88,255,424
88,255,926
88,255,255
88,256,221
88,256,406
88,256,600
88,261,828
88,264,910
88,267,280
88,270,254
88,274,264
88,276,206
88,278,857
88,280,1022
88,281,690
88,283,697
88,284,1056
88,285,904
88,285,1022
88,285,523
88,286,785
88,286,882
88,289,622
88,289,1025
88,291,523
88,291,523
88,292,786
88,292,1052
88,292,197
88,294,1079
88,300,548
88,301,535
88,301,259
88,310,622
88,313,362
88,319,623
88,324,1016
88,325,388
88,326,768
88,327,521
88,331,393
88,332,1019
88,333,599
88,337,1054
88,339,440
88,340,278
88,342,179
88,342,774
88,352,252
88,353,442
88,353,306
88,365,269
88,366,1117
88,368,1109
88,371,652
88,372,721
88,373,241
88,373,1115
88,378,191
88,383,223
88,384,239
88,393,626
88,399,447
88,401,627
88,402,636
88,409,431
88,410,445
88,415,360
88,418,699
88,427,361
88,435,694
88,464,365
88,481,393
88,487,627
88,509,664
88,510,626
88,523,626
88,525,453
88,526,398
88,528,374
88,536,654
88,539,478
88,540,636
88,542,369
88,545,447
88,560,415
88,564,444
88,566,459
88,593,485
88,601,467
88,608,354
88,608,455
88,609,463
88,618,379
88,631,381
88,649,415
88,652,342
88,655,358
88,656,526
88,656,507
88,658,507
88,673,431
88,674,460
88,679,533
88,685,510
88,697,468
88,701,406
88,703,397
88,704,456
88,709,452
88,710,394
88,714,462
88,755,441
88,798,440
89,-626,-793
89,-622,-811
89,-594,-769
89,-588,150
89,-587,198
89,-559,145
89,-554,201
89,-526,-762
89,-520,153
89,-517,160
89,-510,275
89,-510,-795
89,-508,161
89,-498,-794
89,-484,-776
89,-484,266
89,-482,-751
89,-480,103
89,-472,-580
89,-458,-723
89,-455,201
89,-442,80
89,-442,88
89,-442,92
89,-440,84
89,-439,-648
89,-439,132
89,-438,216
89,-438,80
89,-438,88
89,-438,92
89,-435,-605
89,-423,-796
89,-419,187
89,-414,-838
89,-414,-599
89,-412,-606
89,-410,-825
89,-407,184
89,-401,-817
89,-387,-565
89,-377,-568
89,-369,-585
89,-367,-638
89,-346,-497
89,-343,-672
89,-343,-497
89,-341,128
89,-340,-796
89,-336,-672
89,-322,-785
89,-310,-764
89,-286,-719
89,-266,-489
89,-265,-712
89,-264,85
89,-261,-745
89,-254,-715
89,-244,-469
89,-244,-748
89,-241,-717
89,-212,-677
89,-212,-742
89,-211,-157
89,-201,-134
89,-201,-696
89,-171,604
89,-165,565
89,-165,-719
89,-162,-120
89,-160,-696
89,-156,548
89,-156,588
89,-150,-41
89,-147,512
89,-140,39
89,-135,37
89,-134,-15
89,-134,-72
89,-132,-73
89,-130,-80
89,-128,542
89,-125,20
89,-124,636
89,-124,591
89,-123,561
89,-122,616
89,-118,534
89,-115,600
89,-113,-498
89,-109,554
89,-107,-332
89,-99,143
89,-97,-287
89,-87,658
89,-87,-262
89,-81,525
89,-80,543
89,-80,-385
89,-79,-700
89,-78,149
89,-76,605
89,-74,-701
89,-71,-285
89,-68,628
89,-67,287
89,-66,-420
89,-66,-420
89,-65,636
89,-55,294
89,-54,305
89,-53,661
89,-46,239
89,-44,128
89,-43,244
89,-42,238
89,-41,-188
89,-41,-700
89,-38,-699
89,-37,340
89,-36,-250
89,-35,241
89,-33,-182
89,-28,-224
89,-27,-525
89,-24,328
89,-23,-254
89,-19,-357
89,-16,-311
89,-15,-277
89,-14,-273
89,-13,229
89,-8,-207
89,-5,-291
89,-5,-281
89,0,0
89,0,0
89,0,0
89,0,0
89,0,0
89,0,0
89,0,0
89,0,0
89,0,0
89,0,0
89,0,0
89,0,0
89,0,0
89,0,0
89,0,0
89,0,0
89,0,0
89,0,0
89,0,0
89,0,0
89,0,0
89,0,0
89,0,0
89,0,0
89,0,0
89,0,0
89,0,0
89,0,0
89,0,0
89,0,0
89,0,0
89,0,0
89,0,0
89,0,0
89,0,0
89,0,0
89,0,0
89,0,0
89,0,0
89,0,0
89,0,0
89,0,0
89,0,0
89,0,0
89,0,0
89,0,0
89,0,0
89,0,0
89,0,0
89,0,0
89,0,0
89,0,0
89,0,0
89,0,0
89,0,0
89,0,0
89,0,0
89,0,0
89,0,0
89,0,0
89,0,0
89,0,0
89,0,0
89,0,0
89,0,0
89,0,0
89,0,0
89,0,0
89,0,0
89,0,0
89,0,0
89,0,0
89,0,0
89,0,0
89,0,0
89,0,0
89,0,0
89,0,0
89,0,0
89,0,0
89,0,0
89,0,0
89,0,0
89,0,0
89,0,0
89,0,0
89,0,0
89,0,0
89,0,0
89,0,0
89,0,0
89,0,0
89,0,0
89,0,0
89,0,0
89,0,0
89,0,0
89,0,0
89,0,0
89,0,0
89,0,0
89,0,0
89,0,0
89,0,0
89,0,0
89,0,0
89,0,0
89,0,0
89,0,0
89,0,0
89,0,0
89,0,0
89,0,0
89,0,0
89,0,0
89,0,0
89,0,0
89,0,0
89,0,0
89,0,0
89,0,0
89,0,0
89,0,0
89,0,0
89,0,0
89,0,0
89,0,0
89,0,0
89,0,0
89,0,0
89,0,0
89,0,0
89,0,0
89,0,0
89,0,0
89,0,0
89,0,0
89,0,0
89,0,0
89,0,0
89,0,0
89,0,0
89,0,0
89,0,0
89,0,0
89,0,0
89,0,0
89,0,0
89,0,0
89,0,0
89,0,0
89,0,0
89,0,0
89,0,0
89,0,0
89,0,0
89,0,0
89,0,0
89,0,0
89,0,0
89,0,0
89,0,0
89,0,0
89,0,0
89,0,0
89,0,0
89,0,0
89,0,0
89,0,0
89,0,0
89,0,0
89,0,0
89,0,0
89,0,0
89,0,0
89,0,0
89,0,0
89,0,0
89,0,0
89,0,0
89,0,0
89,0,0
89,0,0
89,0,0
89,0,0
89,0,0
89,0,0
89,0,0
89,0,0
89,0,0
89,0,0
89,0,0
89,0,0
89,0,0
89,0,0
89,0,0
89,0,0
89,0,0
89,0,0
89,0,0
89,0,0
89,0,0
89,0,0
89,0,0
89,0,0
89,0,0
89,0,0
89,0,0
89,0,0
89,1,-256
89,1,1
89,1,1
89,1,1
89,1,1
89,1,1
89,1,286
89,2,-181
89,3,384
89,5,242
89,6,234
89,11,-313
89,13,-197
89,14,-663
89,15,-664
89,18,374
89,18,321
89,18,-308
89,22,-246
89,24,-503
89,26,-659
89,27,221
89,27,305
89,31,-325
89,38,-377
89,39,-393
89,44,-659
89,44,-353
89,47,-256
89,49,-360
89,56,302
89,63,-271
89,65,-271
89,72,285
89,73,-352
89,74,-352
89,77,-360
89,78,-359
89,81,-500
89,89,-348
89,91,-351
89,93,-346
89,99,-389
89,110,-425
89,113,-485
89,118,-251
89,118,-259
89,123,-324
89,125,-219
89,126,-604
89,129,-218
89,129,-217
89,130,-379
89,131,137
89,133,140
89,136,142
89,147,-324
89,151,-392
89,154,151
89,160,-640
89,167,553
89,170,137
89,173,-634
89,178,-288
89,178,-636
89,180,-287
89,183,-367
89,186,-356
89,191,611
89,194,610
89,196,-614
89,197,-626
89,197,-294
89,199,-294
89,201,553
89,206,543
89,206,543
89,207,620
89,209,-416
89,214,590
89,217,-646
89,219,-265
89,220,-641
89,223,551
89,229,-275
89,233,-405
89,242,596
89,243,131
89,246,149
89,256,121
89,257,-440
89,258,-652
89,258,136
89,259,119
89,262,626
89,267,-443
89,270,604
89,271,-345
89,274,17
89,275,16
89,275,16
89,275,18
89,275,653
89,276,-454
89,277,-550
89,279,-341
89,280,24
89,281,-352
89,282,-349
89,285,97
89,287,-545
89,287,98
89,287,618
89,287,101
89,289,-468
89,290,625
89,293,102
89,293,107
89,293,106
89,296,108
89,296,106
89,300,91
89,301,-336
89,302,73
89,302,97
89,303,102
89,303,63
89,303,113
89,304,100
89,306,101
89,307,101
89,307,102
89,309,113
89,309,106
89,311,113
89,311,116
89,311,99
89,312,-561
89,312,100
89,312,95
89,312,-586
89,312,106
89,313,98
89,313,-40
89,313,98
89,314,96
89,314,110
89,315,98
89,318,115
89,319,21
89,321,116
89,329,86
89,331,148
89,332,114
89,333,88
89,333,116
89,333,116
89,334,88
89,334,88
89,334,86
89,334,126
89,334,86
89,334,92
89,334,86
89,335,81
89,335,90
89,335,86
89,335,90
89,338,80
89,341,113
89,343,-22
89,343,117
89,344,74
89,344,-443
89,346,84
89,347,-38
89,349,649
89,350,649
89,352,-424
89,352,-140
89,354,-336
89,355,110
89,355,-380
89,355,164
89,355,110
89,355,107
89,357,15
89,357,87
89,357,-147
89,358,96
89,358,114
89,358,113
89,359,85
89,359,107
89,359,119
89,359,113
89,359,113
89,359,673
89,360,215
89,360,-135
89,360,107
89,360,110
89,363,106
89,363,-304
89,363,108
89,364,89
89,367,664
89,372,-149
89,372,-304
89,372,-304
89,374,199
89,376,674
89,377,668
89,381,35
89,386,2
89,387,-442
89,392,-340
89,393,251
89,394,-339
89,404,208
89,405,270
89,409,82
89,415,332
89,420,-379
89,424,675
89,424,663
89,426,-394
89,429,708
89,433,268
89,433,708
89,433,317
89,435,661
89,437,-285
89,437,-285
89,441,719
89,448,634
89,450,768
89,452,744
89,453,-425
89,455,-306
89,456,450
89,459,-219
89,468,-235
89,471,635
89,473,572
89,476,346
89,476,458
89,476,428
89,479,617
89,483,-312
89,483,360
89,486,549
89,487,-349
89,488,730
89,489,704
89,489,-331
89,492,651
89,495,-459
89,496,-269
89,501,556
89,503,500
89,504,492
89,509,-379
89,509,379
89,511,-454
89,515,-397
89,516,593
89,518,-350
89,518,-351
89,519,-350
89,521,-354
89,523,390
89,523,-361
89,528,670
89,537,-333
89,550,714
89,550,-417
89,562,665
89,578,394
89,580,647
89,583,-440
89,597,658
89,601,384
89,601,666
89,603,362
89,607,383
89,630,-420
89,633,374
89,653,398
89,655,376
89,684,611
89,693,636
89,715,598
89,723,520
89,732,688
89,737,393
89,739,420
89,741,554
89,742,532
89,745,448
89,750,643
89,753,451
89,755,480
89,757,595
89,793,726
89,797,646
89,840,629
90,-455,-472
90,-447,-444
90,-444,-488
90,-442,-368
90,-438,-366
90,-438,-244
90,-434,-235
90,-430,-247
90,-427,-226
90,-426,-383
90,-423,-300
90,-418,-486
90,-416,-442
90,-413,-432
90,-407,-315
90,-399,-315
90,-396,-238
90,-376,-329
90,-360,-304
90,-298,298
90,-296,-330
90,-291,-290
90,-282,-285
90,-259,245
90,-258,-365
90,-257,235
90,-256,-242
90,-254,-328
90,-253,250
90,-251,-378
90,-250,402
90,-250,-270
90,-248,-378
90,-240,409
90,-236,-249
90,-233,-290
90,-220,-56
90,-215,-149
90,-213,379
90,-212,126
90,-212,-236
90,-210,-151
90,-210,448
90,-209,-161
90,-209,-270
90,-209,-56
90,-208,424
90,-207,-177
90,-203,116
90,-202,-195
90,-201,-217
90,-198,-245
90,-197,121
90,-196,403
90,-195,-60
90,-195,141
90,-194,-248
90,-192,162
90,-190,113
90,-188,-231
90,-184,400
90,-184,156
90,-182,-224
90,-182,110
90,-174,144
90,-173,447
90,-168,397
90,-168,130
90,-166,125
90,-166,349
90,-157,394
90,-150,-259
90,-130,-238
90,-128,-9
90,-128,-15
90,-126,-13
90,-126,-163
90,-124,-21
90,-123,-21
90,-120,365
90,-118,-1
90,-111,-14
90,-107,404
90,-106,-252
90,-103,11
90,-97,363
90,-81,6
90,-77,7
90,-74,-0
90,-70,-206
90,-66,52
90,-64,345
90,-63,103
90,-62,75
90,-56,354
90,-53,-169
90,-51,317
90,-45,-235
90,-45,-176
90,-42,345
90,-17,-197
90,-12,339
90,-9,-198
90,0,0
90,0,0
90,0,0
90,0,0
90,0,0
90,0,0
90,0,0
90,0,0
90,0,0
90,0,0
90,0,0
90,0,0
90,0,0
90,0,0
90,0,0
90,0,0
90,0,0
90,0,0
90,0,0
90,0,0
90,0,0
90,0,0
90,0,0
90,0,0
90,0,0
90,0,0
90,0,0
90,0,0
90,0,0
90,0,0
90,0,0
90,0,0
90,0,0
90,0,0
90,0,0
90,0,0
90,0,0
90,0,0
90,0,0
90,0,0
90,0,0
90,0,0
90,0,0
90,0,0
90,0,0
90,0,0
90,0,0
90,0,0
90,0,0
90,0,0
90,0,0
90,0,0
90,0,0
90,0,0
90,0,0
90,0,0
90,0,0
90,0,0
90,0,0
90,0,0
90,0,0
90,0,0
90,0,0
90,0,0
90,0,0
90,0,0
90,0,0
90,0,0
90,0,0
90,0,0
90,0,0
90,0,0
90,0,0
90,0,0
90,0,0
90,0,0
90,0,0
90,0,0
90,0,0
90,0,0
90,0,0
90,0,0
90,0,0
90,0,0
90,0,0
90,0,0
90,0,0
90,0,0
90,0,0
90,0,0
90,0,0
90,0,0
90,0,0
90,0,0
90,0,0
90,0,0
90,0,0
90,0,0
90,0,0
90,0,0
90,0,0
90,0,0
90,0,0
90,0,0
90,0,0
90,0,0
90,0,0
90,0,0
90,0,0
90,0,0
90,0,0
90,0,0
90,0,0
90,0,0
90,0,0
90,0,0
90,0,0
90,0,0
90,0,0
90,0,0
90,0,0
90,0,0
90,0,0
90,0,0
90,0,0
90,0,0
90,0,0
90,0,0
90,0,0
90,0,0
90,0,0
90,0,0
90,0,0
90,0,0
90,0,0
90,0,0
90,0,0
90,0,0
90,0,0
90,0,0
90,0,0
90,0,0
90,0,0
90,0,0
90,0,0
90,0,0
90,0,0
90,0,0
90,0,0
90,0,0
90,0,0
90,0,0
90,0,0
90,0,0
90,0,0
90,0,0
90,0,0
90,0,0
90,0,0
90,0,0
90,0,0
90,0,0
90,0,0
90,0,0
90,0,0
90,0,0
90,0,0
90,0,0
90,0,0
90,0,0
90,0,0
90,0,0
90,0,0
90,0,0
90,0,0
90,0,0
90,0,0
90,0,0
90,0,0
90,0,0
90,0,0
90,0,0
90,0,0
90,0,0
90,0,0
90,0,0
90,0,0
90,0,0
90,0,0
90,0,0
90,0,0
90,0,0
90,0,0
90,0,0
90,0,0
90,0,0
90,0,0
90,0,0
90,0,0
90,0,0
90,0,0
90,0,0
90,0,0
90,0,0
90,0,0
90,0,0
90,0,0
90,0,0
90,0,0
90,0,0
90,0,0
90,0,0
90,0,0
90,0,0
90,0,0
90,0,0
90,0,0
90,0,0
90,0,0
90,0,0
90,0,0
90,0,0
90,0,0
90,0,0
90,0,0
90,0,0
90,0,0
90,0,0
90,0,0
90,0,0
90,0,0
90,0,0
90,0,0
90,0,0
90,0,0
90,0,0
90,0,0
90,0,0
90,0,0
90,1,1
90,1,1
90,1,1
90,1,1
90,1,1
90,1,1
90,1,1
90,1,1
90,1,1
90,1,1
90,1,1
90,1,1
90,1,1
90,1,1
90,1,1
90,1,1
90,1,1
90,1,1
90,1,1
90,1,1
90,1,1
90,1,1
90,1,1
90,3,-233
90,9,328
90,13,319
90,18,-325
90,22,-317
90,24,-282
90,30,-299
90,38,-300
90,39,-267
90,41,321
90,42,330
90,48,-307
90,53,81
90,57,154
90,61,322
90,75,283
90,75,196
90,75,232
90,77,195
90,77,324
90,92,-402
90,93,-404
90,94,201
90,97,119
90,103,209
90,105,101
90,107,116
90,112,98
90,114,85
90,115,361
90,116,-367
90,120,366
90,131,-351
90,137,-292
90,139,52
90,140,383
90,146,115
90,152,149
90,156,112
90,164,390
90,164,35
90,164,-317
90,186,72
90,191,28
90,196,154
90,197,-237
90,200,316
90,201,-207
90,202,-218
90,211,347
90,212,109
90,216,353
90,218,107
90,227,-219
90,227,-280
90,229,-280
90,231,87
90,234,333
90,236,-26
90,238,-279
90,238,-19
90,240,-29
90,242,-28
90,246,-216
90,246,192
90,246,328
90,249,192
90,250,92
90,261,373
90,262,-194
90,265,5
90,266,365
90,267,-30
90,271,-33
90,272,400
90,272,-2
90,273,334
90,277,-169
90,285,-150
90,286,4
90,287,-13
90,288,-155
90,294,-137
90,302,400
90,307,-13
90,307,5
90,308,-200
90,318,390
90,352,442
90,355,397
90,368,-12
90,369,35
90,369,16
90,374,-24
90,374,389
90,375,-169
90,380,-20
90,384,-160
90,389,450
90,389,-38
90,392,423
90,394,431
90,395,445
90,395,447
90,395,449
90,396,474
90,405,-102
90,407,-77
90,408,-223
90,410,-109
90,411,-227
90,411,399
90,413,418
90,414,-212
90,416,-232
90,418,426
90,419,400
90,419,400
90,419,397
90,419,388
90,419,-239
90,420,442
90,420,481
90,422,391
90,423,387
90,423,405
90,426,389
90,426,-86
90,430,430
90,433,-118
90,434,387
90,434,355
90,434,388
90,436,413
90,436,395
90,437,458
90,438,393
90,438,395
90,438,395
90,438,395
90,438,395
90,438,398
90,438,400
90,442,377
90,444,378
90,444,378
90,445,-44
90,445,412
90,446,403
90,446,379
90,446,363
90,447,419
90,447,401
90,447,401
90,447,400
90,447,400
90,448,412
90,448,365
90,448,408
90,448,399
90,448,411
90,449,373
90,450,367
90,450,414
90,454,490
90,455,390
90,457,389
90,457,388
90,460,400
90,462,393
90,463,389
90,465,378
90,466,505
90,467,387
90,468,403
90,471,574
90,472,399
90,473,553
90,476,542
90,477,397
90,477,389
90,485,574
90,485,421
90,493,423
90,494,420
90,504,550
90,513,443
90,516,-319
90,517,-163
90,518,-288
90,519,-170
90,520,-307
90,522,515
90,523,-149
90,523,503
90,524,-331
90,524,467
90,525,547
90,525,-313
90,526,-273
90,529,-160
90,530,-157
90,530,492
90,535,-273
90,540,481
90,541,-61
90,542,-269
90,542,-34
90,543,-271
90,548,24
90,550,-279
90,552,-268
90,552,492
90,556,200
90,559,22
90,559,-290
90,559,-260
90,560,-59
90,560,-60
90,561,-269
90,566,-265
90,568,-235
90,578,217
90,578,195
90,585,220
90,589,216
90,592,252
90,597,419
90,599,340
90,604,339
90,605,17
90,607,340
90,609,235
90,609,212
90,609,215
90,609,197
90,611,339
90,616,209
90,617,217
90,619,94
90,621,218
90,635,101
90,643,199
90,645,97
90,655,96
90,661,162
91,-762,-388
91,-747,-398
91,-744,-396
91,-741,-471
91,-741,-472
91,-712,-481
91,-710,-195
91,-710,-470
91,-707,-241
91,-691,-404
91,-686,-475
91,-680,-242
91,-679,-388
91,-670,-239
91,-647,-134
91,-639,-215
91,-633,-270
91,-633,-234
91,-628,-246
91,-621,-143
91,-603,-131
91,-596,-81
91,-592,-163
91,-589,-66
91,-568,-97
91,-566,-98
91,-527,-53
91,-525,-244
91,-524,-141
91,-519,-80
91,-519,-13
91,-517,-230
91,-516,-93
91,-515,-454
91,-514,-2
91,-502,-149
91,-494,-101
91,-485,-467
91,-470,-496
91,-468,-495
91,-466,-475
91,-460,-125
91,-458,-121
91,-452,-532
91,-452,-16
91,-447,-145
91,-445,-61
91,-441,125
91,-440,-469
91,-436,154
91,-435,14
91,-434,-482
91,-430,62
91,-428,179
91,-427,79
91,-427,-537
91,-427,-534
91,-427,-96
91,-427,-32
91,-426,49
91,-424,-493
91,-423,118
91,-423,-468
91,-421,21
91,-418,21
91,-414,-33
91,-411,-122
91,-409,180
91,-405,-92
91,-401,-445
91,-400,4
91,-392,-541
91,-387,128
91,-380,316
91,-379,-481
91,-378,-638
91,-376,-559
91,-374,309
91,-374,310
91,-373,318
91,-372,317
91,-370,-577
91,-368,-622
91,-366,317
91,-364,-572
91,-360,40
91,-360,282
91,-360,289
91,-358,-553
91,-355,56
91,-350,166
91,-348,294
91,-347,315
91,-347,-0
91,-347,135
91,-346,311
91,-345,-649
91,-344,133
91,-342,-706
91,-341,81
91,-340,-335
91,-339,4
91,-339,30
91,-338,30
91,-338,147
91,-336,-490
91,-335,32
91,-329,195
91,-325,-717
91,-324,-422
91,-322,-419
91,-321,22
91,-318,-499
91,-318,-463
91,-318,-661
91,-315,153
91,-314,0
91,-311,-664
91,-311,39
91,-310,-574
91,-307,-644
91,-303,-540
91,-300,-327
91,-300,-29
91,-300,73
91,-299,-656
91,-298,55
91,-292,-42
91,-291,-386
91,-291,-544
91,-290,75
91,-290,-397
91,-289,168
91,-285,221
91,-285,-45
91,-283,-614
91,-282,-494
91,-280,-547
91,-280,-451
91,-277,170
91,-277,-610
91,-276,-667
91,-276,-432
91,-272,-646
91,-269,-341
91,-269,-598
91,-268,-481
91,-267,-593
91,-260,-138
91,-249,-108
91,-247,211
91,-239,201
91,-233,-143
91,-233,-160
91,-232,-467
91,-232,-403
91,-230,-377
91,-225,-342
91,-216,-406
91,-214,-632
91,-213,-563
91,-212,-630
91,-208,-153
91,-206,-175
91,-205,-234
91,-205,-234
91,-205,-333
91,-205,209
91,-205,-511
91,-202,-47
91,-200,-551
91,-198,-162
91,-193,-512
91,-191,-348
91,-184,-323
91,-182,-306
91,-178,-201
91,-173,254
91,-165,-89
91,-164,228
91,-160,276
91,-157,-217
91,-154,-399
91,-148,-211
91,-146,-407
91,-142,-515
91,-140,262
91,-140,-271
91,-137,222
91,-129,-435
91,-129,-410
91,-127,-511
91,-126,-379
91,-121,-631
91,-115,327
91,-104,-388
91,-102,-625
91,-102,307
91,-98,-113
91,-85,-102
91,-69,-455
91,-68,-625
91,-63,-404
91,-62,-418
91,-61,-354
91,-56,-493
91,-54,-318
91,-50,-208
91,-49,-78
91,-48,-125
91,-48,-290
91,-45,301
91,-38,303
91,-38,-80
91,-37,-520
91,-37,-812
91,-35,244
91,-30,-754
91,-29,-809
91,-27,-73
91,-25,-631
91,-25,-764
91,-23,-590
91,-18,-609
91,-17,-606
91,-15,-779
91,-15,-730
91,-12,-809
91,-12,-672
91,-12,-592
91,-11,-643
91,-11,-612
91,-6,-746
91,-5,-286
91,-4,-259
91,-2,-275
91,-1,-146
91,-1,-693
91,0,0
91,0,0
91,0,0
91,0,0
91,0,0
91,0,0
91,0,0
91,0,0
91,0,0
91,0,0
91,0,0
91,0,0
91,0,0
91,0,0
91,0,0
91,0,0
91,0,0
91,0,0
91,0,0
91,0,0
91,0,0
91,0,0
91,0,0
91,0,0
91,0,0
91,0,0
91,0,0
91,0,0
91,0,0
91,0,0
91,0,0
91,0,0
91,0,0
91,0,0
91,0,0
91,0,0
91,0,0
91,0,0
91,0,0
91,0,0
91,0,0
91,0,0
91,0,0
91,0,0
91,0,0
91,0,0
91,0,0
91,0,0
91,0,0
91,0,0
91,0,0
91,0,0
91,0,0
91,0,0
91,0,0
91,0,0
91,0,0
91,0,0
91,0,0
91,0,0
91,0,0
91,0,0
91,0,0
91,0,0
91,0,0
91,0,0
91,0,0
91,0,0
91,0,0
91,0,0
91,0,0
91,0,0
91,0,0
91,0,0
91,0,0
91,0,0
91,0,0
91,0,0
91,0,0
91,0,0
91,0,0
91,0,0
91,0,0
91,0,0
91,0,0
91,0,0
91,0,0
91,0,0
91,0,0
91,0,0
91,0,0
91,0,0
91,0,0
91,0,0
91,0,0
91,0,0
91,0,0
91,0,0
91,0,0
91,0,0
91,0,0
91,0,0
91,0,0
91,0,0
91,0,0
91,0,0
91,0,0
91,0,0
91,0,0
91,0,0
91,0,0
91,0,0
91,0,0
91,0,0
91,0,0
91,0,0
91,0,0
91,0,0
91,0,0
91,0,0
91,0,0
91,0,0
91,0,0
91,0,0
91,0,0
91,0,0
91,0,0
91,0,0
91,0,0
91,0,0
91,0,0
91,0,0
91,0,0
91,0,0
91,0,0
91,0,0
91,0,0
91,0,0
91,0,0
91,0,0
91,0,0
91,0,0
91,0,0
91,0,0
91,0,0
91,0,0
91,0,0
91,0,0
91,0,0
91,0,0
91,0,0
91,0,0
91,0,0
91,0,0
91,0,0
91,0,0
91,0,0
91,0,0
91,0,0
91,0,0
91,0,0
91,0,0
91,0,0
91,0,0
91,0,0
91,0,0
91,0,0
91,0,0
91,0,0
91,0,0
91,0,0
91,0,0
91,0,0
91,0,0
91,0,0
91,0,0
91,0,0
91,0,0
91,0,0
91,0,0
91,0,0
91,0,0
91,0,0
91,0,0
91,0,0
91,0,0
91,0,0
91,0,0
91,0,0
91,0,0
91,0,0
91,0,0
91,0,0
91,0,0
91,0,0
91,0,0
91,0,0
91,0,0
91,0,0
91,0,0
91,0,0
91,0,0
91,0,0
91,0,0
91,0,0
91,0,0
91,0,0
91,0,0
91,0,0
91,0,0
91,0,0
91,0,0
91,0,0
91,0,0
91,0,0
91,0,0
91,0,0
91,0,0
91,0,0
91,0,0
91,0,0
91,0,0
91,0,0
91,0,0
91,0,0
91,0,0
91,0,0
91,0,0
91,0,0
91,0,0
91,0,0
91,0,0
91,0,0
91,0,0
91,0,0
91,0,0
91,0,0
91,0,0
91,0,0
91,0,0
91,0,0
91,0,0
91,0,0
91,0,0
91,0,0
91,0,0
91,0,0
91,0,0
91,0,0
91,0,0
91,0,0
91,1,1
91,1,1
91,1,1
91,1,1
91,1,1
91,1,1
91,1,1
91,1,1
91,1,1
91,1,1
91,1,1
91,1,1
91,1,1
91,1,1
91,1,1
91,1,1
91,1,1
91,7,-370
91,9,-694
91,9,-360
91,13,-815
91,16,349
91,21,-153
91,25,-347
91,26,-190
91,26,-190
91,36,-109
91,49,-301
91,55,-720
91,56,-315
91,59,367
91,64,531
91,64,358
91,66,394
91,67,380
91,67,-148
91,74,390
91,77,-226
91,77,-742
91,79,-161
91,79,-160
91,80,454
91,81,478
91,99,471
91,100,392
91,106,459
91,107,487
91,108,-333
91,108,468
91,111,442
91,113,468
91,115,-346
91,115,-254
91,118,-278
91,131,-275
91,132,-278
91,133,441
91,137,425
91,146,397
91,149,183
91,149,172
91,170,-164
91,172,412
91,173,194
91,175,199
91,176,-204
91,177,325
91,179,333
91,180,397
91,186,415
91,188,-285
91,189,258
91,199,-281
91,205,295
91,206,77
91,206,-242
91,208,310
91,209,-183
91,210,109
91,212,340
91,212,76
91,216,336
91,217,396
91,217,46
91,222,-330
91,223,76
91,224,252
91,225,48
91,225,-268
91,227,-302
91,228,204
91,228,255
91,233,207
91,233,238
91,234,-232
91,234,234
91,234,234
91,235,205
91,235,205
91,236,252
91,239,369
91,240,206
91,240,85
91,240,-244
91,242,-221
91,243,218
91,244,-236
91,244,237
91,244,237
91,245,218
91,246,237
91,249,-312
91,252,195
91,253,-345
91,253,-243
91,254,-282
91,255,99
91,256,203
91,256,205
91,257,-297
91,260,250
91,260,250
91,260,-345
91,261,188
91,261,188
91,265,266
91,266,197
91,266,84
91,267,-279
91,267,193
91,267,82
91,267,-304
91,275,257
91,276,220
91,277,253
91,277,219
91,277,220
91,277,258
91,278,258
91,278,258
91,280,240
91,280,173
91,282,201
91,283,207
91,283,207
91,283,234
91,283,234
91,284,199
91,285,-170
91,287,236
91,287,212
91,287,162
91,289,211
91,290,193
91,293,219
91,294,225
91,294,220
91,295,218
91,299,-235
91,303,326
91,303,91
91,304,327
91,304,171
91,304,325
91,312,326
91,313,122
91,324,285
91,332,192
91,332,-374
91,332,-392
91,340,-339
91,344,-321
91,348,160
91,349,-389
91,351,-336
91,355,-136
91,387,-140
91,390,-144
91,415,120
91,417,-109
91,422,118
91,424,126
91,436,-99
91,471,46
91,478,31
91,487,38
91,487,32
91,514,34
91,523,13
92,-294,-210
92,-291,-217
92,-282,-146
92,-279,-154
92,-271,-235
92,-270,-123
92,-266,-238
92,-260,-146
92,-258,-163
92,-257,-192
92,-255,-107
92,-248,-122
92,-248,-213
92,-248,-171
92,-247,-165
92,-246,26
92,-245,-213
92,-239,-82
92,-238,-20
92,-237,-195
92,-235,-16
92,-233,44
92,-232,-235
92,-230,98
92,-229,-142
92,-225,-127
92,-219,93
92,-218,101
92,-217,-100
92,-216,-6
92,-216,-2
92,-212,-82
92,-211,-124
92,-210,-156
92,-209,-233
92,-208,60
92,-207,-114
92,-205,71
92,-205,-218
92,-205,88
92,-202,136
92,-201,-83
92,-197,13
92,-197,162
92,-195,76
92,-194,-120
92,-193,-214
92,-193,33
92,-192,31
92,-191,-72
92,-191,149
92,-191,-74
92,-190,-108
92,-190,-108
92,-190,-100
92,-190,-109
92,-190,-180
92,-189,-108
92,-187,88
92,-184,67
92,-184,-7
92,-183,-143
92,-183,-11
92,-183,39
92,-183,-97
92,-182,-13
92,-182,-95
92,-181,-108
92,-181,-109
92,-180,135
92,-180,-111
92,-180,76
92,-179,97
92,-179,105
92,-179,-83
92,-179,164
92,-177,106
92,-176,-102
92,-176,-102
92,-173,101
92,-173,-131
92,-172,101
92,-171,97
92,-171,-111
92,-171,-111
92,-171,-131
92,-171,-129
92,-168,-87
92,-167,-95
92,-167,-118
92,-167,-82
92,-167,-82
92,-166,-95
92,-165,-215
92,-164,-115
92,-162,-117
92,-162,-109
92,-162,-109
92,-162,-145
92,-162,-109
92,-162,-108
92,-161,96
92,-161,100
92,-161,-41
92,-161,144
92,-160,-39
92,-160,-82
92,-160,-41
92,-159,-160
92,-159,-40
92,-158,-125
92,-158,-172
92,-158,-40
92,-158,-97
92,-158,-134
92,-157,-209
92,-157,-40
92,-157,-99
92,-156,-28
92,-155,-87
92,-155,-98
92,-155,-44
92,-154,82
92,-154,-110
92,-154,-86
92,-154,-86
92,-152,-67
92,-151,-97
92,-151,-97
92,-151,-214
92,-151,163
92,-150,63
92,-150,-128
92,-149,-76
92,-149,-67
92,-146,-89
92,-146,-89
92,-146,-89
92,-146,-89
92,-146,-89
92,-146,-104
92,-146,-105
92,-145,-88
92,-145,-119
92,-144,19
92,-144,-103
92,-144,-79
92,-144,-83
92,-144,-88
92,-144,106
92,-142,-114
92,-142,105
92,-141,-78
92,-141,52
92,-140,-53
92,-140,-164
92,-139,-70
92,-138,20
92,-137,98
92,-136,-72
92,-135,-94
92,-135,-93
92,-134,134
92,-133,-81
92,-133,97
92,-131,-114
92,-131,-78
92,-130,-27
92,-130,113
92,-129,-70
92,-127,35
92,-125,40
92,-123,-171
92,-122,129
92,-122,130
92,-120,-153
92,-120,-79
92,-120,157
92,-119,-191
92,-119,83
92,-118,20
92,-118,88
92,-116,-204
92,-113,-164
92,-111,-109
92,-110,129
92,-107,37
92,-106,-80
92,-105,106
92,-100,104
92,-100,66
92,-98,-160
92,-98,70
92,-98,39
92,-98,171
92,-97,111
92,-95,-80
92,-93,120
92,-92,-62
92,-83,-205
92,-83,-81
92,-82,-103
92,-81,-85
92,-81,-37
92,-80,-162
92,-78,-42
92,-75,-38
92,-75,-66
92,-74,-164
92,-74,72
92,-74,128
92,-68,-108
92,-67,-201
92,-66,-173
92,-65,-206
92,-65,24
92,-62,164
92,-62,18
92,-61,135
92,-61,66
92,-59,102
92,-59,126
92,-56,70
92,-54,167
92,-50,166
92,-46,-204
92,-45,59
92,-45,98
92,-44,-108
92,-42,-66
92,-39,98
92,-38,-127
92,-33,101
92,-31,124
92,-31,-107
92,-30,-64
92,-30,-107
92,-25,-42
92,-21,-161
92,-16,-162
92,-10,-155
92,-8,-112
92,-1,-100
92,0,0
92,0,0
92,0,0
92,0,0
92,0,0
92,0,0
92,0,0
92,0,0
92,0,0
92,0,0
92,0,0
92,0,0
92,0,0
92,0,0
92,0,0
92,0,0
92,0,0
92,0,0
92,0,0
92,0,0
92,0,0
92,0,0
92,0,0
92,0,0
92,0,0
92,0,0
92,0,0
92,0,0
92,0,0
92,0,0
92,0,0
92,0,0
92,0,0
92,0,0
92,0,0
92,0,0
92,0,0
92,0,0
92,0,0
92,0,0
92,0,0
92,0,0
92,0,0
92,0,0
92,0,0
92,0,0
92,0,0
92,0,0
92,0,0
92,0,0
92,0,0
92,0,0
92,0,0
92,0,0
92,0,0
92,0,0
92,0,0
92,0,0
92,0,0
92,0,0
92,0,0
92,0,0
92,0,0
92,0,0
92,0,0
92,0,0
92,0,0
92,0,0
92,0,0
92,0,0
92,0,0
92,0,0
92,0,0
92,0,0
92,0,0
92,0,0
92,0,0
92,0,0
92,0,0
92,0,0
92,0,0
92,0,0
92,0,0
92,0,0
92,0,0
92,0,0
92,0,0
92,0,0
92,0,0
92,0,0
92,0,0
92,0,0
92,0,0
92,0,0
92,0,0
92,0,0
92,0,0
92,0,0
92,0,0
92,0,0
92,0,0
92,0,0
92,0,0
92,0,0
92,0,0
92,0,0
92,0,0
92,0,0
92,0,0
92,0,0
92,0,0
92,0,0
92,0,0
92,0,0
92,0,0
92,0,0
92,0,0
92,0,0
92,0,0
92,0,0
92,0,0
92,0,0
92,0,0
92,0,0
92,0,0
92,0,0
92,0,0
92,0,0
92,0,0
92,0,0
92,0,0
92,0,0
92,0,0
92,0,0
92,0,0
92,0,0
92,0,0
92,0,0
92,0,0
92,0,0
92,0,0
92,0,0
92,0,0
92,0,0
92,0,0
92,0,0
92,0,0
92,0,0
92,0,0
92,0,0
92,0,0
92,0,0
92,0,0
92,0,0
92,0,0
92,0,0
92,0,0
92,0,0
92,0,0
92,0,0
92,0,0
92,0,0
92,0,0
92,0,0
92,0,0
92,0,0
92,0,0
92,0,0
92,0,0
92,0,0
92,0,0
92,0,0
92,0,0
92,0,0
92,0,0
92,0,0
92,0,0
92,0,0
92,0,0
92,0,0
92,0,0
92,0,0
92,0,0
92,0,0
92,0,0
92,0,0
92,0,0
92,0,0
92,0,0
92,0,0
92,0,0
92,0,0
92,0,0
92,0,0
92,0,0
92,0,0
92,0,0
92,0,0
92,0,0
92,0,0
92,0,0
92,0,0
92,0,0
92,0,0
92,0,0
92,0,0
92,0,0
92,0,0
92,0,0
92,0,0
92,0,0
92,0,0
92,0,0
92,0,0
92,0,0
92,7,-79
92,10,-112
92,12,-109
92,13,-126
92,23,-120
92,29,-46
92,30,62
92,31,1
92,34,-51
92,40,-12
92,41,-14
92,46,-106
92,49,52
92,52,114
92,54,114
92,55,0
92,59,-101
92,60,40
92,61,-105
92,63,-20
92,65,122
92,65,68
92,76,193
92,77,-39
92,77,104
92,81,70
92,83,190
92,83,74
92,84,78
92,84,190
92,86,48
92,86,-0
92,86,-6
92,87,34
92,88,34
92,88,-51
92,91,18
92,92,106
92,97,81
92,97,82
92,99,-52
92,102,5
92,105,5
92,107,-17
92,107,193
92,109,-18
92,109,16
92,113,122
92,114,109
92,115,94
92,115,100
92,122,90
92,122,160
92,123,-53
92,124,206
92,125,166
92,127,-35
92,128,150
92,128,214
92,128,125
92,128,157
92,128,161
92,131,-19
92,135,106
92,139,103
92,140,42
92,141,49
92,144,-19
92,147,67
92,149,74
92,152,174
92,153,75
92,158,-36
92,159,-21
92,159,58
92,159,207
92,159,204
92,161,147
92,163,-5
92,165,-37
92,165,6
92,167,157
92,170,19
92,170,19
92,170,-22
92,172,106
92,177,11
92,177,11
92,178,62
92,179,130
92,179,13
92,181,170
92,183,18
92,183,32
92,185,41
92,185,33
92,197,83
92,198,92
92,199,71
92,199,89
92,203,153
92,205,71
92,206,52
92,206,68
92,208,143
92,209,95
92,212,68
92,212,1
92,213,-39
92,214,152
92,216,100
92,220,111
92,220,91
92,221,-8
92,221,48
92,222,-45
92,223,146
92,223,60
92,233,66
92,235,120
92,238,104
92,240,60
92,241,48
92,244,97
92,256,141
92,259,145
92,269,58
92,273,6
92,289,2
92,301,21
92,306,20
92,306,20
92,314,139
92,335,101
92,339,98
92,354,19
92,376,148
92,381,66
92,384,60
92,384,148
92,417,102
92,420,37
92,420,95
93,-41,41
93,-38,43
93,-37,39
93,-32,52
93,-26,53
93,-20,49
93,-9,44
93,-8,36
93,-6,45
93,-1,37
93,166,-60
93,217,-80
93,218,-176
93,219,-187
93,220,-169
93,220,-178
93,222,-181
93,224,-186
93,229,-35
93,247,-18
93,292,-63
93,292,-68
93,293,-62
93,299,-64
93,299,-76
93,306,-22
93,382,-191
94,-50,94
94,-49,77
94,-49,93
94,-48,89
94,-48,75
94,-48,79
94,-47,96
94,-47,96
94,-47,96
94,-47,96
94,-47,94
94,-47,96
94,-47,96
94,-46,96
94,-46,96
94,-46,96
94,-46,95
94,-46,95
94,-46,94
94,-46,94
94,-44,82
94,-44,89
94,-43,81
94,-43,85
94,-43,87
94,-42,83
94,-42,90
94,-41,87
94,-40,107
94,-39,100
94,-38,88
94,-37,112
94,-37,74
94,-37,80
94,-37,74
94,-34,76
94,-34,82
94,-33,79
94,-31,78
94,-12,38
94,-11,38
94,-9,25
94,-9,21
94,-9,10
94,-9,40
94,-9,29
94,-9,-16
94,-8,-16
94,-8,25
94,-8,20
94,-8,12
94,-8,23
94,-8,13
94,-6,26
94,-6,40
94,-6,24
94,-6,32
94,-5,26
94,-5,19
94,-5,18
94,-4,35
94,-3,22
94,-1,89
94,-1,89
94,-1,89
94,-1,89
94,-1,89
94,-1,89
94,-1,-164
94,-1,-163
94,-1,29
94,-1,-162
94,-1,-162
94,-0,33
94,-0,46
94,-0,34
94,0,0
94,0,0
94,0,0
94,0,0
94,0,0
94,0,0
94,0,0
94,0,0
94,0,0
94,0,0
94,0,0
94,0,0
94,0,0
94,0,0
94,0,0
94,0,0
94,0,0
94,0,0
94,0,0
94,0,0
94,0,0
94,0,0
94,0,0
94,0,0
94,0,0
94,0,0
94,0,0
94,0,0
94,0,0
94,0,0
94,0,0
94,0,0
94,0,0
94,0,0
94,0,0
94,0,0
94,0,0
94,0,0
94,0,0
94,0,0
94,0,0
94,0,0
94,0,0
94,0,0
94,0,0
94,0,0
94,0,0
94,0,0
94,0,0
94,0,0
94,0,0
94,0,0
94,0,0
94,0,0
94,0,0
94,0,0
94,0,0
94,0,0
94,0,0
94,0,0
94,0,0
94,0,0
94,0,0
94,0,0
94,0,0
94,0,0
94,0,0
94,0,0
94,0,0
94,0,0
94,0,0
94,0,0
94,0,0
94,0,0
94,0,0
94,0,0
94,0,0
94,0,0
94,0,0
94,0,0
94,0,0
94,0,0
94,0,0
94,0,0
94,0,0
94,0,0
94,0,0
94,0,0
94,0,0
94,0,0
94,0,0
94,0,0
94,0,0
94,0,0
94,0,0
94,0,0
94,0,0
94,0,0
94,0,0
94,0,0
94,0,0
94,0,0
94,0,0
94,0,0
94,0,0
94,0,0
94,0,0
94,0,0
94,0,0
94,0,0
94,0,0
94,0,0
94,0,0
94,0,0
94,0,0
94,0,0
94,0,0
94,0,0
94,0,0
94,0,0
94,0,0
94,0,0
94,0,0
94,0,0
94,0,0
94,0,0
94,0,0
94,0,0
94,0,0
94,0,0
94,0,0
94,0,0
94,0,0
94,0,0
94,0,0
94,0,0
94,0,0
94,0,0
94,0,0
94,0,0
94,0,0
94,0,0
94,0,0
94,0,0
94,0,0
94,0,0
94,0,0
94,0,0
94,0,0
94,0,0
94,0,0
94,0,0
94,0,0
94,0,0
94,0,0
94,0,0
94,0,0
94,0,0
94,0,0
94,0,0
94,0,0
94,0,0
94,0,0
94,0,0
94,0,0
94,0,0
94,0,0
94,0,0
94,0,0
94,0,0
94,0,0
94,0,0
94,0,0
94,0,0
94,0,0
94,0,0
94,0,0
94,0,0
94,0,0
94,0,0
94,0,0
94,0,0
94,0,0
94,0,0
94,0,0
94,0,0
94,0,0
94,0,0
94,0,0
94,0,0
94,0,0
94,0,0
94,0,0
94,0,0
94,0,0
94,0,0
94,0,0
94,0,0
94,0,0
94,0,0
94,0,0
94,0,0
94,0,0
94,0,0
94,0,0
94,0,0
94,0,0
94,0,0
94,0,0
94,0,0
94,0,0
94,0,0
94,0,0
94,0,0
94,0,0
94,0,0
94,0,0
94,0,0
94,0,0
94,0,0
94,0,0
94,0,0
94,0,0
94,0,0
94,0,0
94,0,0
94,0,0
94,0,0
94,0,0
94,0,0
94,0,0
94,0,0
94,0,0
94,0,0
94,0,0
94,0,0
94,0,0
94,0,0
94,0,0
94,0,0
94,0,0
94,0,0
94,0,0
94,0,0
94,0,0
94,0,0
94,0,0
94,0,0
94,0,0
94,0,0
94,0,0
94,0,0
94,0,0
94,0,0
94,0,0
94,0,0
94,0,0
94,0,0
94,0,0
94,0,0
94,0,0
94,0,0
94,0,0
94,0,0
94,0,0
94,0,0
94,0,0
94,0,0
94,0,0
94,0,0
94,0,0
94,0,0
94,0,0
94,0,0
94,0,0
94,0,0
94,0,0
94,0,0
94,0,0
94,0,0
94,0,91
94,3,-163
94,109,44
94,144,168
94,145,166
94,145,167
94,145,167
94,146,168
95,-439,-359
95,-431,320
95,-405,349
95,-403,398
95,-390,355
95,-390,432
95,-386,-379
95,-384,379
95,-376,-432
95,-376,-433
95,-368,-414
95,-366,-406
95,-360,-385
95,-360,321
95,-359,-378
95,-358,-385
95,-356,-369
95,-355,-394
95,-353,320
95,-352,-452
95,-349,239
95,-346,445
95,-343,-400
95,-343,-308
95,-340,-454
95,-340,459
95,-339,275
95,-337,201
95,-337,234
95,-337,287
95,-336,-354
95,-334,-400
95,-332,200
95,-318,368
95,-316,370
95,-311,258
95,-309,469
95,-307,470
95,-306,386
95,-306,-417
95,-304,393
95,-299,-420
95,-299,-455
95,-297,262
95,-292,-319
95,-281,-384
95,-281,669
95,-278,331
95,-275,-248
95,-274,665
95,-272,333
95,-266,-295
95,-261,-309
95,-260,-238
95,-258,373
95,-258,-294
95,-258,487
95,-258,489
95,-257,371
95,-257,372
95,-256,479
95,-251,366
95,-249,366
95,-249,642
95,-248,-246
95,-246,645
95,-246,676
95,-244,670
95,-243,655
95,-243,362
95,-239,-258
95,-236,-392
95,-234,-390
95,-231,-436
95,-229,-282
95,-227,-399
95,-227,-285
95,-227,-453
95,-223,-386
95,-222,535
95,-221,-249
95,-221,-359
95,-220,-364
95,-219,-404
95,-219,-243
95,-217,410
95,-209,-391
95,-209,521
95,-207,533
95,-206,-350
95,-206,-236
95,-204,-361
95,-204,514
95,-204,-427
95,-203,-405
95,-195,370
95,-190,371
95,-190,366
95,-188,-243
95,-187,369
95,-182,405
95,-178,351
95,-174,638
95,-172,-434
95,-168,-434
95,-168,374
95,-166,-108
95,-163,583
95,-160,-106
95,-160,616
95,-159,-212
95,-154,326
95,-154,368
95,-153,-100
95,-149,-103
95,-149,-110
95,-149,-222
95,-149,375
95,-145,375
95,-144,-382
95,-140,-385
95,-138,-223
95,-138,-386
95,-134,-270
95,-133,-409
95,-127,-383
95,-126,-404
95,-125,-363
95,-125,-187
95,-120,160
95,-119,-144
95,-118,139
95,-117,216
95,-117,-376
95,-115,329
95,-110,221
95,-109,194
95,-107,210
95,-105,-141
95,-104,175
95,-99,-198
95,-92,-376
95,-92,-365
95,-91,-47
95,-90,219
95,-89,-401
95,-86,-76
95,-86,-208
95,-85,-16
95,-83,93
95,-83,97
95,-82,-211
95,-81,-36
95,-79,84
95,-79,-211
95,-79,245
95,-78,231
95,-77,140
95,-77,78
95,-76,16
95,-75,-12
95,-74,-363
95,-70,252
95,-63,397
95,-52,-380
95,-52,409
95,-47,-212
95,-47,165
95,-46,35
95,-46,164
95,-46,330
95,-43,416
95,-42,194
95,-41,426
95,-41,296
95,-41,432
95,-40,-402
95,-38,203
95,-36,313
95,-36,212
95,-35,337
95,-35,337
95,-35,40
95,-33,336
95,-32,319
95,-32,312
95,-31,302
95,-31,313
95,-31,304
95,-30,327
95,-30,313
95,-30,314
95,-30,311
95,-29,-371
95,-29,314
95,-29,214
95,-29,311
95,-28,311
95,-28,311
95,-28,323
95,-28,313
95,-28,307
95,-27,277
95,-27,310
95,-27,322
95,-26,315
95,-26,315
95,-26,322
95,-25,325
95,-25,322
95,-25,323
95,-25,300
95,-25,300
95,-25,300
95,-25,322
95,-25,-355
95,-25,320
95,-24,323
95,-24,-219
95,-23,-348
95,-22,293
95,-22,293
95,-22,282
95,-22,329
95,-22,169
95,-21,318
95,-21,313
95,-20,316
95,-20,319
95,-20,300
95,-19,319
95,-19,317
95,-18,309
95,-18,319
95,-18,308
95,-18,306
95,-18,323
95,-18,318
95,-17,316
95,-17,314
95,-16,327
95,-16,300
95,-15,307
95,-14,282
95,-14,294
95,-14,300
95,-14,302
95,-13,311
95,-13,410
95,-13,301
95,-13,320
95,-12,291
95,-12,308
95,-12,306
95,-11,317
95,-10,317
95,-10,309
95,-10,309
95,-10,309
95,-10,320
95,-9,293
95,-9,316
95,-9,317
95,-9,316
95,-9,317
95,-9,326
95,-8,324
95,-8,309
95,-8,320
95,-8,297
95,-7,316
95,-7,327
95,-6,297
95,-6,297
95,-5,297
95,-5,297
95,-5,296
95,-5,299
95,-4,297
95,-4,296
95,-4,296
95,-4,299
95,-4,330
95,-3,300
95,-3,299
95,-2,299
95,-2,299
95,-2,332
95,-1,211
95,0,0
95,0,0
95,0,0
95,0,0
95,0,0
95,0,0
95,0,0
95,0,0
95,0,0
95,0,0
95,0,0
95,0,0
95,0,0
95,0,0
95,0,0
95,0,0
95,0,0
95,0,0
95,0,0
95,0,0
95,0,0
95,0,0
95,0,0
95,0,0
95,0,0
95,0,0
95,0,0
95,0,0
95,0,0
95,0,0
95,0,0
95,0,0
95,0,0
95,0,0
95,0,0
95,0,0
95,0,0
95,0,0
95,0,0
95,0,0
95,0,0
95,0,0
95,0,0
95,0,0
95,0,0
95,0,0
95,0,0
95,0,0
95,0,0
95,0,0
95,0,0
95,0,0
95,0,0
95,0,0
95,0,0
95,0,0
95,0,0
95,0,0
95,0,0
95,0,0
95,0,0
95,0,0
95,0,0
95,0,0
95,0,0
95,0,0
95,0,0
95,0,0
95,0,0
95,0,0
95,0,0
95,0,0
95,0,0
95,0,0
95,0,0
95,0,0
95,0,0
95,0,0
95,0,0
95,0,0
95,0,0
95,0,0
95,0,0
95,0,0
95,0,0
95,0,0
95,0,0
95,0,0
95,0,0
95,0,0
95,0,0
95,0,0
95,0,0
95,0,0
95,0,0
95,0,0
95,0,0
95,0,0
95,0,0
95,0,0
95,0,0
95,0,0
95,0,0
95,0,0
95,0,0
95,0,0
95,0,0
95,0,0
95,0,0
95,0,0
95,0,0
95,0,0
95,0,0
95,0,0
95,0,0
95,0,0
95,0,0
95,0,0
95,0,0
95,0,0
95,0,0
95,0,0
95,0,0
95,0,0
95,0,0
95,0,0
95,0,0
95,0,0
95,0,0
95,0,0
95,0,0
95,0,0
95,0,0
95,0,0
95,0,0
95,0,0
95,0,0
95,0,0
95,0,0
95,0,0
95,0,0
95,0,0
95,0,0
95,0,0
95,0,0
95,0,0
95,0,0
95,0,0
95,0,0
95,0,0
95,0,0
95,0,0
95,0,0
95,0,0
95,0,0
95,0,0
95,0,0
95,0,0
95,0,0
95,0,0
95,0,0
95,0,0
95,0,0
95,0,0
95,0,0
95,0,0
95,0,0
95,0,0
95,0,0
95,0,0
95,0,0
95,0,0
95,0,0
95,0,0
95,0,0
95,0,0
95,0,0
95,0,0
95,0,0
95,0,0
95,0,0
95,0,0
95,0,0
95,0,0
95,0,0
95,0,0
95,0,0
95,0,0
95,0,0
95,0,0
95,0,0
95,0,0
95,0,0
95,0,271
95,0,271
95,1,271
95,1,1
95,1,1
95,1,1
95,1,1
95,1,1
95,1,1
95,1,1
95,1,1
95,1,1
95,1,1
95,1,1
95,1,1
95,1,1
95,1,1
95,1,1
95,1,1
95,1,1
95,2,329
95,3,560
95,3,273
95,4,319
95,4,320
95,6,319
95,6,286
95,6,322
95,7,285
95,7,288
95,7,317
95,8,206
95,8,291
95,8,296
95,8,-358
95,9,320
95,9,341
95,10,319
95,10,-446
95,11,326
95,12,329
95,13,327
95,13,317
95,13,-400
95,13,316
95,14,314
95,14,306
95,16,291
95,16,316
95,17,312
95,18,314
95,19,303
95,19,294
95,20,301
95,20,413
95,20,322
95,22,301
95,24,298
95,24,309
95,30,293
95,32,219
95,37,-156
95,37,362
95,38,227
95,39,199
95,42,422
95,44,-239
95,44,472
95,44,-360
95,46,-321
95,47,-202
95,48,479
95,49,-449
95,51,-353
95,52,-111
95,53,484
95,57,-292
95,58,379
95,60,90
95,60,35
95,61,-287
95,62,-247
95,63,82
95,64,-285
95,65,-86
95,68,-244
95,69,417
95,72,125
95,73,-165
95,74,-237
95,75,280
95,76,382
95,77,-197
95,78,7
95,79,-200
95,79,263
95,79,-199
95,79,-298
95,80,147
95,82,-140
95,83,272
95,83,-109
95,85,-261
95,86,109
95,87,-468
95,87,214
95,88,223
95,89,-210
95,90,22
95,91,8
95,92,-460
95,94,-205
95,98,109
95,99,-182
95,100,-127
95,100,19
95,100,-318
95,101,-295
95,103,-27
95,103,102
95,106,-39
95,106,-304
95,107,-459
95,108,-460
95,109,214
95,113,-87
95,114,-310
95,115,-288
95,116,-427
95,118,-17
95,120,375
95,120,-440
95,124,167
95,126,-317
95,127,-324
95,131,-4
95,131,483
95,132,328
95,135,266
95,135,288
95,136,-321
95,137,196
95,138,324
95,140,270
95,141,362
95,150,361
95,153,311
95,157,371
95,158,201
95,162,352
95,163,352
95,167,104
95,171,-24
95,176,485
95,177,195
95,179,408
95,181,561
95,184,412
95,184,514
95,185,319
95,185,-39
95,189,451
95,194,456
95,194,550
95,198,352
95,200,159
95,201,-61
95,207,72
95,208,300
95,213,555
95,214,110
95,214,112
95,215,429
95,216,608
95,217,331
95,218,588
95,219,589
95,220,542
95,220,278
95,221,99
95,224,531
95,225,202
95,230,160
95,231,293
95,232,259
95,234,123
95,237,450
95,239,308
95,240,371
95,241,629
95,242,248
95,242,118
95,245,298
95,249,378
95,250,300
95,252,292
95,257,254
95,259,330
95,260,550
95,262,337
95,264,290
95,267,424
95,267,571
95,280,626
95,281,12
95,284,215
95,288,207
95,289,360
95,291,345
95,291,22
95,292,27
95,293,379
95,294,14
95,295,67
95,295,553
95,296,577
95,297,64
95,300,353
95,305,350
95,307,653
95,308,593
95,309,-3
95,310,538
95,312,-4
95,313,540
95,314,530
95,314,13
95,315,8
95,315,13
95,315,11
95,315,9
95,316,-4
95,316,1
95,317,84
95,318,276
95,318,7
95,318,-6
95,319,-5
95,319,7
95,320,-4
95,320,-2
95,320,-4
95,320,276
95,321,0
95,321,1
95,321,-1
95,321,-3
95,322,5
95,323,385
95,323,7
95,323,7
95,324,90
95,325,698
95,326,569
95,327,616
95,328,-4
95,328,32
95,333,-18
95,335,-10
95,337,70
95,337,3
95,337,3
95,339,394
95,340,126
95,347,118
95,350,5
95,354,161
95,359,107
95,361,394
95,362,44
95,364,77
95,369,27
95,373,36
95,378,26
95,388,120
95,402,82
95,437,161
95,455,150
96,-650,-425
96,-516,-568
96,-513,-415
96,-507,-412
96,-502,-566
96,-502,-450
96,-502,-405
96,-501,-414
96,-495,-433
96,-488,-456
96,-484,-428
96,-480,-469
96,-464,-637
96,-451,-533
96,-451,-655
96,-445,-515
96,-430,62
96,-421,-658
96,-419,-652
96,-419,57
96,-416,51
96,-410,62
96,-404,-649
96,-366,26
96,-360,31
96,-317,264
96,-316,-282
96,-314,382
96,-308,397
96,-305,-304
96,-294,289
96,-290,-303
96,-290,-279
96,-290,281
96,-289,-281
96,-287,-282
96,-286,303
96,-284,-294
96,-282,301
96,-263,-238
96,-260,-276
96,-245,-227
96,-242,-267
96,-237,592
96,-237,-237
96,-232,12
96,-231,11
96,-224,19
96,-223,21
96,-222,18
96,-220,-249
96,-209,-211
96,-209,1
96,-204,-219
96,-204,-220
96,-194,599
96,-192,240
96,-189,138
96,-188,259
96,-187,235
96,-177,-19
96,-175,598
96,-175,619
96,-175,-18
96,-175,-18
96,-175,-18
96,-175,-17
96,-175,-16
96,-172,12
96,-170,620
96,-169,602
96,-165,289
96,-156,-275
96,-151,0
96,-149,29
96,-149,-29
96,-147,29
96,-146,28
96,-145,27
96,-145,27
96,-145,27
96,-145,27
96,-144,26
96,-144,285
96,-144,24
96,-143,24
96,-143,24
96,-143,23
96,-143,24
96,-142,23
96,-142,43
96,-141,-2
96,-141,14
96,-141,1
96,-141,2
96,-141,0
96,-141,2
96,-141,1
96,-140,2
96,-140,1
96,-140,19
96,-139,-80
96,-139,19
96,-139,-20
96,-138,2
96,-138,3
96,-137,-16
96,-137,1
96,-137,-1
96,-137,14
96,-137,-3
96,-136,0
96,-135,17
96,-135,-8
96,-135,5
96,-135,249
96,-135,5
96,-135,248
96,-134,252
96,-134,-2
96,-134,-1
96,-134,3
96,-134,4
96,-133,-14
96,-133,6
96,-132,14
96,-132,8
96,-132,-12
96,-132,238
96,-131,403
96,-131,-7
96,-130,-6
96,-130,-12
96,-130,10
96,-130,-8
96,-129,11
96,-128,10
96,-127,-12
96,-127,-7
96,-127,-7
96,-125,-11
96,-125,404
96,-124,12
96,-123,-11
96,-123,-11
96,-122,-13
96,-122,15
96,-122,684
96,-120,422
96,-120,15
96,-120,-16
96,-120,16
96,-118,15
96,-118,724
96,-118,15
96,-118,13
96,-117,13
96,-117,-14
96,-116,9
96,-116,-9
96,-115,12
96,-114,10
96,-114,10
96,-114,-9
96,-114,-9
96,-114,10
96,-114,12
96,-113,-10
96,-110,9
96,-110,-10
96,-110,1
96,-108,10
96,-108,29
96,-108,-1
96,-108,-12
96,-108,1
96,-108,1
96,-108,-12
96,-107,13
96,-107,3
96,-106,25
96,-106,2
96,-105,2
96,-105,11
96,-105,3
96,-104,-15
96,-102,18
96,-102,17
96,-100,-1
96,-99,-3
96,-99,-3
96,-99,-3
96,-97,23
96,-96,1
96,-96,-1
96,-96,559
96,-95,-1
96,-94,-1
96,-92,29
96,-92,-229
96,-91,-29
96,-90,-29
96,-89,0
96,-89,-15
96,-88,0
96,-87,1
96,-87,1
96,-87,-254
96,-85,0
96,-84,696
96,-83,738
96,-82,1
96,-82,1
96,-82,726
96,-81,556
96,-80,0
96,-78,761
96,-78,-7
96,-76,-8
96,-76,1
96,-76,-261
96,-76,-2
96,-76,-4
96,-76,-2
96,-76,4
96,-76,6
96,-75,-9
96,-75,-2
96,-74,547
96,-72,-28
96,-70,666
96,-68,-7
96,-68,-275
96,-67,-12
96,-66,-276
96,-66,-269
96,-65,760
96,-65,756
96,-64,-20
96,-61,-15
96,-60,-18
96,-60,-16
96,-60,-19
96,-59,760
96,-59,-17
96,-59,-16
96,-59,-17
96,-59,-18
96,-58,-17
96,-58,-17
96,-57,27
96,-56,-18
96,-55,689
96,-52,687
96,-52,687
96,-50,660
96,-48,538
96,-48,537
96,-46,-19
96,-44,743
96,-44,686
96,-40,653
96,-37,661
96,-31,695
96,-31,537
96,-27,-19
96,-21,690
96,-16,692
96,-11,292
96,-9,676
96,-7,674
96,-6,-20
96,-6,-296
96,-5,518
96,-2,-310
96,-2,-259
96,-0,-312
96,0,0
96,0,0
96,0,0
96,0,0
96,0,0
96,0,0
96,0,0
96,0,0
96,0,0
96,0,0
96,0,0
96,0,0
96,0,0
96,0,0
96,0,0
96,0,0
96,0,0
96,0,0
96,0,0
96,0,0
96,0,0
96,0,0
96,0,0
96,0,0
96,0,0
96,0,0
96,0,0
96,0,0
96,0,0
96,0,0
96,0,0
96,0,0
96,0,0
96,0,0
96,0,0
96,0,0
96,0,0
96,0,0
96,0,0
96,0,0
96,0,0
96,0,0
96,0,0
96,0,0
96,0,0
96,0,0
96,0,0
96,0,0
96,0,0
96,0,0
96,0,0
96,0,0
96,0,0
96,0,0
96,0,0
96,0,0
96,0,0
96,0,0
96,0,0
96,0,0
96,0,0
96,0,0
96,0,0
96,0,0
96,0,0
96,0,0
96,0,0
96,0,0
96,0,0
96,0,0
96,0,0
96,0,0
96,0,0
96,0,0
96,0,0
96,0,0
96,0,0
96,0,0
96,0,0
96,0,0
96,0,0
96,0,0
96,0,0
96,0,0
96,0,0
96,0,0
96,0,0
96,0,0
96,0,0
96,0,0
96,0,0
96,0,0
96,0,0
96,0,0
96,0,0
96,0,0
96,0,0
96,0,0
96,0,0
96,0,0
96,0,0
96,0,0
96,0,0
96,0,0
96,0,0
96,0,0
96,0,0
96,0,0
96,0,0
96,0,0
96,0,0
96,0,0
96,0,0
96,0,0
96,0,0
96,0,0
96,0,0
96,0,0
96,0,0
96,0,0
96,0,0
96,0,0
96,0,0
96,0,0
96,0,0
96,0,0
96,0,0
96,0,0
96,0,0
96,0,0
96,0,0
96,0,0
96,0,0
96,0,0
96,0,0
96,0,0
96,0,0
96,0,0
96,0,0
96,0,0
96,0,0
96,0,0
96,0,0
96,0,0
96,0,0
96,0,0
96,0,0
96,0,0
96,0,0
96,0,0
96,0,0
96,0,0
96,0,0
96,0,0
96,0,0
96,0,0
96,0,0
96,0,0
96,0,0
96,0,0
96,0,0
96,0,0
96,0,0
96,0,0
96,0,0
96,0,0
96,0,0
96,0,0
96,0,0
96,0,0
96,0,0
96,0,0
96,0,0
96,0,0
96,0,0
96,0,0
96,0,0
96,0,0
96,0,0
96,9,480
96,12,-318
96,15,517
96,20,-248
96,22,-246
96,22,481
96,24,-240
96,25,-221
96,25,510
96,26,245
96,27,227
96,28,472
96,29,501
96,35,233
96,38,221
96,39,210
96,44,596
96,46,523
96,48,608
96,61,-324
96,72,-318
96,75,-321
96,79,-316
96,82,41
96,83,-322
96,93,129
96,94,154
96,103,159
96,111,156
96,112,167
96,115,172
96,117,-249
96,122,147
96,155,-175
96,156,-209
96,160,-205
96,162,-132
96,165,-150
96,165,-156
96,171,-6
96,172,-130
96,174,30
96,175,4
96,177,-2
96,178,-196
96,179,-134
96,181,-6
96,182,10
96,186,37
96,186,-199
96,186,-31
96,196,78
96,196,-167
96,198,32
96,199,40
96,200,-245
96,202,-101
96,203,-145
96,209,-1
96,210,-27
96,210,-11
96,211,-25
96,213,-50
96,219,-5
96,219,-108
96,222,-45
96,222,-52
96,229,-111
96,235,-50
96,239,-27
96,243,33
96,248,-25
96,264,-10
96,265,44
96,266,-11
96,275,-6
96,445,170
96,445,66
96,456,52
96,471,59
96,473,51
96,504,57
96,510,205
96,512,204
96,516,196
96,518,58
96,519,76
96,521,193
96,522,40
96,527,58
96,530,192
96,535,86
96,538,62
96,555,164
96,555,73
96,664,22
96,688,-12
96,693,19
96,693,25
96,694,19
96,697,16
96,698,18
96,701,4
96,714,55
96,714,53
96,718,56
96,737,51
96,746,52
96,747,72
96,750,58
96,750,44
97,-552,293
97,-533,308
97,-516,-356
97,-514,519
97,-508,-265
97,-505,-299
97,-503,-296
97,-496,-298
97,-493,343
97,-490,-303
97,-480,-221
97,-480,-201
97,-480,-217
97,-478,-262
97,-478,-373
97,-475,-144
97,-447,255
97,-447,536
97,-446,81
97,-445,82
97,-441,84
97,-441,537
97,-440,543
97,-435,478
97,-428,520
97,-425,-401
97,-424,440
97,-422,533
97,-420,-42
97,-411,-403
97,-403,533
97,-396,336
97,-394,539
97,-393,317
97,-373,388
97,-370,-75
97,-370,435
97,-369,-211
97,-365,-199
97,-365,-308
97,-364,435
97,-354,-43
97,-343,-440
97,-342,36
97,-334,-285
97,-332,111
97,-332,-273
97,-331,53
97,-327,25
97,-321,309
97,-321,317
97,-321,-316
97,-316,120
97,-314,-70
97,-313,-53
97,-311,-440
97,-308,430
97,-308,430
97,-307,432
97,-304,431
97,-301,431
97,-301,432
97,-300,430
97,-300,428
97,-299,406
97,-299,447
97,-299,447
97,-299,428
97,-298,425
97,-298,26
97,-298,429
97,-298,415
97,-298,415
97,-298,424
97,-297,438
97,-297,424
97,-297,422
97,-297,438
97,-297,424
97,-297,439
97,-297,428
97,-296,440
97,-296,422
97,-296,421
97,-296,438
97,-294,442
97,-294,442
97,-294,442
97,-294,442
97,-294,-243
97,-294,441
97,-294,319
97,-294,442
97,-294,420
97,-293,409
97,-292,449
97,-290,418
97,-289,442
97,-289,438
97,-289,439
97,-289,438
97,-289,439
97,-288,438
97,-288,437
97,-288,439
97,-288,417
97,-287,398
97,-287,418
97,-286,120
97,-286,422
97,-285,-175
97,-285,438
97,-284,416
97,-283,413
97,-282,366
97,-282,602
97,-282,413
97,-281,444
97,-281,444
97,-280,417
97,-280,414
97,-280,414
97,-280,424
97,-280,430
97,-280,424
97,-279,428
97,-279,425
97,-279,429
97,-279,430
97,-278,424
97,-278,428
97,-278,428
97,-278,393
97,-278,425
97,-278,429
97,-278,389
97,-278,411
97,-278,-251
97,-278,358
97,-278,428
97,-278,428
97,-278,427
97,-278,427
97,-277,437
97,-277,426
97,-277,427
97,-276,425
97,-276,426
97,-276,417
97,-276,-257
97,-276,423
97,-276,420
97,-275,419
97,-274,392
97,-274,420
97,-274,418
97,-274,421
97,-273,424
97,-273,422
97,-272,417
97,-272,427
97,-272,418
97,-272,427
97,-272,-391
97,-272,420
97,-271,430
97,-271,430
97,-271,424
97,-271,426
97,-271,425
97,-270,421
97,-270,427
97,-270,421
97,-269,422
97,-269,392
97,-269,421
97,-269,392
97,-269,392
97,-269,392
97,-269,392
97,-269,392
97,-268,382
97,-268,394
97,-268,596
97,-268,394
97,-266,390
97,-266,390
97,-265,401
97,-265,404
97,-265,397
97,-265,403
97,-264,401
97,-264,417
97,-263,416
97,-263,405
97,-263,415
97,-263,-268
97,-262,406
97,-262,-267
97,-262,74
97,-261,410
97,-260,-39
97,-260,394
97,-260,404
97,-259,407
97,-259,407
97,-259,406
97,-259,583
97,-259,112
97,-258,392
97,-258,-417
97,-258,399
97,-258,399
97,-257,398
97,-256,402
97,-256,405
97,-256,405
97,-256,405
97,-256,405
97,-256,405
97,-256,295
97,-255,395
97,-254,397
97,-254,400
97,-253,358
97,-252,386
97,-249,-181
97,-249,384
97,-247,136
97,-247,-20
97,-238,-516
97,-237,-395
97,-236,91
97,-233,354
97,-229,-280
97,-228,-279
97,-228,-485
97,-220,30
97,-219,-250
97,-219,-309
97,-208,-451
97,-207,-391
97,-204,120
97,-203,66
97,-202,-434
97,-200,-214
97,-200,560
97,-198,-89
97,-195,-310
97,-191,121
97,-185,-336
97,-180,-377
97,-176,-170
97,-175,-242
97,-171,320
97,-160,-192
97,-159,92
97,-154,332
97,-152,431
97,-152,-150
97,-148,88
97,-148,71
97,-147,-298
97,-146,85
97,-145,-298
97,-142,-298
97,-137,-251
97,-137,48
97,-135,-277
97,-127,-305
97,-119,-34
97,-113,-244
97,-113,-37
97,-111,-180
97,-109,-126
97,-105,-41
97,-102,373
97,-96,390
97,-93,-283
97,-91,402
97,-89,-48
97,-88,516
97,-88,-65
97,-85,-128
97,-80,156
97,-79,509
97,-76,-118
97,-72,-4
97,-71,-87
97,-69,-35
97,-68,-200
97,-66,456
97,-64,111
97,-61,119
97,-57,31
97,-57,38
97,-54,-113
97,-54,-285
97,-53,-38
97,-50,480
97,-50,-183
97,-43,371
97,-43,361
97,-38,449
97,-38,-172
97,-36,-78
97,-34,-82
97,-33,-183
97,-29,8
97,-28,-128
97,-25,455
97,-20,439
97,-11,163
97,-6,-95
97,-3,386
97,-2,-357
97,0,0
97,0,0
97,0,0
97,0,0
97,0,0
97,0,0
97,0,0
97,0,0
97,0,0
97,0,0
97,0,0
97,0,0
97,0,0
97,0,0
97,0,0
97,0,0
97,0,0
97,0,0
97,0,0
97,0,0
97,0,0
97,0,0
97,0,0
97,0,0
97,0,0
97,0,0
97,0,0
97,0,0
97,0,0
97,0,0
97,0,0
97,0,0
97,0,0
97,0,0
97,0,0
97,0,0
97,0,0
97,0,0
97,0,0
97,0,0
97,0,0
97,0,0
97,0,0
97,0,0
97,0,0
97,0,0
97,0,0
97,0,0
97,0,0
97,0,0
97,0,0
97,0,0
97,0,0
97,0,0
97,0,0
97,0,0
97,0,0
97,0,0
97,0,0
97,0,0
97,0,0
97,0,0
97,0,0
97,0,0
97,0,0
97,0,0
97,0,0
97,0,0
97,0,0
97,0,0
97,0,0
97,0,0
97,0,0
97,0,0
97,0,0
97,0,0
97,0,0
97,0,0
97,0,0
97,0,0
97,0,0
97,0,0
97,0,0
97,0,0
97,0,0
97,0,0
97,0,0
97,0,0
97,0,0
97,0,0
97,0,0
97,0,0
97,0,0
97,0,0
97,0,0
97,0,0
97,0,0
97,0,0
97,0,0
97,0,0
97,0,0
97,0,0
97,0,0
97,0,0
97,0,0
97,0,0
97,0,0
97,0,0
97,0,0
97,0,0
97,0,0
97,0,0
97,0,0
97,0,0
97,0,0
97,0,0
97,0,0
97,0,0
97,0,0
97,0,0
97,0,0
97,0,0
97,0,0
97,0,0
97,0,0
97,0,0
97,0,0
97,0,0
97,0,0
97,0,0
97,0,0
97,0,0
97,0,0
97,0,0
97,0,0
97,0,0
97,0,0
97,0,0
97,0,0
97,0,0
97,0,0
97,0,0
97,0,0
97,0,0
97,0,0
97,0,0
97,0,0
97,0,0
97,0,0
97,0,0
97,0,0
97,0,0
97,0,0
97,0,0
97,0,0
97,0,0
97,0,0
97,0,0
97,0,0
97,0,0
97,0,0
97,0,0
97,0,0
97,0,0
97,0,0
97,0,0
97,0,0
97,0,0
97,0,0
97,0,0
97,0,0
97,0,0
97,0,0
97,0,0
97,0,0
97,0,0
97,0,0
97,0,0
97,0,0
97,0,0
97,0,0
97,0,0
97,1,1
97,1,1
97,1,1
97,1,1
97,1,1
97,1,1
97,1,1
97,1,1
97,1,1
97,1,1
97,1,1
97,1,1
97,2,-40
97,3,496
97,9,423
97,10,-28
97,10,-51
97,11,171
97,17,392
97,18,-9
97,25,29
97,28,231
97,28,-130
97,28,232
97,30,483
97,38,167
97,39,519
97,40,-124
97,46,350
97,46,356
97,48,100
97,49,133
97,55,-15
97,55,301
97,56,312
97,62,-130
97,62,64
97,63,329
97,63,-122
97,69,-38
97,70,-153
97,71,157
97,73,-76
97,74,194
97,77,-366
97,77,-395
97,78,46
97,80,307
97,85,-201
97,87,196
97,87,305
97,89,108
97,89,557
97,91,190
97,93,169
97,101,375
97,101,-42
97,104,356
97,106,191
97,110,-209
97,111,64
97,112,562
97,113,-29
97,113,-154
97,114,46
97,118,-68
97,124,187
97,126,596
97,134,-209
97,134,-209
97,138,590
97,139,176
97,142,16
97,142,-433
97,143,-414
97,146,-128
97,148,-422
97,154,-90
97,154,-109
97,159,132
97,163,175
97,168,-162
97,171,108
97,199,-151
97,200,-520
97,208,-32
97,209,-117
97,210,-50
97,212,-240
97,215,273
97,218,-463
97,222,-391
97,226,37
97,233,48
97,254,-223
97,258,-188
97,260,242
97,261,-65
97,263,538
97,273,-35
97,274,208
97,274,194
97,275,-32
97,275,358
97,279,332
97,281,-464
97,281,-469
97,283,-9
97,301,-287
97,306,447
97,312,521
97,324,469
97,327,-252
97,332,218
97,333,-243
97,341,-38
97,349,-126
97,356,-274
97,356,140
97,358,194
97,360,200
97,361,-178
97,363,216
97,363,152
97,370,-52
97,378,-322
97,378,-365
97,386,161
97,388,-258
97,391,-194
97,398,-130
97,399,-248
97,401,-28
97,401,-56
97,405,160
97,405,-220
97,411,194
97,412,-247
97,416,183
97,421,-266
97,426,11
97,430,-140
97,432,-324
97,433,-83
97,436,-357
97,441,136
97,441,135
97,443,-263
97,443,133
97,452,-75
97,454,-189
97,474,-277
97,478,222
97,489,124
97,495,-142
97,501,-298
97,502,384
97,514,39
97,523,249
97,527,133
97,534,460
97,544,364
97,545,316
97,548,299
97,569,246
97,572,37
97,574,235
97,574,596
97,575,260
97,579,618
97,587,478
97,588,42
97,590,469
97,593,-401
97,600,602
97,609,652
97,612,107
97,613,93
97,617,-303
97,622,-421
97,623,-275
97,624,-391
97,625,192
97,626,500
97,631,40
97,632,40
97,636,661
97,637,192
97,638,121
97,639,483
97,643,653
97,651,49
97,653,659
97,654,-474
97,660,-419
97,667,47
97,670,21
97,671,518
97,675,-407
97,676,511
97,684,-451
97,686,-51
97,688,-463
97,690,508
97,691,510
97,695,-24
97,699,529
97,703,42
97,705,11
97,712,-41
97,714,-449
97,718,15
97,721,-36
97,723,571
97,725,576
97,727,-435
97,755,-443
98,-334,345
98,-328,306
98,-327,334
98,-320,272
98,-315,360
98,-312,337
98,-300,354
98,-298,231
98,-290,446
98,-280,338
98,-274,347
98,-269,210
98,-265,219
98,-262,88
98,-262,65
98,-262,77
98,-259,339
98,-253,331
98,-253,247
98,-249,345
98,-246,98
98,-245,245
98,-244,48
98,-230,257
98,-224,320
98,-223,341
98,-219,355
98,-210,230
98,-208,373
98,-203,298
98,-169,343
98,-158,177
98,-156,325
98,-148,20
98,-144,250
98,-143,24
98,-136,-16
98,-132,-23
98,-131,-20
98,-128,157
98,-124,153
98,-118,252
98,-114,252
98,-112,249
98,-111,289
98,-101,-357
98,-101,122
98,-96,-354
98,-85,226
98,-84,221
98,-83,187
98,-82,246
98,-82,220
98,-78,220
98,-77,99
98,-77,220
98,-77,219
98,-77,219
98,-77,219
98,-76,220
98,-75,-100
98,-74,244
98,-74,244
98,-74,-106
98,-73,193
98,-73,-343
98,-72,197
98,-72,197
98,-71,193
98,-71,244
98,-70,185
98,-68,195
98,-67,272
98,-67,92
98,-67,269
98,-67,269
98,-66,235
98,-65,236
98,-64,185
98,-63,238
98,-62,238
98,-61,243
98,-61,83
98,-60,247
98,-60,247
98,-60,247
98,-59,247
98,-59,247
98,-58,257
98,-58,264
98,-58,246
98,-55,261
98,-55,241
98,-53,254
98,-51,243
98,-51,242
98,-51,253
98,-50,243
98,-49,303
98,-48,-250
98,-47,245
98,-47,245
98,-47,248
98,-46,198
98,-46,198
98,-45,226
98,-45,215
98,-45,306
98,-43,226
98,-43,243
98,-43,215
98,-43,226
98,-43,226
98,-43,226
98,-43,226
98,-42,218
98,-42,90
98,-42,247
98,-41,216
98,-41,216
98,-41,200
98,-41,216
98,-41,206
98,-41,244
98,-41,218
98,-40,196
98,-40,201
98,-40,216
98,-40,202
98,-40,239
98,-40,202
98,-38,199
98,-38,-97
98,-37,203
98,-37,217
98,-36,218
98,-36,219
98,-36,218
98,-35,200
98,-35,252
98,-34,246
98,-33,213
98,-32,-192
98,-31,202
98,-31,207
98,-31,207
98,-31,235
98,-31,235
98,-31,214
98,-31,233
98,-30,223
98,-30,201
98,-30,209
98,-29,216
98,-29,208
98,-29,214
98,-28,227
98,-28,211
98,-28,213
98,-27,237
98,-26,193
98,-25,194
98,-25,186
98,-24,229
98,-23,217
98,-22,238
98,-22,217
98,-22,217
98,-22,217
98,-22,217
98,-22,217
98,-21,-264
98,-21,230
98,-21,183
98,-20,224
98,-20,222
98,-19,224
98,-18,82
98,-17,239
98,-13,-272
98,-12,207
98,-12,216
98,-12,-271
98,-11,78
98,-9,-162
98,-6,-123
98,0,0
98,0,0
98,0,0
98,0,0
98,0,0
98,0,0
98,0,0
98,0,0
98,0,0
98,0,0
98,0,0
98,0,0
98,0,0
98,0,0
98,0,0
98,0,0
98,0,0
98,0,0
98,0,0
98,0,0
98,0,0
98,0,0
98,0,0
98,0,0
98,0,0
98,0,0
98,0,0
98,0,0
98,0,0
98,0,0
98,0,0
98,0,0
98,0,0
98,0,0
98,0,0
98,0,0
98,0,0
98,0,0
98,0,0
98,0,0
98,0,0
98,0,0
98,0,0
98,0,0
98,0,0
98,0,0
98,0,0
98,0,0
98,0,0
98,0,0
98,0,0
98,0,0
98,0,0
98,0,0
98,0,0
98,0,0
98,0,0
98,0,0
98,0,0
98,0,0
98,0,0
98,0,0
98,0,0
98,0,0
98,0,0
98,0,0
98,0,0
98,0,0
98,0,0
98,0,0
98,0,0
98,0,0
98,0,0
98,0,0
98,0,0
98,0,0
98,0,0
98,0,0
98,0,0
98,0,0
98,0,0
98,0,0
98,0,0
98,0,0
98,0,0
98,0,0
98,0,0
98,0,0
98,0,0
98,0,0
98,0,0
98,0,0
98,0,0
98,0,0
98,0,0
98,0,0
98,0,0
98,0,0
98,0,0
98,0,0
98,0,0
98,0,0
98,0,0
98,0,0
98,0,0
98,0,0
98,0,0
98,0,0
98,0,0
98,0,0
98,0,0
98,0,0
98,0,0
98,0,0
98,0,0
98,0,0
98,0,0
98,0,0
98,0,0
98,0,0
98,0,0
98,0,0
98,0,0
98,0,0
98,0,0
98,0,0
98,0,0
98,0,0
98,0,0
98,0,0
98,0,0
98,0,0
98,0,0
98,0,0
98,0,0
98,0,0
98,0,0
98,0,0
98,0,0
98,0,0
98,0,0
98,0,0
98,0,0
98,0,0
98,0,0
98,0,0
98,0,0
98,0,0
98,0,0
98,0,0
98,0,0
98,0,0
98,0,0
98,0,0
98,0,0
98,0,0
98,0,0
98,0,0
98,0,0
98,0,0
98,0,0
98,0,0
98,0,0
98,0,0
98,0,0
98,0,0
98,0,0
98,0,0
98,0,0
98,0,0
98,0,0
98,0,0
98,0,0
98,0,0
98,0,0
98,0,0
98,0,0
98,0,0
98,0,0
98,0,0
98,0,0
98,0,0
98,0,0
98,0,0
98,0,0
98,0,0
98,0,0
98,0,0
98,0,0
98,0,0
98,0,0
98,0,0
98,0,0
98,0,0
98,0,0
98,0,0
98,0,0
98,0,0
98,0,0
98,0,0
98,0,0
98,0,0
98,0,0
98,0,0
98,0,0
98,0,0
98,0,0
98,0,0
98,0,0
98,0,0
98,0,0
98,0,0
98,0,0
98,0,0
98,0,0
98,0,0
98,0,0
98,0,0
98,0,0
98,0,0
98,0,0
98,0,0
98,1,1
98,1,1
98,1,1
98,1,1
98,1,1
98,1,1
98,1,1
98,1,1
98,1,1
98,1,1
98,1,1
98,1,1
98,1,159
98,8,141
98,8,148
98,13,226
98,14,141
98,14,-309
98,14,165
98,14,231
98,41,263
98,42,204
98,43,-159
98,44,-322
98,51,279
98,51,-245
98,51,-192
98,61,155
98,64,177
98,80,323
98,83,-275
98,88,136
98,90,-149
98,93,-210
98,98,-219
98,102,304
98,103,-225
98,109,-183
98,111,-228
98,120,-199
98,124,141
98,137,-162
98,140,188
98,141,188
98,143,181
98,146,314
98,155,-212
98,155,-169
98,157,-237
98,166,321
98,167,235
98,172,302
98,172,-168
98,180,284
98,189,174
98,201,-297
98,201,315
98,202,338
98,206,174
98,210,302
98,211,237
98,218,-206
98,221,-159
98,222,254
98,223,329
98,227,-328
98,229,-324
98,229,163
98,231,337
98,239,-231
98,240,-217
98,243,235
98,244,212
98,244,350
98,251,197
98,256,353
98,263,-240
98,265,146
98,266,164
98,268,364
98,269,333
98,271,165
98,276,303
98,277,-340
98,279,-330
98,281,324
98,282,-277
98,282,256
98,284,281
98,285,139
98,286,327
98,290,-94
98,295,326
98,297,224
98,301,117
98,302,309
98,305,290
98,306,307
98,307,338
98,312,316
98,313,250
98,315,314
98,322,-242
98,322,-5
98,322,227
98,324,-43
98,324,-245
98,329,-137
98,329,-99
98,330,163
98,330,38
98,332,-137
98,333,-15
98,334,282
98,337,341
98,339,271
98,347,223
98,348,192
98,348,178
98,354,274
98,358,294
98,362,324
98,362,-26
98,363,-20
98,376,217
98,377,-92
98,379,305
98,379,264
98,384,142
98,388,148
98,389,128
98,393,-6
98,396,-14
98,397,54
98,399,345
98,401,283
98,402,126
98,403,-271
98,405,321
98,405,-307
98,408,363
98,413,309
98,417,109
98,421,-287
98,421,215
98,422,232
98,423,358
98,425,-35
98,426,352
98,427,-237
98,428,107
98,432,-305
98,433,142
98,433,-312
98,434,-316
98,436,27
98,436,-248
98,437,-157
98,439,-189
98,440,-66
98,442,65
98,443,360
98,444,-69
98,444,346
98,447,-296
98,447,73
98,448,-248
98,448,320
98,455,-131
98,455,-361
98,455,-308
98,458,366
98,458,366
98,459,-334
98,459,-323
98,461,-54
98,463,327
98,465,-113
98,467,368
98,469,-109
98,469,235
98,471,121
98,477,253
98,478,-92
98,478,-270
98,479,351
98,481,288
98,482,98
98,487,276
98,491,-184
98,494,-12
98,495,-186
98,495,-187
98,495,169
98,500,-290
98,501,-239
98,504,-198
98,508,-277
98,513,170
98,515,238
98,518,-248
98,520,37
98,522,13
98,528,31
98,543,-58
98,548,-80
98,550,-23
98,553,87
98,553,-223
98,554,-150
98,555,119
98,561,-37
98,564,195
98,565,45
98,572,-33
98,572,-13
98,574,86
98,575,-6
98,576,33
98,582,-26
98,593,195
99,-343,141
99,-302,141
99,-302,141
99,-288,448
99,-269,144
99,-266,134
99,-266,95
99,-264,194
99,-262,152
99,-262,192
99,-260,-25
99,-258,159
99,-256,106
99,-256,146
99,-255,-22
99,-254,167
99,-253,116
99,-251,97
99,-249,-61
99,-249,100
99,-245,94
99,-244,-60
99,-243,102
99,-242,155
99,-242,102
99,-240,-20
99,-239,-20
99,-238,-19
99,-238,-19
99,-237,-21
99,-230,173
99,-229,111
99,-223,-21
99,-215,150
99,-213,162
99,-213,187
99,-213,179
99,-211,150
99,-210,-20
99,-209,143
99,-208,179
99,-207,146
99,-207,115
99,-198,157
99,-192,104
99,-191,157
99,-188,181
99,-187,159
99,-186,178
99,-183,-84
99,-183,-45
99,-183,124
99,-183,138
99,-182,15
99,-181,-46
99,-181,18
99,-181,-37
99,-181,21
99,-180,13
99,-180,179
99,-179,115
99,-179,123
99,-178,47
99,-177,88
99,-177,48
99,-176,25
99,-175,-23
99,-174,60
99,-173,111
99,-171,138
99,-170,65
99,-170,61
99,-170,-59
99,-170,57
99,-169,-25
99,-169,82
99,-168,184
99,-162,195
99,-160,61
99,-159,-103
99,-157,-101
99,-150,-18
99,-149,-21
99,-146,-139
99,-146,-61
99,-145,-137
99,-145,-58
99,-144,-95
99,-144,-67
99,-144,99
99,-143,81
99,-142,-34
99,-142,-55
99,-142,-94
99,-141,80
99,-140,-1
99,-140,-2
99,-139,-70
99,-139,73
99,-136,-29
99,-135,-49
99,-135,8
99,-134,97
99,-133,10
99,-133,29
99,-133,98
99,-129,28
99,-129,-56
99,-126,-66
99,-121,-47
99,-116,0
99,-115,-98
99,-113,-22
99,-110,-52
99,-109,-20
99,-109,96
99,-107,-66
99,-106,-25
99,-105,-95
99,-104,-20
99,-103,29
99,-103,-160
99,-103,-160
99,-103,-135
99,-102,-19
99,-102,-102
99,-101,-68
99,-101,-108
99,-101,-210
99,-101,-133
99,-101,-100
99,-100,-88
99,-100,-169
99,-99,-119
99,-99,-22
99,-99,-117
99,-98,-115
99,-98,-190
99,-97,-164
99,-97,-21
99,-96,-74
99,-95,-69
99,-93,-98
99,-92,-63
99,-90,96
99,-89,29
99,-89,101
99,-85,-179
99,-84,-9
99,-84,-101
99,-82,-221
99,-82,-28
99,-82,-220
99,-82,-142
99,-81,-139
99,-81,-84
99,-80,-78
99,-80,-75
99,-78,-57
99,-78,-99
99,-78,96
99,-78,-80
99,-75,-99
99,-74,-1
99,-73,-14
99,-69,-219
99,-68,-20
99,-67,-20
99,-67,-73
99,-66,-58
99,-66,-138
99,-66,-184
99,-65,-179
99,-63,-60
99,-63,-55
99,-63,-136
99,-63,-141
99,-62,-53
99,-62,86
99,-62,-55
99,-61,-65
99,-61,-211
99,-61,-212
99,-61,7
99,-60,-136
99,-60,-52
99,-59,-199
99,-59,-119
99,-59,-55
99,-59,-186
99,-58,-58
99,-57,-133
99,-57,-105
99,-57,-60
99,-56,89
99,-55,94
99,-54,-136
99,-54,6
99,-53,16
99,-51,-102
99,-50,64
99,-50,-136
99,-44,-100
99,-44,61
99,-40,-137
99,-39,182
99,-35,-182
99,-27,-102
99,-26,-102
99,-25,180
99,-22,-40
99,-22,-40
99,-22,-87
99,-22,1
99,-21,-43
99,-21,120
99,-21,-73
99,-19,83
99,-19,-41
99,-19,-5
99,-19,85
99,-19,156
99,-19,-139
99,-18,-162
99,-18,-150
99,-18,18
99,-18,-20
99,-17,-165
99,-17,-16
99,-15,-22
99,-13,63
99,-6,61
99,-4,61
99,0,0
99,0,0
99,0,0
99,0,0
99,0,0
99,0,0
99,0,0
99,0,0
99,0,0
99,0,0
99,0,0
99,0,0
99,0,0
99,0,0
99,0,0
99,0,0
99,0,0
99,0,0
99,0,0
99,0,0
99,0,0
99,0,0
99,0,0
99,0,0
99,0,0
99,0,0
99,0,0
99,0,0
99,0,0
99,0,0
99,0,0
99,0,0
99,0,0
99,0,0
99,0,0
99,0,0
99,0,0
99,0,0
99,0,0
99,0,0
99,0,0
99,0,0
99,0,0
99,0,0
99,0,0
99,0,0
99,0,0
99,0,0
99,0,0
99,0,0
99,0,0
99,0,0
99,0,0
99,0,0
99,0,0
99,0,0
99,0,0
99,0,0
99,0,0
99,0,0
99,0,0
99,0,0
99,0,0
99,0,0
99,0,0
99,0,0
99,0,0
99,0,0
99,0,0
99,0,0
99,0,0
99,0,0
99,0,0
99,0,0
99,0,0
99,0,0
99,0,0
99,0,0
99,0,0
99,0,0
99,0,0
99,0,0
99,0,0
99,0,0
99,0,0
99,0,0
99,0,0
99,0,0
99,0,0
99,0,0
99,0,0
99,0,0
99,0,0
99,0,0
99,0,0
99,0,0
99,0,0
99,0,0
99,0,0
99,0,0
99,0,0
99,0,0
99,0,0
99,0,0
99,0,0
99,0,0
99,0,0
99,0,0
99,0,0
99,0,0
99,0,0
99,0,0
99,0,0
99,0,0
99,0,0
99,0,0
99,0,0
99,0,0
99,0,0
99,0,0
99,0,0
99,0,0
99,0,0
99,0,0
99,0,0
99,0,0
99,0,0
99,0,0
99,0,0
99,0,0
99,0,0
99,0,0
99,0,0
99,0,0
99,0,0
99,0,0
99,0,0
99,0,0
99,0,0
99,0,0
99,0,0
99,0,0
99,0,0
99,0,0
99,0,0
99,0,0
99,0,0
99,0,0
99,0,0
99,0,0
99,0,0
99,0,0
99,0,0
99,0,0
99,0,0
99,0,0
99,0,0
99,0,0
99,0,0
99,0,0
99,0,0
99,0,0
99,0,0
99,0,0
99,0,0
99,0,0
99,0,0
99,0,0
99,0,0
99,0,0
99,0,0
99,0,0
99,0,0
99,0,0
99,0,0
99,0,0
99,0,0
99,0,0
99,0,0
99,0,0
99,0,0
99,0,0
99,0,0
99,0,0
99,0,0
99,0,0
99,0,0
99,0,0
99,0,0
99,0,0
99,0,0
99,0,0
99,0,0
99,0,0
99,0,0
99,0,0
99,0,0
99,0,0
99,0,0
99,0,0
99,0,0
99,0,0
99,0,0
99,0,0
99,0,0
99,0,0
99,0,0
99,0,0
99,0,0
99,0,0
99,0,0
99,0,0
99,0,0
99,0,0
99,0,0
99,0,0
99,0,0
99,0,0
99,0,0
99,0,0
99,0,0
99,0,0
99,0,0
99,0,0
99,0,0
99,0,0
99,0,0
99,0,0
99,0,0
99,0,0
99,0,0
99,0,0
99,0,0
99,0,0
99,0,0
99,0,0
99,0,0
99,0,0
99,0,0
99,0,0
99,0,0
99,0,0
99,0,0
99,0,0
99,0,0
99,0,0
99,0,0
99,0,0
99,0,0
99,0,0
99,0,0
99,0,0
99,0,0
99,0,0
99,0,0
99,0,0
99,0,0
99,0,0
99,0,0
99,0,0
99,0,0
99,0,0
99,0,0
99,0,0
99,0,0
99,0,0
99,0,0
99,0,0
99,0,0
99,0,0
99,0,0
99,0,0
99,0,0
99,0,0
99,0,0
99,0,0
99,0,0
99,0,0
99,0,0
99,0,0
99,0,0
99,0,0
99,0,0
99,0,0
99,0,0
99,0,0
99,0,0
99,0,0
99,0,0
99,0,0
99,0,0
99,0,0
99,0,0
99,0,0
99,0,0
99,0,0
99,0,0
99,0,0
99,0,0
99,0,0
99,0,0
99,0,0
99,0,0
99,0,0
99,0,0
99,0,0
99,0,0
99,0,0
99,0,0
99,0,0
99,0,0
99,0,0
99,0,0
99,0,0
99,0,0
99,0,0
99,0,0
99,0,0
99,0,0
99,0,0
99,0,0
99,0,0
99,0,0
99,0,0
99,0,0
99,0,0
99,0,0
99,0,0
99,0,0
99,0,0
99,0,0
99,0,0
99,0,0
99,0,0
99,0,0
99,0,0
99,0,0
99,0,0
99,0,0
99,0,0
99,0,0
99,0,0
99,0,0
99,0,0
99,1,1
99,6,56
99,7,-191
99,8,-188
99,8,-86
99,10,-15
99,11,-108
99,12,-186
99,13,-79
99,16,-176
99,16,40
99,18,35
99,19,-169
99,19,-24
99,19,-20
99,19,-160
99,19,-21
99,19,-107
99,21,-166
99,21,0
99,21,-154
99,22,-140
99,22,-102
99,22,-209
99,22,-150
99,22,-131
99,22,-141
99,23,-20
99,23,-124
99,23,-165
99,24,41
99,24,-114
99,24,-179
99,25,-173
99,26,-139
99,29,-140
99,30,-171
99,30,-140
99,31,-160
99,31,-160
99,32,-187
99,33,-105
99,35,-103
99,37,-156
99,39,-154
99,39,-153
99,40,-21
99,40,-152
99,40,-18
99,42,-125
99,43,-147
99,43,-147
99,43,-147
99,43,-144
99,43,-147
99,43,-154
99,44,-137
99,45,-145
99,45,-136
99,45,-136
99,45,-156
99,46,-171
99,49,-218
99,50,-148
99,50,-134
99,51,-133
99,52,-132
99,52,-158
99,52,-136
99,53,-131
99,55,-147
99,56,-186
99,56,20
99,59,-151
99,60,-164
99,60,-152
99,60,-159
99,60,-120
99,65,-154
99,67,-146
99,67,-135
99,70,-114
99,70,-21
99,70,-144
99,71,-146
99,71,-144
99,72,-133
99,75,-98
99,75,-124
99,75,20
99,75,-184
99,75,-154
99,78,-128
99,80,-181
99,83,-159
99,88,-18
99,89,-175
99,95,-139
99,97,-104
99,98,-174
99,100,-113
99,101,-19
99,103,-150
99,111,-128
99,111,-138
99,114,-95
99,116,-90
99,130,-141
99,134,-138
99,174,-141
100,-725,572
100,-719,587
100,-702,572
100,-695,22
100,-687,571
100,-658,1
100,-656,549
100,-655,544
100,-652,546
100,-642,546
100,-628,269
100,-624,516
100,-618,-3
100,-613,295
100,-603,508
100,-600,-37
100,-598,-118
100,-597,-150
100,-595,516
100,-594,258
100,-593,514
100,-588,-55
100,-585,-137
100,-585,30
100,-583,500
100,-582,194
100,-581,-149
100,-578,276
100,-575,-86
100,-574,189
100,-573,465
100,-572,465
100,-572,471
100,-571,-425
100,-571,-459
100,-570,178
100,-568,-8
100,-568,-121
100,-567,-95
100,-567,303
100,-567,327
100,-563,236
100,-563,486
100,-563,206
100,-563,-150
100,-561,22
100,-560,183
100,-559,-149
100,-558,404
100,-557,-494
100,-556,-56
100,-555,179
100,-555,-411
100,-555,173
100,-553,274
100,-553,-430
100,-553,-460
100,-552,491
100,-552,493
100,-551,196
100,-549,264
100,-548,280
100,-547,317
100,-546,508
100,-543,-450
100,-542,-389
100,-541,432
100,-541,-459
100,-539,472
100,-537,-164
100,-536,-162
100,-534,118
100,-531,-11
100,-530,-508
100,-530,244
100,-525,8
100,-524,-74
100,-522,115
100,-521,427
100,-515,-3
100,-514,95
100,-512,312
100,-512,-363
100,-512,74
100,-512,267
100,-512,-403
100,-512,495
100,-509,-53
100,-509,-453
100,-509,363
100,-509,-24
100,-509,489
100,-508,261
100,-506,-380
100,-506,500
100,-505,498
100,-503,-26
100,-503,-25
100,-503,-456
100,-500,-4
100,-499,-446
100,-499,241
100,-499,82
100,-498,139
100,-497,-368
100,-497,-432
100,-495,-375
100,-495,-350
100,-495,208
100,-495,-420
100,-493,-194
100,-492,-92
100,-491,-145
100,-490,-401
100,-490,-471
100,-488,352
100,-488,-352
100,-488,339
100,-482,133
100,-478,-39
100,-478,-207
100,-477,-356
100,-476,330
100,-476,-38
100,-474,-355
100,-473,153
100,-473,-186
100,-472,239
100,-472,94
100,-472,405
100,-471,60
100,-470,97
100,-469,64
100,-468,-130
100,-467,326
100,-462,-262
100,-462,-465
100,-459,313
100,-459,-418
100,-458,162
100,-458,-66
100,-457,-470
100,-457,-381
100,-457,-261
100,-455,-386
100,-454,-107
100,-453,385
100,-453,-193
100,-453,-383
100,-452,328
100,-452,-96
100,-452,-28
100,-451,414
100,-450,-179
100,-449,70
100,-444,-21
100,-443,-92
100,-441,-422
100,-439,-221
100,-439,-491
100,-439,-223
100,-438,-221
100,-438,329
100,-438,-223
100,-438,155
100,-437,-217
100,-436,144
100,-436,-214
100,-435,-216
100,-433,-216
100,-433,-348
100,-433,-392
100,-432,-508
100,-431,247
100,-430,-30
100,-429,-205
100,-427,-391
100,-427,-224
100,-427,-269
100,-427,-230
100,-423,-421
100,-422,-357
100,-421,-333
100,-421,-485
100,-420,256
100,-414,-314
100,-413,390
100,-409,161
100,-408,-234
100,-408,74
100,-406,-40
100,-405,206
100,-404,129
100,-403,171
100,-403,258
100,-401,216
100,-399,312
100,-399,96
100,-398,-44
100,-397,-200
100,-394,77
100,-393,-439
100,-393,348
100,-393,59
100,-392,335
100,-392,342
100,-390,-433
100,-390,-303
100,-389,-454
100,-388,-503
100,-386,-517
100,-384,-525
100,-383,200
100,-383,-215
100,-379,-66
100,-378,213
100,-377,30
100,-373,218
100,-373,384
100,-372,-413
100,-370,385
100,-368,288
100,-368,-403
100,-367,-308
100,-367,6
100,-366,-393
100,-366,215
100,-365,-277
100,-364,76
100,-362,-485
100,-362,-412
100,-362,287
100,-362,-86
100,-361,-70
100,-360,208
100,-359,284
100,-358,279
100,-357,-305
100,-357,-301
100,-356,-90
100,-354,104
100,-353,262
100,-353,-289
100,-350,-288
100,-349,-418
100,-349,290
100,-348,-324
100,-347,-13
100,-347,8
100,-347,-287
100,-347,-492
100,-346,-422
100,-346,-31
100,-345,218
100,-345,29
100,-344,-86
100,-342,207
100,-342,400
100,-340,-40
100,-338,369
100,-337,-427
100,-335,433
100,-335,48
100,-334,-506
100,-333,-112
100,-331,-236
100,-330,-314
100,-329,-31
100,-328,257
100,-328,-333
100,-327,-428
100,-326,106
100,-325,348
100,-325,245
100,-324,33
100,-324,-346
100,-324,-360
100,-323,-510
100,-323,34
100,-322,-40
100,-320,-113
100,-319,437
100,-319,-445
100,-317,-30
100,-317,309
100,-317,-469
100,-317,128
100,-312,-360
100,-311,-305
100,-310,-371
100,-310,-53
100,-309,293
100,-308,-252
100,-307,49
100,-304,18
100,-304,384
100,-302,210
100,-300,233
100,-299,411
100,-299,136
100,-297,-263
100,-296,-192
100,-295,225
100,-295,428
100,-294,-223
100,-293,101
100,-291,420
100,-291,53
100,-290,349
100,-290,283
100,-290,138
100,-289,-339
100,-288,467
100,-287,-199
100,-287,-371
100,-287,-320
100,-286,108
100,-285,280
100,-285,-235
100,-285,371
100,-284,400
100,-284,-468
100,-283,31
100,-283,-132
100,-282,-78
100,-282,-78
100,-281,-220
100,-281,-260
100,-280,-365
100,-280,-267
100,-280,-277
100,-280,488
100,-279,-540
100,-278,-351
100,-278,358
100,-275,118
100,-275,-363
100,-274,300
100,-274,-272
100,-274,290
100,-274,-284
100,-272,17
100,-269,69
100,-269,-567
100,-268,-213
100,-268,93
100,-268,280
100,-267,-569
100,-267,-253
100,-267,-347
100,-267,-276
100,-267,-225
100,-267,-236
100,-267,-362
100,-263,-105
100,-263,-254
100,-263,75
100,-262,339
100,-262,289
100,-262,145
100,-260,60
100,-259,-507
100,-257,278
100,-257,-79
100,-256,-129
100,-255,185
100,-252,-211
100,-251,18
100,-251,-113
100,-251,-350
100,-249,-164
100,-249,121
100,-247,-146
100,-246,-340
100,-246,438
100,-244,101
100,-243,-262
100,-243,-430
100,-242,483
100,-242,1
100,-240,213
100,-240,-511
100,-239,32
100,-239,196
100,-238,39
100,-237,91
100,-237,-128
100,-236,100
100,-231,-331
100,-227,-469
100,-227,-433
100,-227,-164
100,-226,18
100,-226,-300
100,-226,-277
100,-222,-392
100,-221,-490
100,-221,-259
100,-221,-259
100,-217,-154
100,-217,-131
100,-214,196
100,-214,-493
100,-214,-493
100,-210,-381
100,-209,-26
100,-208,-268
100,-207,-24
100,-207,436
100,-204,-325
100,-204,-147
100,-204,447
100,-201,-127
100,-201,-172
100,-200,-43
100,-196,-178
100,-195,-150
100,-195,-150
100,-193,-224
100,-190,-113
100,-184,-329
100,-183,-281
100,-183,-471
100,-182,-297
100,-179,-417
100,-177,-385
100,-175,-82
100,-174,-444
100,-174,-115
100,-172,-442
100,-172,-288
100,-168,-532
100,-167,-151
100,-167,-102
100,-163,-487
100,-162,-69
100,-157,-510
100,-157,-274
100,-156,-240
100,-155,189
100,-155,-412
100,-154,-503
100,-151,-102
100,-150,211
100,-149,-433
100,-148,-91
100,-147,-502
100,-146,-271
100,-146,207
100,-142,-447
100,-141,-243
100,-139,-412
100,-139,174
100,-138,-411
100,-137,-247
100,-133,-527
100,-133,-417
100,-133,-141
100,-133,-519
100,-126,-475
100,-122,200
100,-121,-408
100,-107,220
100,-103,205
100,-98,-418
100,-98,-498
100,-76,-160
100,-73,156
100,-71,-387
100,-70,-528
100,-63,187
100,-48,-519
100,-46,-522
100,-45,189
100,-37,-449
100,-27,-480
100,-19,-510
100,0,0
100,0,0
100,0,0
100,0,0
100,0,0
100,0,0
100,0,0
100,0,0
100,0,0
100,0,0
100,0,0
100,0,0
100,0,0
100,0,0
100,0,0
100,0,0
100,0,0
100,0,0
100,0,0
100,0,0
100,0,0
100,0,0
100,0,0
100,0,0
100,0,0
100,0,0
100,0,0
100,0,0
100,0,0
100,0,0
100,0,0
100,0,0
100,0,0
100,0,0
100,0,0
100,0,0
100,0,0
100,0,0
100,0,0
100,0,0
100,0,0
100,0,0
100,0,0
100,0,0
100,0,0
100,0,0
100,0,0
100,0,0
100,0,0
100,0,0
100,0,0
100,0,0
100,0,0
100,0,0
100,0,0
100,0,0
100,0,0
100,0,0
100,0,0
100,0,0
100,0,0
100,0,0
100,0,0
100,0,0
100,0,0
100,0,0
100,0,0
100,0,0
100,0,0
100,0,0
100,0,0
100,0,0
100,0,0
100,0,0
100,0,0
100,0,0
100,0,0
100,0,0
100,0,0
100,0,0
100,0,0
100,0,0
100,0,0
100,0,0
100,0,0
100,0,0
100,0,0
100,0,0
100,0,0
100,0,0
100,0,0
100,0,0
100,0,0
100,0,0
100,0,0
100,0,0
100,0,0
100,0,0
100,0,0
100,0,0
100,0,0
100,0,0
100,0,0
100,0,0
100,0,0
100,0,0
100,0,0
100,0,0
100,0,0
100,0,0
100,0,0
100,0,0
100,0,0
100,0,0
100,0,0
100,0,0
100,0,0
100,0,0
100,0,0
100,0,0
100,1,1
100,1,1
100,1,1
100,1,1
100,1,1
101,0,0
101,0,0
101,0,0
101,0,0
101,0,0
101,0,0
101,0,0
101,0,0
101,0,0
101,0,0
101,0,0
101,0,0
101,0,0
101,0,0
101,0,0
101,0,0
101,0,0
101,0,0
101,0,0
101,0,0
101,0,0
101,0,0
101,0,0
101,0,0
101,0,0
101,0,0
101,0,0
101,0,0
101,0,0
101,0,0
101,0,0
101,0,0
101,0,0
101,0,0
101,0,0
101,0,0
101,0,0
101,0,0
101,0,0
101,0,0
101,0,0
101,0,0
101,0,0
101,0,0
101,0,0
101,0,0
101,0,0
101,0,0
101,0,0
101,0,0
101,0,0
101,0,0
101,0,0
101,0,0
101,0,0
101,0,0
101,0,0
101,0,0
101,0,0
101,0,0
101,0,0
101,0,0
101,0,0
101,0,0
101,0,0
101,0,0
101,0,0
101,0,0
101,0,0
101,0,0
101,0,0
101,0,0
101,0,0
101,0,0
101,0,0
101,0,0
101,0,0
101,0,0
101,0,0
101,0,0
101,0,0
101,0,0
101,0,0
101,0,0
101,0,0
101,0,0
101,0,0
101,0,0
101,0,0
101,0,0
101,0,0
101,0,0
101,0,0
101,0,0
101,0,0
101,0,0
101,0,0
101,0,0
101,0,0
101,0,0
101,0,0
101,0,0
101,0,0
101,0,0
101,0,0
101,0,0
101,0,0
101,0,0
101,0,0
101,0,0
101,0,0
101,0,0
101,0,0
101,0,0
101,0,0
101,0,0
101,0,0
101,0,0
101,0,0
101,0,0
101,0,0
101,0,0
101,0,0
101,0,0
101,0,0
101,0,0
101,0,0
101,0,0
101,0,0
101,0,0
101,0,0
101,0,0
101,0,0
101,0,0
101,0,0
101,0,0
101,0,0
101,0,0
101,0,0
101,0,0
101,0,0
101,0,0
101,0,0
101,0,0
101,0,0
101,0,0
101,0,0
101,0,0
101,0,0
101,0,0
101,1,1
101,1,1
101,1,1
101,1,1
101,1,1
101,1,1
101,1,1
101,1,1
101,1,1
101,1,1
101,1,1
101,1,1
101,1,1
101,1,1
101,1,1
101,1,1
101,1,1
101,2,172
101,51,157
101,62,197
101,74,157
101,83,-514
101,84,134
101,91,152
101,91,157
101,99,205
101,100,118
101,103,96
101,103,127
101,106,-511
101,124,130
101,125,155
101,129,185
101,131,152
101,138,181
101,138,-498
101,140,165
101,141,-469
101,142,-532
101,145,14
101,148,35
101,150,137
101,152,-485
101,152,52
101,153,107
101,155,410
101,155,325
101,156,-376
101,158,149
101,160,29
101,162,402
101,165,-23
101,165,141
101,165,397
101,167,-448
101,168,-330
101,168,-330
101,170,-345
101,171,412
101,172,301
101,172,411
101,176,167
101,177,-2
101,177,-417
101,179,15
101,180,189
101,183,-315
101,184,-101
101,185,-82
101,187,-80
101,188,415
101,191,270
101,191,432
101,191,164
101,192,-321
101,193,-373
101,195,-65
101,196,-319
101,196,413
101,197,285
101,203,186
101,205,404
101,206,-364
101,206,-75
101,208,202
101,209,405
101,210,109
101,211,297
101,211,444
101,213,169
101,213,43
101,219,403
101,219,48
101,220,16
101,221,11
101,221,436
101,222,156
101,222,183
101,223,138
101,227,-336
101,227,17
101,228,-133
101,231,430
101,231,45
101,233,136
101,233,140
101,234,37
101,234,-342
101,235,-424
101,236,-114
101,238,-160
101,238,380
101,238,330
101,239,-520
101,239,219
101,240,-260
101,240,26
101,241,297
101,241,-248
101,242,207
101,246,-395
101,246,387
101,247,-488
101,249,-469
101,252,265
101,254,42
101,256,285
101,257,11
101,258,-107
101,258,371
101,260,94
101,260,-372
101,261,-496
101,261,-392
101,263,-269
101,264,-232
101,264,239
101,264,172
101,266,-412
101,267,-399
101,267,-474
101,270,156
101,271,-264
101,274,10
101,275,195
101,275,-266
101,275,393
101,276,-29
101,276,405
101,276,369
101,280,-313
101,280,-433
101,281,3
101,281,-489
101,282,-354
101,282,-313
101,284,-241
101,286,451
101,289,208
101,290,151
101,290,369
101,290,470
101,295,395
101,295,491
101,296,-98
101,297,-493
101,299,-41
101,300,-496
101,301,94
101,303,158
101,305,426
101,306,-493
101,309,435
101,311,29
101,312,-259
101,312,-227
101,313,-0
101,314,-515
101,314,-79
101,314,17
101,315,-151
101,316,129
101,318,104
101,319,-342
101,320,-6
101,320,48
101,324,41
101,325,19
101,327,-346
101,327,10
101,327,-275
101,328,431
101,329,-250
101,329,-418
101,332,-224
101,333,-413
101,333,-36
101,334,-15
101,339,45
101,340,47
101,340,65
101,344,15
101,345,-528
101,346,164
101,349,-327
101,351,-558
101,352,-152
101,352,-13
101,353,18
101,355,-216
101,355,-150
101,358,-412
101,358,61
101,360,-253
101,362,56
101,363,51
101,366,67
101,366,74
101,369,-294
101,369,-333
101,369,-294
101,370,-306
101,370,176
101,374,9
101,379,-46
101,379,-317
101,380,-185
101,380,15
101,382,-311
101,383,-189
101,384,54
101,385,-183
101,385,-348
101,386,54
101,389,-0
101,392,-330
101,394,77
101,400,-19
101,400,-300
101,400,96
101,402,-369
101,403,-1
101,404,-16
101,405,-199
101,405,-6
101,407,50
101,408,-6
101,409,-261
101,413,7
101,414,94
101,416,-370
101,418,-178
101,419,-369
101,421,148
101,422,-328
101,423,-285
101,428,-389
101,429,159
101,431,-182
101,434,391
101,434,315
101,436,-415
101,437,0
101,440,-159
101,441,-387
101,441,-232
101,441,-389
101,442,-146
101,443,-357
101,443,128
101,443,-303
101,445,-448
101,446,-80
101,447,-285
101,448,-418
101,453,-224
101,454,-127
101,456,-74
101,458,-316
101,459,-364
101,460,398
101,460,-10
101,461,-56
101,461,-356
101,461,-466
101,461,-391
101,463,-26
101,463,346
101,463,-117
101,463,-486
101,464,-172
101,465,-132
101,466,-280
101,466,-115
101,468,73
101,468,-210
101,470,-347
101,472,335
101,473,426
101,475,-472
101,475,74
101,476,-32
101,477,-257
101,478,449
101,479,-204
101,480,410
101,480,-55
101,480,-265
101,482,168
101,485,-21
101,485,6
101,487,59
101,492,-337
101,495,162
101,496,-7
101,497,-240
101,499,226
101,500,115
101,504,-348
101,505,326
101,507,5
101,508,-413
101,511,191
101,516,346
101,517,383
101,518,13
101,518,-31
101,520,-225
101,521,-391
101,522,-367
101,522,397
101,522,-41
101,525,448
101,526,-258
101,527,415
101,527,-346
101,532,399
101,535,-477
101,538,314
101,539,-358
101,540,-424
101,546,167
101,550,150
101,551,-452
101,555,99
101,557,334
101,557,374
101,561,-414
101,561,443
101,562,189
101,562,201
101,565,-311
101,565,-378
101,568,330
101,571,-462
101,571,-507
101,575,404
101,580,187
101,580,167
101,581,-430
101,587,-433
101,593,-501
101,596,306
101,599,-441
101,617,342
101,620,255
101,620,350
101,625,253
101,626,271
101,628,412
101,629,257
101,630,-505
101,630,309
101,632,-540
101,633,-474
101,634,424
101,636,-491
101,638,-532
101,642,365
101,648,-479
101,653,297
101,655,-499
101,664,418
101,668,425
101,679,432
101,682,442
101,692,427
101,697,405
101,697,466
101,710,430
101,717,464
101,719,481
101,722,466
101,739,496
101,755,495
101,766,503
101,769,618
101,781,522
101,781,505
101,784,501
101,788,485
102,-833,478
102,-819,491
102,-776,592
102,-773,616
102,-772,444
102,-771,430
102,-766,629
102,-763,297
102,-763,409
102,-756,434
102,-748,554
102,-736,118
102,-729,346
102,-714,347
102,-706,322
102,-699,-43
102,-695,57
102,-694,-6
102,-692,509
102,-691,512
102,-688,167
102,-687,211
102,-687,212
102,-686,113
102,-684,-6
102,-679,285
102,-676,-21
102,-674,223
102,-673,237
102,-673,145
102,-672,192
102,-670,316
102,-644,568
102,-642,409
102,-642,284
102,-639,-21
102,-638,1
102,-637,415
102,-637,-18
102,-625,210
102,-622,-84
102,-620,573
102,-618,551
102,-613,546
102,-601,156
102,-601,231
102,-600,42
102,-592,249
102,-591,235
102,-582,268
102,-582,-61
102,-580,112
102,-580,-58
102,-578,50
102,-578,-61
102,-578,239
102,-577,-52
102,-575,-39
102,-569,428
102,-566,-93
102,-566,409
102,-563,207
102,-561,246
102,-558,-43
102,-557,275
102,-552,429
102,-550,145
102,-547,105
102,-545,246
102,-545,325
102,-544,-153
102,-543,173
102,-543,464
102,-542,360
102,-541,-131
102,-541,415
102,-539,128
102,-531,-113
102,-526,204
102,-522,208
102,-520,210
102,-519,263
102,-518,326
102,-518,111
102,-513,-129
102,-513,309
102,-512,126
102,-510,-165
102,-509,170
102,-503,-160
102,-497,251
102,-494,412
102,-494,79
102,-493,-36
102,-493,234
102,-490,-166
102,-487,95
102,-475,351
102,-461,427
102,-460,-230
102,-451,328
102,-448,61
102,-448,364
102,-447,51
102,-447,318
102,-445,371
102,-442,67
102,-440,440
102,-440,320
102,-421,-244
102,-421,220
102,-418,29
102,-397,-283
102,-396,382
102,-395,-303
102,-394,-143
102,-393,-271
102,-393,-35
102,-389,8
102,-385,-2
102,-373,65
102,-372,-6
102,-368,321
102,-361,-206
102,-361,-76
102,-360,348
102,-360,208
102,-360,-212
102,-359,208
102,-356,260
102,-347,-29
102,-345,44
102,-341,275
102,-339,-58
102,-335,-68
102,-333,197
102,-329,-107
102,-324,-101
102,-318,368
102,-295,-10
102,-284,444
102,-284,126
102,-281,196
102,-278,195
102,-276,422
102,-275,207
102,-272,155
102,-272,123
102,-270,-103
102,-269,-161
102,-261,175
102,-259,177
102,-257,-76
102,-254,144
102,-250,-136
102,-250,-148
102,-249,204
102,-247,-106
102,-242,202
102,-239,126
102,-238,174
102,-226,119
102,-219,107
102,-216,-107
102,-215,-140
102,-207,249
102,-205,255
102,-201,371
102,-195,405
102,-185,-168
102,-182,127
102,-181,-433
102,-173,-492
102,-170,117
102,-168,263
102,-166,-483
102,-165,253
102,-163,-509
102,-157,-521
102,-155,-173
102,-154,-486
102,-153,-482
102,-153,185
102,-146,-177
102,-141,-519
102,-141,158
102,-126,-266
102,-123,-44
102,-121,79
102,-118,177
102,-117,-136
102,-109,-406
102,-105,-327
102,-101,-383
102,-101,170
102,-98,-172
102,-95,-227
102,-94,101
102,-93,-517
102,-79,139
102,-79,-275
102,-74,-413
102,-70,71
102,-69,-86
102,-68,-506
102,-62,-404
102,-61,-177
102,-60,-404
102,-57,-146
102,-56,114
102,-50,68
102,-49,-180
102,-42,245
102,-40,-320
102,-34,86
102,-32,-363
102,-29,-93
102,-28,108
102,-23,-395
102,-22,-137
102,-20,5
102,-19,-514
102,-11,-437
102,-9,-262
102,-9,-329
102,-8,156
102,-8,50
102,-2,-305
102,-1,144
102,0,0
102,0,0
102,0,0
102,0,0
102,0,0
102,0,0
102,0,0
102,0,0
102,0,0
102,0,0
102,0,0
102,0,0
102,0,0
102,0,0
102,0,0
102,0,0
102,0,0
102,0,0
102,0,0
102,0,0
102,0,0
102,0,0
102,1,1
102,1,1
102,1,1
102,1,1
102,1,1
102,1,1
102,1,1
102,1,1
102,1,1
102,1,1
102,1,1
102,1,1
102,1,1
102,1,1
102,1,1
102,1,1
102,1,1
102,6,147
102,10,60
102,15,-431
102,16,-516
102,22,190
102,26,-194
102,33,-218
102,35,202
102,35,-576
102,36,-253
102,38,-157
102,40,94
102,40,-225
102,44,-201
102,45,274
102,45,215
102,46,240
102,47,154
102,48,230
102,52,-371
102,53,-367
102,55,-529
102,55,136
102,56,94
102,58,41
102,59,106
102,59,-249
102,61,165
102,61,59
102,62,-237
102,63,104
102,66,133
102,70,173
102,70,158
102,72,284
102,72,-215
102,74,73
102,74,-225
102,83,131
102,85,-260
102,88,-239
102,90,-526
102,91,-260
102,93,-397
102,116,299
102,117,195
102,118,-460
102,120,-486
102,128,-19
102,134,-562
102,136,-564
102,141,-511
102,146,232
102,151,304
102,154,-562
102,158,52
102,158,-451
102,161,-214
102,168,-14
102,174,308
102,175,57
102,180,319
102,181,319
102,192,337
102,196,103
102,198,300
102,204,369
102,204,-601
102,211,258
102,214,249
102,216,-530
102,219,-466
102,220,133
102,220,-7
102,221,114
102,225,-561
102,226,11
102,233,172
102,233,124
102,235,91
102,237,301
102,242,-538
102,242,-455
102,246,-466
102,246,-468
102,250,311
102,251,311
102,251,257
102,258,112
102,258,-189
102,259,-140
102,259,-214
102,260,263
102,261,262
102,264,257
102,264,257
102,267,128
102,268,-213
102,269,-464
102,269,-13
102,273,-82
102,280,-88
102,291,-513
102,297,-137
102,297,311
102,299,-256
102,306,68
102,307,15
102,313,346
102,314,281
102,314,268
102,317,364
102,320,-469
102,324,-512
102,325,-250
102,327,-185
102,334,-15
102,334,371
102,337,-37
102,339,374
102,343,-11
102,345,-283
102,347,-503
102,360,150
102,360,289
102,373,-503
102,376,-206
102,377,-182
102,377,-481
102,378,410
102,381,-531
102,388,-489
102,395,356
102,399,-431
102,400,361
102,402,-434
102,402,161
102,409,-524
102,409,-473
102,409,362
102,411,-441
102,412,170
102,413,399
102,416,351
102,421,-524
102,422,356
102,424,28
102,425,-505
102,426,239
102,429,282
102,431,187
102,434,-206
102,434,241
102,434,174
102,435,161
102,437,-569
102,437,-317
102,438,403
102,438,281
102,438,-180
102,440,-537
102,440,-537
102,446,417
102,449,-140
102,450,238
102,458,-247
102,461,423
102,464,408
102,468,238
102,472,-203
102,474,348
102,474,238
102,479,470
102,480,472
102,480,329
102,481,-143
102,482,-451
102,484,78
102,485,65
102,485,260
102,489,472
102,490,130
102,491,132
102,492,-166
102,492,37
102,501,346
102,509,326
102,509,321
102,514,-12
102,518,152
102,521,-132
102,522,-351
102,529,337
102,537,397
102,537,378
102,537,384
102,539,343
102,546,-194
102,547,-335
102,548,337
102,560,79
102,560,97
102,562,55
102,562,341
102,562,-430
102,563,-430
102,566,-434
102,569,244
102,571,-321
102,579,-44
102,583,337
102,590,271
102,592,-476
102,594,-408
102,596,73
102,598,-107
102,609,-383
102,613,-405
102,615,-445
102,615,-82
102,621,-431
102,622,-66
102,623,323
102,624,-406
102,629,-43
102,632,204
102,632,-414
102,636,-463
102,640,2
102,640,179
102,640,-0
102,641,179
102,662,150
102,675,163
102,676,94
102,686,72
102,691,83
102,722,283
103,-810,34
103,-805,22
103,-799,19
103,-795,77
103,-795,71
103,-784,91
103,-774,97
103,-772,128
103,-769,157
103,-769,201
103,-768,197
103,-767,115
103,-767,196
103,-765,208
103,-765,172
103,-764,94
103,-760,183
103,-756,176
103,-756,134
103,-753,110
103,-741,221
103,-741,221
103,-737,224
103,-734,203
103,-731,249
103,-725,89
103,-723,131
103,-722,107
103,-720,104
103,-720,75
103,-716,225
103,-713,117
103,-697,147
103,-696,172
103,-694,196
103,-682,207
103,-680,183
103,-662,204
103,-639,205
103,-636,201
103,-581,230
103,-581,204
103,-581,197
103,-580,230
103,-576,193
103,-570,309
103,-567,361
103,-567,260
103,-564,342
103,-562,318
103,-559,259
103,-556,356
103,-546,360
103,-543,339
103,-506,160
103,-502,358
103,-497,130
103,-494,141
103,-494,147
103,-493,357
103,-485,77
103,-477,298
103,-472,145
103,-472,123
103,-470,314
103,-464,277
103,-460,103
103,-459,81
103,-447,277
103,-443,146
103,-442,153
103,-442,288
103,-439,196
103,-435,253
103,-425,268
103,-422,200
103,-403,321
103,-403,318
103,-400,201
103,-399,204
103,-392,222
103,-388,278
103,-382,218
103,-380,310
103,-379,244
103,-372,209
103,-370,239
103,-364,124
103,-363,-2
103,-360,-41
103,-358,266
103,-355,203
103,-354,226
103,-352,214
103,-348,132
103,-346,-17
103,-346,60
103,-343,78
103,-343,100
103,-341,95
103,-341,95
103,-339,127
103,-336,97
103,-335,1
103,-331,228
103,-327,-21
103,-320,116
103,-317,244
103,-311,186
103,-310,44
103,-305,119
103,-301,91
103,-300,-157
103,-297,-164
103,-289,144
103,-288,-72
103,-285,32
103,-283,-6
103,-276,120
103,-271,-16
103,-270,78
103,-268,103
103,-265,-91
103,-258,7
103,-256,103
103,-254,-12
103,-251,-92
103,-245,-159
103,-242,121
103,-241,-159
103,-235,-144
103,-232,-130
103,-229,-101
103,-223,-21
103,-222,-136
103,-220,-83
103,-218,-126
103,-211,-34
103,-207,-134
103,-206,77
103,-202,-129
103,-194,-65
103,-186,40
103,-184,22
103,-178,76
103,-178,-124
103,-177,-17
103,-164,-133
103,-164,-132
103,-163,-133
103,-159,-44
103,-149,-51
103,-147,42
103,-147,-6
103,-147,-29
103,-146,-29
103,-144,4
103,-142,-61
103,-141,-122
103,-138,-1
103,-136,-117
103,-130,166
103,-129,157
103,-126,-126
103,-124,209
103,-120,174
103,-120,207
103,-119,212
103,-117,-95
103,-113,199
103,-111,158
103,-109,-35
103,-100,203
103,-95,-49
103,-95,90
103,-93,95
103,-91,81
103,-85,188
103,-82,122
103,-75,-45
103,-63,183
103,-63,183
103,-61,201
103,-58,175
103,-55,179
103,-54,194
103,-50,100
103,-42,27
103,-36,206
103,-34,152
103,-23,41
103,-16,164
103,0,0
103,0,0
103,0,0
103,0,0
103,0,0
103,0,0
103,0,0
103,0,0
103,0,0
103,0,0
103,0,0
103,0,0
103,0,0
103,0,0
103,0,0
103,0,0
103,0,0
103,0,0
103,0,0
103,0,0
103,0,0
103,0,0
103,0,0
103,0,0
103,0,0
103,0,0
103,0,0
103,1,1
103,1,1
103,1,1
103,1,1
103,1,1
103,4,13
103,6,133
103,8,97
103,12,155
103,28,122
103,30,100
103,30,78
103,30,41
103,32,106
103,36,128
103,48,125
103,51,-38
103,51,40
103,55,1
103,60,-12
103,69,107
103,69,104
103,79,-36
103,96,98
103,100,32
103,101,54
103,105,-30
103,115,-28
103,133,-8
103,136,68
103,137,86
103,139,85
103,141,-7
103,143,92
103,146,99
103,149,163
103,150,93
103,151,102
103,153,99
103,154,106
103,154,160
103,155,166
103,157,149
103,158,37
103,158,14
103,162,170
103,162,165
103,164,38
103,168,157
103,168,168
103,175,104
103,175,117
103,183,-26
103,184,145
103,185,107
103,190,46
103,194,-43
103,196,2
103,213,9
103,218,-12
103,220,92
103,235,-160
103,237,40
103,238,157
103,239,-89
103,239,-171
103,243,164
103,250,-107
103,256,-160
103,259,-3
103,264,-161
103,269,88
103,270,-158
103,270,-166
103,282,116
103,289,-168
103,289,143
103,291,-158
103,295,-161
103,296,192
103,300,-50
103,305,75
103,309,107
103,309,159
103,309,95
103,310,95
103,311,-3
103,312,101
103,314,70
103,317,74
103,318,91
103,319,120
103,320,87
103,321,36
103,323,-167
103,324,80
103,326,-1
103,326,-28
103,327,205
103,329,-163
103,331,-161
103,332,-53
103,334,-112
103,334,9
103,337,193
103,339,236
103,339,-120
103,340,-160
103,342,-49
103,342,158
103,343,150
103,345,-160
103,347,-130
103,348,57
103,349,89
103,352,-189
103,353,68
103,354,165
103,356,-95
103,362,133
103,364,-84
103,373,135
103,373,-211
103,377,42
103,380,-40
103,380,89
103,382,203
103,388,154
103,389,174
103,391,28
103,392,167
103,397,-48
103,403,244
103,413,157
103,417,49
103,418,-206
103,419,-203
103,421,96
103,424,101
103,433,201
103,436,85
103,441,21
103,442,23
103,445,117
103,445,118
103,450,180
103,454,-32
103,456,181
103,457,226
103,459,240
103,463,-46
103,464,85
103,466,166
103,469,-35
103,473,211
103,479,-0
103,480,292
103,481,-36
103,483,3
103,483,-13
103,484,369
103,484,205
103,485,352
103,485,290
103,489,-46
103,489,62
103,491,82
103,492,109
103,493,-21
103,495,334
103,495,158
103,496,259
103,496,292
103,499,-40
103,501,255
103,501,259
103,503,360
103,505,299
103,506,363
103,506,316
103,511,349
103,511,68
103,511,226
103,512,-61
103,513,-44
103,517,286
103,519,-46
103,519,195
103,522,29
103,524,-79
103,524,157
103,524,350
103,526,6
103,528,80
103,528,305
103,530,-54
103,532,362
103,535,353
103,537,-66
103,543,-48
103,545,181
103,545,-85
103,546,317
103,549,128
103,553,160
103,553,153
103,555,286
103,558,320
103,561,-33
103,565,338
103,567,339
103,568,173
103,568,300
103,591,221
103,596,235
103,596,-42
103,600,186
103,601,191
103,605,224
103,608,-51
103,608,189
103,609,-75
103,617,167
103,619,234
103,619,-58
103,622,209
103,628,236
103,628,131
103,630,-159
103,631,-202
103,634,259
103,638,-187
103,642,-193
103,644,-176
103,647,-14
103,648,-97
103,650,0
103,650,228
103,657,-110
103,658,-49
103,659,-0
103,661,-42
103,663,-203
103,670,-79
103,676,231
103,679,-198
103,691,-33
103,697,236
103,708,-70
103,719,-84
103,720,195
103,737,-237
103,740,-203
103,742,-225
103,743,-217
103,743,-260
103,744,-185
103,773,-261
103,784,245
103,789,306
103,796,331
103,800,-190
103,801,343
103,806,-197
103,810,-196
103,815,327
103,822,347
103,824,356
103,834,-196
103,835,341
103,838,316
103,842,362
103,843,-155
103,844,345
103,844,-204
103,853,-212
103,855,-231
103,859,-183
103,861,-176
103,863,-182
103,867,-154
103,869,-165
103,879,-276
103,885,-223
103,901,-262
103,902,-230
103,902,-258
103,910,-292
103,913,-226
103,914,-200
103,915,-283
103,919,-312
103,921,-211
103,941,-226
103,947,-324
103,964,-242
104,-522,-410
104,-515,322
104,-513,-425
104,-509,288
104,-501,282
104,-492,279
104,-491,327
104,-487,-442
104,-486,-402
104,-483,-449
104,-480,-350
104,-479,309
104,-475,326
104,-467,-369
104,-455,-439
104,-447,-462
104,-441,-387
104,-425,-421
104,-421,-402
104,-414,-356
104,-410,-344
104,-404,-342
104,-399,-439
104,-373,-357
104,-369,-343
104,-367,190
104,-365,-291
104,-364,-240
104,-353,-396
104,-351,-340
104,-347,-312
104,-346,-319
104,-345,-254
104,-341,51
104,-335,-11
104,-334,-119
104,-333,-209
104,-332,-307
104,-330,-139
104,-330,-169
104,-329,57
104,-327,-219
104,-324,-127
104,-321,-164
104,-319,-129
104,-319,81
104,-317,399
104,-314,-347
104,-312,26
104,-310,-351
104,-308,406
104,-304,-302
104,-300,38
104,-299,48
104,-299,48
104,-298,-295
104,-298,102
104,-297,14
104,-295,145
104,-294,133
104,-293,-165
104,-293,120
104,-290,129
104,-282,8
104,-278,174
104,-277,-233
104,-275,82
104,-266,104
104,-264,-223
104,-262,-57
104,-261,-198
104,-260,-74
104,-257,106
104,-254,168
104,-249,-119
104,-248,-178
104,-242,-221
104,-242,181
104,-232,-572
104,-232,-161
104,-232,-160
104,-227,159
104,-225,-214
104,-224,189
104,-220,-186
104,-220,-182
104,-219,189
104,-217,-67
104,-217,-120
104,-215,173
104,-207,-152
104,-201,-492
104,-199,447
104,-194,-440
104,-193,-94
104,-193,-457
104,-191,481
104,-185,107
104,-183,471
104,-182,-469
104,-181,458
104,-181,441
104,-174,-444
104,-171,-424
104,-168,99
104,-168,457
104,-166,129
104,-165,434
104,-164,-145
104,-163,458
104,-161,-392
104,-160,470
104,-158,480
104,-154,-158
104,-153,281
104,-153,-156
104,-144,474
104,-143,372
104,-142,-411
104,-139,-398
104,-136,131
104,-133,130
104,-130,102
104,-123,94
104,-121,-374
104,-121,-391
104,-116,101
104,-110,-343
104,-104,106
104,-99,-366
104,-96,115
104,-91,-352
104,-90,-505
104,-90,-454
104,-81,354
104,-77,-373
104,-76,-479
104,-76,370
104,-75,-202
104,-75,319
104,-69,-422
104,-68,-593
104,-67,-167
104,-66,-584
104,-61,89
104,-60,79
104,-58,338
104,-56,-350
104,-54,-655
104,-53,-468
104,-52,44
104,-51,90
104,-50,-607
104,-48,-556
104,-48,-464
104,-48,-649
104,-47,-202
104,-47,61
104,-42,-477
104,-39,-353
104,-38,-610
104,-36,-212
104,-35,-390
104,-35,-389
104,-29,332
104,-29,-534
104,-29,-457
104,-28,-534
104,-28,69
104,-26,-336
104,-21,59
104,-21,134
104,-18,326
104,-15,326
104,-14,-529
104,-14,331
104,-13,302
104,-12,-239
104,-11,-533
104,-8,-242
104,-8,-589
104,-8,-209
104,-7,108
104,-1,-258
104,-1,274
104,0,0
104,0,0
104,0,0
104,0,0
104,0,0
104,0,0
104,0,0
104,0,0
104,0,0
104,0,0
104,0,0
104,0,0
104,0,0
104,0,0
104,0,0
104,0,0
104,0,0
104,0,0
104,0,0
104,0,0
104,0,0
104,0,0
104,0,0
104,0,0
104,0,0
104,0,0
104,0,0
104,0,0
104,0,0
104,0,0
104,0,0
104,0,0
104,0,0
104,0,0
104,0,0
104,0,0
104,0,0
104,0,0
104,0,0
104,0,0
104,0,0
104,0,0
104,0,0
104,0,0
104,0,0
104,1,1
104,1,1
104,1,1
104,1,1
104,1,1
104,1,1
104,1,1
104,1,1
104,1,1
104,1,1
104,1,1
104,1,1
104,1,1
104,1,1
104,1,1
104,1,1
104,1,1
104,2,34
104,4,60
104,6,82
104,7,57
104,7,-596
104,9,288
104,9,-372
104,13,12
104,17,-216
104,19,160
104,28,25
104,37,303
104,38,-324
104,45,5
104,48,-1
104,49,-200
104,49,4
104,50,-240
104,50,-240
104,57,7
104,59,19
104,59,7
104,59,-55
104,65,9
104,68,9
104,69,36
104,69,171
104,70,12
104,76,315
104,76,375
104,77,-246
104,77,26
104,77,166
104,78,-246
104,78,474
104,79,-246
104,79,362
104,80,-246
104,81,-246
104,81,115
104,82,-246
104,85,-201
104,91,-16
104,103,432
104,104,201
104,104,419
104,105,172
104,106,440
104,107,426
104,107,204
104,115,-125
104,116,395
104,116,-94
104,117,363
104,122,-202
104,123,28
104,124,166
104,124,200
104,129,28
104,130,182
104,131,-65
104,132,20
104,134,-220
104,143,185
104,145,23
104,147,-228
104,151,342
104,153,-120
104,155,-260
104,161,-10
104,164,-28
104,167,-271
104,168,2
104,170,-117
104,171,-15
104,172,102
104,177,-112
104,181,343
104,184,-199
104,185,265
104,186,-118
104,187,-119
104,188,-310
104,189,-345
104,190,319
104,191,358
104,193,253
104,194,-236
104,195,-361
104,196,-62
104,196,-282
104,198,0
104,199,380
104,200,-370
104,201,-57
104,203,286
104,204,345
104,205,-426
104,206,-308
104,206,-254
104,209,-102
104,209,319
104,212,96
104,213,-335
104,215,-259
104,216,303
104,216,345
104,218,322
104,221,-11
104,225,363
104,226,346
104,227,-138
104,228,-298
104,230,379
104,231,-398
104,234,274
104,240,560
104,240,560
104,242,528
104,242,264
104,243,379
104,244,297
104,244,-478
104,245,-126
104,247,-504
104,247,368
104,247,-379
104,248,-504
104,250,-530
104,252,213
104,252,-511
104,253,258
104,253,198
104,256,-534
104,257,87
104,257,267
104,257,413
104,263,321
104,264,539
104,264,312
104,265,-156
104,266,302
104,266,284
104,269,158
104,274,538
104,276,139
104,276,-525
104,276,-343
104,278,119
104,278,-333
104,278,452
104,279,173
104,280,-421
104,280,391
104,280,395
104,282,-560
104,284,-170
104,285,259
104,285,453
104,285,-385
104,296,511
104,299,-513
104,299,153
104,301,-406
104,302,-334
104,302,144
104,303,-443
104,304,-194
104,306,-384
104,309,-355
104,310,-242
104,311,90
104,312,-210
104,316,-180
104,317,-174
104,317,35
104,320,53
104,322,-189
104,322,474
104,323,-384
104,324,111
104,325,365
104,325,41
104,326,494
104,329,-340
104,336,157
104,337,452
104,337,-222
104,341,100
104,345,388
104,347,-196
104,348,454
104,350,431
104,351,165
104,359,-333
104,383,463
104,384,160
104,395,236
104,396,267
104,396,160
104,396,487
104,408,365
104,409,163
104,409,247
104,409,162
104,409,-391
104,410,470
104,411,235
104,411,185
104,412,-386
104,412,-386
104,420,551
104,421,498
104,422,463
104,422,493
104,425,-358
104,427,483
104,428,-346
104,432,560
104,433,430
104,433,-396
104,433,-324
104,434,-281
104,435,-359
104,437,484
104,438,226
104,439,272
104,440,-161
104,441,240
104,442,445
104,443,508
104,448,529
104,453,193
104,454,-154
104,458,220
104,459,588
104,459,231
104,460,-123
104,461,222
104,464,-175
104,465,-114
104,465,192
104,467,171
104,471,174
104,476,193
104,477,587
104,478,-269
104,481,-153
104,489,582
104,491,169
104,510,542
104,518,315
104,525,346
104,536,152
104,546,352
104,550,357
104,553,171
104,555,173
104,558,337
104,568,231
104,569,218
104,579,191
104,585,203
105,-723,118
105,-713,125
105,-705,207
105,-686,118
105,-677,150
105,-670,352
105,-670,352
105,-670,352
105,-670,352
105,-670,352
105,-670,352
105,-670,352
105,-664,142
105,-654,174
105,-635,159
105,-633,155
105,-632,140
105,-623,333
105,-609,107
105,-605,120
105,-598,52
105,-592,49
105,-584,64
105,-583,83
105,-582,98
105,-578,311
105,-570,80
105,-558,-28
105,-554,46
105,-550,9
105,-541,294
105,-537,-41
105,-535,-28
105,-515,321
105,-512,-53
105,-505,-8
105,-503,421
105,-502,368
105,-501,371
105,-499,-79
105,-498,440
105,-496,-45
105,-494,213
105,-493,300
105,-492,319
105,-489,297
105,-489,7
105,-489,6
105,-484,-68
105,-481,-8
105,-481,345
105,-479,-118
105,-478,234
105,-474,87
105,-474,453
105,-474,-96
105,-473,328
105,-472,-76
105,-471,253
105,-470,331
105,-469,71
105,-466,-72
105,-465,405
105,-463,291
105,-462,442
105,-460,-99
105,-460,125
105,-459,-88
105,-457,-94
105,-456,75
105,-455,-58
105,-453,28
105,-449,100
105,-447,292
105,-443,385
105,-443,340
105,-441,41
105,-438,-28
105,-436,212
105,-434,118
105,-430,160
105,-430,341
105,-429,465
105,-427,234
105,-422,-101
105,-422,416
105,-419,422
105,-416,104
105,-414,1
105,-410,97
105,-408,-101
105,-408,413
105,-406,145
105,-405,144
105,-405,193
105,-404,-16
105,-404,54
105,-398,318
105,-397,39
105,-395,414
105,-395,451
105,-394,206
105,-390,366
105,-385,102
105,-382,-34
105,-382,136
105,-382,106
105,-381,102
105,-380,-40
105,-379,219
105,-379,234
105,-374,405
105,-373,343
105,-373,11
105,-371,347
105,-368,226
105,-368,30
105,-367,272
105,-367,104
105,-366,397
105,-364,177
105,-364,177
105,-362,347
105,-360,298
105,-359,169
105,-356,205
105,-355,-33
105,-355,328
105,-355,74
105,-354,216
105,-354,268
105,-351,236
105,-350,256
105,-349,-51
105,-347,184
105,-345,259
105,-345,256
105,-344,252
105,-336,435
105,-334,418
105,-333,105
105,-326,276
105,-323,405
105,-320,-42
105,-320,235
105,-318,412
105,-318,-62
105,-313,122
105,-297,95
105,-297,5
105,-295,166
105,-293,-8
105,-289,247
105,-288,268
105,-284,169
105,-274,17
105,-273,399
105,-273,-66
105,-273,30
105,-271,93
105,-270,371
105,-269,-57
105,-268,25
105,-267,-42
105,-266,-76
105,-265,234
105,-261,-16
105,-260,252
105,-260,-107
105,-258,39
105,-256,257
105,-256,186
105,-255,-66
105,-254,141
105,-254,285
105,-248,174
105,-242,-60
105,-240,53
105,-236,343
105,-230,266
105,-229,259
105,-229,53
105,-229,150
105,-228,14
105,-227,-79
105,-225,-99
105,-220,33
105,-216,60
105,-209,40
105,-209,420
105,-201,414
105,-198,135
105,-195,239
105,-194,132
105,-189,176
105,-181,291
105,-177,66
105,-175,-53
105,-172,75
105,-171,281
105,-164,58
105,-162,22
105,-162,437
105,-161,-110
105,-161,-109
105,-160,310
105,-160,-53
105,-159,-91
105,-159,228
105,-157,-60
105,-150,-116
105,-147,219
105,-145,335
105,-144,-59
105,-141,-112
105,-140,304
105,-137,78
105,-136,302
105,-135,306
105,-134,289
105,-134,448
105,-133,204
105,-126,-18
105,-120,-149
105,-117,26
105,-117,268
105,-102,-122
105,-100,-105
105,-97,175
105,-95,26
105,-95,-5
105,-88,-77
105,-87,343
105,-83,-66
105,-83,3
105,-77,278
105,-76,-112
105,-76,247
105,-74,-112
105,-74,101
105,-65,250
105,-60,17
105,-59,351
105,-57,279
105,-55,94
105,-55,26
105,-55,352
105,-53,-124
105,-52,290
105,-52,125
105,-47,-40
105,-46,311
105,-45,207
105,-44,-68
105,-41,-46
105,-40,313
105,-39,313
105,-38,312
105,-38,312
105,-37,210
105,-36,8
105,-35,-30
105,-32,-135
105,-32,142
105,-29,137
105,-28,251
105,-28,355
105,-22,-40
105,-19,10
105,-17,-136
105,-17,173
105,-17,332
105,-16,302
105,-12,-139
105,-8,320
105,0,0
105,0,0
105,0,0
105,0,0
105,0,0
105,0,0
105,0,0
105,0,0
105,0,0
105,0,0
105,0,0
105,0,0
105,0,0
105,0,0
105,0,0
105,0,0
105,0,0
105,0,0
105,0,0
105,0,0
105,0,0
105,0,0
105,0,0
105,0,0
105,0,0
105,1,1
105,1,1
105,1,1
105,1,1
105,1,1
105,1,1
105,1,1
105,1,1
105,1,1
105,1,1
105,1,1
105,1,1
105,1,1
105,1,1
105,1,1
105,1,1
105,1,1
105,8,92
105,8,-19
105,9,33
105,12,110
105,14,294
105,15,110
105,23,278
105,24,-0
105,26,-160
105,42,145
105,46,161
105,46,-381
105,53,252
105,62,-379
105,62,224
105,68,259
105,74,-149
105,74,210
105,76,171
105,77,-448
105,77,158
105,78,-275
105,80,-200
105,80,177
105,83,140
105,83,222
105,91,-133
105,95,-165
105,97,288
105,97,289
105,100,-246
105,101,180
105,102,-314
105,103,122
105,104,-236
105,104,-493
105,106,-405
105,110,-152
105,110,83
105,114,-464
105,120,-480
105,125,-286
105,130,95
105,134,137
105,136,238
105,137,55
105,140,-89
105,141,175
105,143,12
105,144,254
105,145,-549
105,146,222
105,149,-330
105,149,59
105,152,7
105,152,-369
105,155,177
105,158,-7
105,159,-314
105,161,192
105,162,-259
105,162,-97
105,165,-445
105,173,-26
105,177,-55
105,184,-319
105,185,252
105,188,-448
105,188,-555
105,188,-535
105,191,-428
105,191,-542
105,196,-58
105,196,-394
105,197,-278
105,198,-42
105,201,-487
105,202,-500
105,202,316
105,205,-488
105,209,283
105,210,-428
105,210,-606
105,210,145
105,210,140
105,213,-310
105,215,191
105,215,-608
105,218,175
105,219,249
105,223,-595
105,231,51
105,232,-339
105,232,148
105,232,253
105,235,-36
105,236,-315
105,237,246
105,240,118
105,242,-37
105,246,7
105,246,38
105,248,221
105,249,219
105,253,229
105,259,8
105,260,149
105,265,202
105,265,-275
105,272,50
105,272,-364
105,282,-408
105,286,-377
105,288,209
105,298,174
105,303,-87
105,311,-268
105,322,-56
105,324,-236
105,332,-112
105,335,123
105,337,135
105,338,-144
105,344,-132
105,352,129
105,354,-239
105,372,-229
105,377,-100
105,377,-187
105,377,-100
105,378,-107
105,378,-117
105,380,117
105,382,-239
106,-669,384
106,-660,379
106,-651,394
106,-633,289
106,-622,303
106,-619,274
106,-616,444
106,-614,294
106,-610,273
106,-595,402
106,-582,66
106,-579,414
106,-576,77
106,-575,76
106,-572,61
106,-567,73
106,-564,317
106,-563,87
106,-563,61
106,-561,71
106,-560,81
106,-555,82
106,-555,79
106,-553,442
106,-550,-15
106,-537,18
106,-535,404
106,-529,2
106,-527,421
106,-525,-9
106,-523,318
106,-522,479
106,-517,90
106,-512,35
106,-510,367
106,-509,368
106,-507,116
106,-507,400
106,-496,357
106,-490,116
106,-488,159
106,-485,416
106,-477,384
106,-476,349
106,-475,342
106,-472,142
106,-472,46
106,-470,461
106,-469,385
106,-468,89
106,-467,-78
106,-466,423
106,-465,423
106,-459,392
106,-459,392
106,-454,274
106,-453,428
106,-451,-27
106,-438,403
106,-436,385
106,-435,24
106,-435,495
106,-426,435
106,-422,-95
106,-420,-5
106,-408,490
106,-408,374
106,-408,-55
106,-402,476
106,-395,5
106,-394,-56
106,-390,437
106,-382,457
106,-381,-29
106,-380,2
106,-378,464
106,-375,438
106,-373,-92
106,-372,460
106,-370,460
106,-366,2
106,-366,403
106,-366,192
106,-354,204
106,-340,454
106,-328,450
106,-328,462
106,-326,182
106,-323,211
106,-322,-42
106,-319,295
106,-316,231
106,-315,318
106,-311,478
106,-309,242
106,-303,202
106,-293,245
106,-283,213
106,-281,290
106,-272,392
106,-270,521
106,-253,219
106,-230,184
106,-221,440
106,-215,363
106,-204,239
106,-197,307
106,-195,355
106,-193,369
106,-189,303
106,-189,268
106,-186,409
106,-177,109
106,-170,259
106,-167,143
106,-155,118
106,-154,438
106,-144,247
106,-144,263
106,-140,416
106,-138,396
106,-131,119
106,-129,260
106,-125,276
106,-124,294
106,-117,288
106,-115,122
106,-101,369
106,-99,83
106,-88,176
106,-84,187
106,-83,399
106,-81,158
106,-72,500
106,-69,337
106,-68,492
106,-63,257
106,-62,293
106,-61,120
106,-59,254
106,-59,255
106,-55,509
106,-53,270
106,-50,98
106,-49,479
106,-48,276
106,-41,265
106,-39,589
106,-38,590
106,-34,520
106,-32,607
106,-32,518
106,-30,292
106,-25,118
106,-21,450
106,-19,514
106,-18,489
106,-11,109
106,-11,121
106,-11,283
106,-7,423
106,-2,402
106,-2,84
106,-1,148
106,-1,138
106,-0,468
106,0,0
106,0,0
106,0,0
106,0,0
106,0,0
106,0,0
106,0,0
106,0,0
106,0,0
106,0,0
106,0,0
106,0,0
106,0,0
106,0,0
106,0,0
106,0,0
106,0,0
106,0,0
106,0,0
106,0,0
106,0,0
106,0,0
106,0,0
106,0,0
106,0,0
106,0,0
106,0,0
106,0,0
106,0,0
106,0,0
106,0,0
106,0,0
106,0,0
106,0,0
106,0,0
106,0,0
106,0,0
106,0,0
106,0,0
106,0,0
106,0,0
106,0,0
106,0,0
106,0,0
106,0,0
106,0,0
106,0,0
106,0,0
106,0,0
106,0,0
106,0,0
106,0,0
106,0,0
106,0,0
106,0,0
106,0,0
106,0,0
106,0,0
106,0,0
106,0,0
106,0,0
106,0,0
106,0,0
106,0,0
106,0,0
106,0,0
106,0,0
106,0,0
106,0,0
106,0,0
106,0,0
106,0,0
106,0,0
106,0,0
106,0,0
106,0,0
106,0,0
106,0,0
106,1,1
106,1,1
106,1,1
106,1,1
106,1,1
106,1,1
106,1,1
106,1,1
106,1,1
106,1,1
106,1,1
106,1,1
106,1,1
106,1,1
106,1,1
106,1,1
106,1,1
106,1,1
106,1,1
106,1,1
106,1,1
106,1,1
106,1,1
106,7,530
106,7,417
106,10,434
106,13,147
106,24,428
106,25,434
106,35,505
106,35,561
106,37,97
106,41,146
106,50,120
106,50,556
106,51,415
106,58,421
106,59,427
106,59,572
106,62,403
106,65,423
106,66,284
106,69,420
106,70,430
106,71,431
106,73,450
106,74,562
106,79,605
106,80,257
106,86,594
106,95,648
106,95,409
106,98,276
106,99,412
106,102,658
106,104,255
106,106,493
106,114,460
106,114,620
106,116,310
106,119,449
106,119,286
106,121,553
106,121,655
106,122,544
106,123,651
106,124,521
106,128,455
106,133,295
106,141,690
106,143,556
106,147,447
106,149,429
106,150,567
106,150,652
106,156,566
106,158,427
106,158,520
106,162,576
106,164,740
106,165,584
106,170,761
106,171,408
106,172,398
106,175,583
106,176,259
106,176,723
106,179,256
106,181,527
106,185,593
106,185,254
106,187,362
106,188,405
106,191,623
106,191,481
106,197,377
106,197,500
106,197,502
106,197,454
106,198,543
106,198,680
106,198,620
106,200,271
106,201,535
106,201,508
106,204,722
106,204,553
106,204,511
106,206,552
106,209,670
106,209,441
106,209,377
106,209,640
106,211,566
106,211,361
106,211,681
106,213,447
106,215,900
106,216,445
106,221,656
106,223,648
106,225,569
106,229,259
106,231,337
106,233,442
106,233,853
106,234,462
106,236,363
106,238,470
106,238,663
106,238,322
106,239,640
106,239,454
106,240,788
106,242,588
106,244,1003
106,245,684
106,246,1001
106,246,903
106,248,754
106,249,572
106,249,353
106,250,400
106,250,457
106,250,983
106,250,592
106,251,347
106,255,262
106,257,1024
106,259,1020
106,262,293
106,262,1026
106,263,354
106,263,510
106,267,807
106,268,532
106,269,833
106,272,676
106,272,798
106,273,358
106,276,721
106,276,712
106,278,236
106,278,274
106,279,545
106,279,363
106,284,530
106,285,433
106,286,705
106,286,519
106,287,516
106,288,634
106,288,604
106,290,750
106,290,621
106,291,841
106,291,884
106,293,608
106,294,431
106,296,365
106,296,615
106,298,619
106,299,622
106,303,606
106,305,548
106,305,966
106,307,388
106,308,364
106,308,551
106,309,526
106,309,434
106,310,1066
106,310,521
106,311,379
106,312,259
106,312,678
106,312,372
106,314,440
106,314,728
106,317,267
106,317,203
106,317,201
106,319,546
106,319,546
106,321,290
106,323,294
106,324,509
106,324,616
106,327,1034
106,327,530
106,329,606
106,329,379
106,330,1037
106,331,989
106,336,507
106,337,723
106,340,602
106,341,320
106,343,675
106,345,992
106,349,258
106,349,664
106,350,1078
106,352,450
106,353,473
106,353,464
106,356,668
106,357,570
106,357,1122
106,358,568
106,358,459
106,358,660
106,358,1032
106,360,733
106,360,645
106,361,298
106,361,299
106,364,562
106,367,647
106,368,184
106,368,396
106,369,633
106,372,233
106,373,643
106,375,364
106,378,333
106,380,641
106,385,246
106,391,419
106,391,199
106,394,412
106,396,224
106,397,457
106,398,634
106,398,643
106,399,623
106,399,333
106,401,573
106,403,601
106,404,423
106,406,302
106,408,426
106,411,370
106,417,318
106,423,433
106,424,364
106,425,433
106,428,353
106,428,376
106,428,374
106,437,559
106,438,443
106,439,444
106,441,381
106,442,597
106,443,393
106,446,363
106,459,361
106,470,1165
106,474,664
106,484,676
106,495,626
106,497,618
106,499,409
106,500,615
106,502,620
106,507,681
106,509,387
106,509,419
106,511,672
106,513,417
106,515,410
106,515,506
106,515,495
106,518,522
106,523,419
106,524,461
106,526,416
106,527,504
106,528,475
106,529,640
106,534,449
106,535,351
106,535,351
106,535,351
106,536,487
106,536,487
106,537,475
106,539,451
106,539,614
106,539,377
106,540,612
106,542,378
106,542,353
106,549,413
106,551,479
106,551,479
106,557,458
106,557,459
106,557,459
106,557,459
106,558,603
106,558,628
106,558,460
106,562,683
106,569,469
106,574,426
106,581,459
106,581,439
106,585,475
106,589,485
106,592,426
106,603,387
106,603,480
106,604,433
106,605,426
106,606,438
106,609,448
106,622,435
106,623,431
106,623,398
106,632,414
106,633,407
106,635,414
106,642,367
106,646,430
106,652,369
106,654,373
106,654,461
106,661,459
106,662,388
106,677,437
106,680,397
106,691,434
106,698,359
106,701,355
106,706,484
106,707,367
106,713,467
106,717,479
106,717,361
106,731,457
106,734,454
106,760,440
106,773,438
106,798,440
107,-561,-395
107,-540,-525
107,-534,-344
107,-529,-376
107,-528,-512
107,-522,-432
107,-520,-527
107,-520,-199
107,-519,-457
107,-515,-475
107,-514,-453
107,-513,-405
107,-513,-366
107,-513,-411
107,-509,-464
107,-506,-350
107,-506,-328
107,-501,-332
107,-500,-456
107,-490,-457
107,-488,-451
107,-486,-381
107,-483,-351
107,-482,-382
107,-477,-351
107,-476,-340
107,-475,-462
107,-473,-381
107,-472,-454
107,-469,-329
107,-467,-256
107,-466,-284
107,-459,-246
107,-457,-383
107,-456,-296
107,-449,-336
107,-442,-267
107,-439,-257
107,-434,-276
107,-433,-314
107,-432,-465
107,-432,-279
107,-432,-440
107,-427,-452
107,-419,-480
107,-410,-448
107,-405,-327
107,-403,-290
107,-403,-447
107,-391,-302
107,-389,-384
107,-380,-312
107,-376,-441
107,-373,-422
107,-370,-406
107,-362,-394
107,-362,-449
107,-355,-328
107,-349,-439
107,-341,-333
107,-339,-441
107,-328,-410
107,-323,-401
107,-323,-332
107,-322,-383
107,-321,-334
107,-320,-426
107,-316,-420
107,-315,-353
107,-308,-422
107,-284,-412
107,-279,-394
107,-276,-346
107,-276,-370
107,-275,-347
107,-274,-355
107,-270,-390
107,-269,-439
107,-262,-408
107,-261,-358
107,-256,-439
107,-253,-329
107,-249,-379
107,-245,-395
107,-242,-391
107,-228,-412
107,-225,-380
107,-225,-422
107,-225,-437
107,-221,-383
107,-218,-379
107,-211,-328
107,-204,-432
107,-173,-352
107,-162,-360
107,-157,-320
107,-156,-330
107,-154,-201
107,-151,-282
107,-145,-267
107,-135,-288
107,-130,-311
107,-126,-205
107,-122,-340
107,-121,-327
107,-120,-249
107,-118,-222
107,-116,-462
107,-116,-450
107,-115,-223
107,-112,-411
107,-110,-170
107,-106,-340
107,-103,-232
107,-103,-320
107,-101,-257
107,-98,-370
107,-92,-190
107,-90,-335
107,-88,-280
107,-87,-462
107,-85,-363
107,-82,220
107,-78,-194
107,-67,-196
107,-66,-219
107,-65,-442
107,-62,-431
107,-62,-356
107,-59,-445
107,-58,-185
107,-53,-197
107,-49,-164
107,-45,-472
107,-36,-492
107,-35,-419
107,-27,-206
107,-25,-234
107,-23,-180
107,-23,-176
107,-23,-424
107,-22,-39
107,-18,-216
107,-15,-211
107,-15,-184
107,-10,-181
107,-5,-196
107,-5,-138
107,-2,-404
107,-1,-201
107,-0,-147
107,-0,-118
107,0,0
107,0,0
107,0,0
107,0,0
107,0,0
107,0,0
107,0,0
107,0,0
107,0,0
107,0,0
107,0,0
107,0,0
107,0,0
107,0,0
107,0,0
107,0,0
107,0,0
107,0,0
107,0,0
107,0,0
107,0,0
107,0,0
107,0,0
107,0,0
107,0,0
107,0,0
107,0,0
107,0,0
107,0,0
107,0,0
107,0,0
107,0,0
107,0,0
107,0,0
107,0,0
107,0,0
107,0,0
107,0,0
107,0,0
107,0,0
107,0,0
107,0,0
107,0,0
107,0,0
107,0,0
107,0,0
107,0,0
107,0,0
107,0,0
107,0,0
107,0,0
107,0,0
107,0,0
107,0,0
107,0,0
107,0,0
107,0,0
107,0,0
107,1,-428
107,1,1
107,1,1
107,1,1
107,1,1
107,1,1
107,2,-151
107,8,-270
107,8,-254
107,9,-192
107,13,-382
107,16,-211
107,16,-263
107,17,-146
107,17,-428
107,18,-276
107,18,-324
107,19,-259
107,20,-265
107,20,-160
107,21,-173
107,23,-488
107,25,-445
107,26,-273
107,27,-111
107,28,-125
107,32,-501
107,34,-534
107,35,-86
107,36,-468
107,40,-222
107,41,-577
107,43,-512
107,44,-497
107,46,-575
107,46,-555
107,47,-282
107,52,-275
107,52,-279
107,53,-488
107,56,-157
107,60,-506
107,64,-284
107,66,-483
107,66,-278
107,66,-161
107,66,-557
107,73,-303
107,74,-525
107,79,-408
107,83,-425
107,86,-439
107,88,-608
107,88,-425
107,89,-552
107,89,-566
107,91,-575
107,92,-375
107,97,-551
107,98,-450
107,98,-365
107,99,-632
107,100,-582
107,100,-351
107,101,-216
107,101,-574
107,104,-354
107,107,-451
107,111,-579
107,112,-579
107,114,-182
107,116,-462
107,116,-488
107,117,-478
107,120,-355
107,121,-329
107,123,-188
107,124,-655
107,124,-396
107,124,-313
107,126,-579
107,127,-183
107,127,-169
107,127,-519
107,130,-192
107,130,-593
107,132,-281
107,133,-221
107,135,-291
107,136,-670
107,138,-288
107,139,-173
107,140,-527
107,141,-291
107,144,-597
107,145,-609
107,145,-609
107,149,-239
107,149,-402
107,151,-594
107,151,-407
107,152,-594
107,153,-427
107,153,-219
107,153,-228
107,153,-171
107,155,-421
107,157,-416
107,158,-600
107,159,-219
107,160,-461
107,160,-460
107,161,-423
107,164,-348
107,165,-176
107,165,-414
107,166,-281
107,169,-204
107,170,-346
107,170,-347
107,171,-649
107,172,-349
107,172,-234
107,173,-214
107,173,-170
107,179,-292
107,179,-603
107,180,-560
107,183,-479
107,186,-368
107,191,-170
107,194,-506
107,194,-298
107,194,-204
107,196,-495
107,197,-508
107,199,-295
107,201,-501
107,202,-502
107,202,-281
107,204,-288
107,204,-493
107,207,-507
107,210,-616
107,211,-441
107,212,-441
107,213,-443
107,214,-314
107,214,-479
107,218,-363
107,220,-490
107,220,-319
107,221,-234
107,224,-559
107,224,-200
107,229,-370
107,229,-549
107,231,-229
107,231,-533
107,231,-226
107,231,-318
107,232,-260
107,232,-267
107,235,-525
107,237,-615
107,242,-270
107,243,-260
107,245,-260
107,246,0
107,246,-278
107,247,-598
107,248,-528
107,249,-244
107,250,-395
107,252,-403
107,253,-238
107,253,-327
107,255,-391
107,256,-405
107,256,-268
107,260,-399
107,260,-279
107,260,-265
107,261,-524
107,261,-245
107,262,-262
107,263,-395
107,263,-247
107,264,-230
107,264,-267
107,264,-275
107,268,-528
107,269,-275
107,272,-318
107,275,-477
107,275,-470
107,275,-478
107,276,-217
107,277,-230
107,277,-229
107,277,-229
107,277,-266
107,278,-413
107,278,-228
107,278,-228
107,279,-631
107,281,-591
107,282,-233
107,282,-237
107,282,-237
107,282,-237
107,283,-436
107,284,-422
107,284,-637
107,284,-236
107,284,-236
107,285,-576
107,285,-280
107,286,-233
107,286,-233
107,288,-277
107,290,-570
107,292,-248
107,294,-283
107,294,-511
107,296,-516
107,296,-354
107,297,-348
107,298,-278
107,298,-278
107,299,-513
107,300,-627
107,301,-279
107,302,-289
107,305,-238
107,307,-284
107,307,-511
107,307,-275
107,307,-564
107,308,-576
107,313,-579
107,314,-288
107,318,-485
107,319,-295
107,326,-268
107,328,-611
107,329,-437
107,329,-292
107,329,-563
107,330,-269
107,331,-244
107,332,-283
107,333,-296
107,335,-254
107,337,-438
107,338,-252
107,339,-362
107,340,-437
107,342,-363
107,342,-268
107,342,-268
107,343,-264
107,344,-265
107,346,-267
107,346,-284
107,346,-448
107,346,-297
107,347,-264
107,347,-277
107,349,-248
107,351,-565
107,353,-371
107,354,-408
107,354,-378
107,355,-418
107,358,-375
107,363,-271
107,363,-547
107,364,-291
107,364,-319
107,364,-286
107,364,-287
107,364,-493
107,366,-296
107,366,-508
107,367,-282
107,371,-243
107,378,-250
107,378,-508
107,379,-260
107,380,-251
107,382,-542
107,382,-633
107,385,-551
107,386,-606
107,386,-307
107,388,-463
107,395,-565
107,397,-469
107,397,-613
107,398,-248
107,403,-636
107,404,-333
107,406,-361
107,406,-330
107,408,-372
107,409,-342
107,416,-513
107,421,-480
107,425,-636
107,426,-355
107,429,-320
107,436,-497
107,437,-343
107,440,-329
107,440,-333
107,442,-590
107,447,-571
107,448,-590
107,450,-584
107,451,-583
107,451,-584
107,460,-556
107,462,-582
107,464,-590
107,465,-580
107,484,-442
107,484,-495
107,485,-484
107,487,-462
107,493,-525
107,498,-595
107,500,-450
107,500,-462
107,504,-491
107,508,-359
107,511,-447
107,512,-727
107,518,-510
107,519,-435
107,520,-330
107,520,-363
107,521,-713
107,523,-716
107,527,-458
107,527,-368
107,528,-329
107,534,-426
107,537,-412
107,538,-498
107,538,-390
107,539,-412
107,540,-529
107,541,-529
107,541,-333
107,543,-337
107,545,-441
107,549,-494
107,552,-662
107,553,-464
107,554,-449
107,557,-376
107,562,-686
107,562,-577
107,566,-374
107,566,-382
107,567,-590
107,569,-489
107,569,-380
107,570,-486
107,577,-492
107,579,-574
107,580,-649
107,581,-555
107,581,-587
107,586,-518
107,587,-619
107,590,-412
107,605,-560
107,605,-520
107,608,-370
107,612,-653
107,612,-391
107,616,-519
107,618,-643
107,620,-617
107,641,-637
107,655,-614
107,658,-635
107,669,-651
107,692,-637
107,695,-638
107,745,-671
107,5284,-281
108,-711,102
108,-710,102
108,-701,104
108,-646,153
108,-621,194
108,-609,209
108,-605,229
108,-592,230
108,-542,238
108,-540,33
108,-530,-121
108,-517,48
108,-516,-134
108,-510,-21
108,-505,-93
108,-504,-102
108,-499,-48
108,-495,-97
108,-491,-41
108,-491,-66
108,-485,259
108,-478,-66
108,-477,306
108,-476,-70
108,-472,-234
108,-470,-5
108,-467,-21
108,-464,116
108,-457,22
108,-457,15
108,-450,-35
108,-447,-190
108,-447,-198
108,-446,-47
108,-443,-35
108,-442,-77
108,-438,290
108,-437,-211
108,-433,301
108,-423,-192
108,-420,252
108,-420,-138
108,-418,-215
108,-417,204
108,-416,-43
108,-416,-139
108,-416,-230
108,-409,-0
108,-409,-123
108,-409,-112
108,-408,19
108,-407,259
108,-404,-165
108,-403,-160
108,-403,226
108,-402,-163
108,-399,-122
108,-398,-184
108,-398,232
108,-376,349
108,-376,374
108,-372,-42
108,-370,-149
108,-367,250
108,-367,-81
108,-365,-25
108,-365,283
108,-362,-105
108,-359,-271
108,-353,-202
108,-351,21
108,-349,189
108,-348,-40
108,-346,40
108,-344,177
108,-341,-8
108,-339,32
108,-333,302
108,-329,-138
108,-327,169
108,-326,-52
108,-325,-108
108,-324,300
108,-322,-23
108,-320,-169
108,-320,-89
108,-318,226
108,-317,72
108,-317,-96
108,-315,271
108,-315,-286
108,-311,-30
108,-310,-12
108,-305,-96
108,-304,13
108,-303,359
108,-302,360
108,-300,-5
108,-299,610
108,-295,-227
108,-294,343
108,-293,47
108,-290,-130
108,-288,-44
108,-287,370
108,-286,570
108,-284,63
108,-282,348
108,-275,-259
108,-272,438
108,-271,177
108,-271,802
108,-269,178
108,-268,376
108,-268,123
108,-267,-86
108,-266,84
108,-262,298
108,-257,-118
108,-253,210
108,-251,-212
108,-249,-240
108,-249,-117
108,-247,-102
108,-247,209
108,-242,804
108,-242,130
108,-241,371
108,-240,-63
108,-238,763
108,-237,408
108,-235,62
108,-233,-241
108,-227,-178
108,-226,499
108,-223,637
108,-218,-204
108,-217,-218
108,-213,-238
108,-212,330
108,-208,-141
108,-207,119
108,-204,37
108,-203,378
108,-201,473
108,-201,313
108,-200,-220
108,-200,280
108,-198,232
108,-196,365
108,-195,-260
108,-194,104
108,-192,150
108,-192,319
108,-189,-75
108,-183,547
108,-182,508
108,-182,-132
108,-181,611
108,-180,287
108,-178,-448
108,-176,464
108,-174,329
108,-173,353
108,-171,17
108,-168,-106
108,-167,589
108,-166,-245
108,-165,12
108,-164,-77
108,-163,568
108,-157,-708
108,-156,512
108,-155,-711
108,-154,705
108,-154,420
108,-154,-188
108,-151,445
108,-151,-420
108,-150,374
108,-149,-680
108,-148,655
108,-146,-707
108,-145,556
108,-142,-484
108,-141,-687
108,-140,-693
108,-137,-436
108,-137,-447
108,-136,-430
108,-130,399
108,-129,448
108,-129,-541
108,-129,-175
108,-129,-423
108,-126,-421
108,-125,-173
108,-125,720
108,-125,395
108,-124,96
108,-122,-650
108,-121,192
108,-121,361
108,-118,-670
108,-118,-552
108,-117,179
108,-115,326
108,-114,512
108,-111,270
108,-111,461
108,-110,201
108,-109,103
108,-107,-410
108,-104,458
108,-101,345
108,-101,-660
108,-98,-663
108,-98,-661
108,-95,133
108,-88,-186
108,-85,-650
108,-82,676
108,-79,420
108,-78,-670
108,-76,437
108,-71,591
108,-69,355
108,-69,363
108,-58,171
108,-54,552
108,-48,157
108,-44,229
108,-43,130
108,-40,566
108,-38,588
108,-38,365
108,-37,-555
108,-37,437
108,-35,336
108,-32,256
108,-31,244
108,-27,446
108,-24,144
108,-20,57
108,-17,212
108,-10,463
108,-10,45
108,-10,351
108,-6,313
108,-6,116
108,-3,493
108,-2,105
108,0,0
108,0,0
108,0,0
108,0,0
108,0,0
108,0,0
108,0,0
108,0,0
108,0,0
108,0,0
108,0,0
108,0,0
108,0,0
108,0,0
108,0,0
108,0,0
108,0,0
108,0,0
108,0,0
108,0,0
108,0,0
108,0,0
108,0,0
108,0,0
108,0,0
108,1,1
108,1,1
108,1,1
108,1,1
108,1,1
108,1,1
108,1,1
108,1,1
108,1,1
108,1,1
108,1,1
108,1,1
108,6,509
108,9,442
108,12,384
108,16,318
108,21,514
108,22,266
108,24,98
108,29,554
108,31,279
108,31,119
108,32,355
108,38,101
108,39,562
108,44,356
108,57,316
108,58,168
108,72,335
108,81,132
108,86,299
108,92,375
108,92,355
108,93,283
108,95,394
108,97,308
108,100,158
108,113,86
108,121,334
108,130,229
108,130,368
108,134,272
108,141,249
108,145,329
108,154,380
108,160,121
108,172,123
108,187,411
108,190,391
108,200,-400
108,208,540
108,208,310
108,227,55
108,232,478
108,237,31
108,240,304
108,244,141
108,256,48
108,262,111
108,262,46
108,265,42
108,272,-42
108,273,146
108,284,109
108,284,-444
108,287,391
108,287,311
108,296,-443
108,311,-440
108,318,111
108,318,-450
108,318,399
108,319,-455
108,323,83
108,324,189
108,330,6
108,336,379
108,336,192
108,336,247
108,337,415
108,338,593
108,338,-452
108,344,497
108,345,166
108,349,208
108,350,235
108,352,47
108,356,-431
108,356,358
108,356,74
108,358,563
108,359,106
108,362,193
108,375,-414
108,378,23
108,379,538
108,380,543
108,380,68
108,382,259
108,385,541
108,386,505
108,387,-339
108,388,470
108,390,401
108,390,-364
108,390,-2
108,391,538
108,392,506
108,392,525
108,397,62
108,398,-4
108,399,-347
108,400,296
108,402,53
108,402,-432
108,409,341
108,412,131
108,413,65
108,417,444
108,418,80
108,419,394
108,421,356
108,422,191
108,425,50
108,429,406
108,432,-378
108,435,322
108,438,-381
108,438,447
108,439,246
108,442,475
108,443,326
108,443,248
108,446,563
108,450,288
108,451,308
108,452,261
108,459,320
108,459,178
108,460,241
108,462,-359
108,463,127
108,477,355
108,483,261
108,485,550
108,486,628
108,497,-421
108,498,-412
108,500,-418
108,503,-424
108,506,185
108,514,-407
108,515,173
108,524,441
108,526,167
108,532,438
108,534,468
108,536,161
108,539,470
108,550,173
108,556,408
108,562,398
108,565,184
108,573,465
108,575,157
108,584,463
108,590,399
108,593,205
108,593,166
108,600,431
108,611,140
108,620,135
108,623,136
108,629,129
108,633,162
108,635,432
108,642,131
108,673,176
108,676,198
109,-506,-455
109,-493,-440
109,-490,-447
109,-488,-440
109,-474,-506
109,-470,-499
109,-467,-477
109,-461,-307
109,-458,470
109,-458,-439
109,-440,-252
109,-440,-225
109,-436,-263
109,-436,468
109,-435,474
109,-433,-469
109,-431,-415
109,-431,-350
109,-430,-305
109,-428,-241
109,-420,-230
109,-419,-240
109,-419,-365
109,-419,-316
109,-418,-224
109,-416,-259
109,-413,-461
109,-413,-240
109,-411,527
109,-408,498
109,-408,-448
109,-408,519
109,-406,514
109,-402,-466
109,-402,506
109,-402,-402
109,-399,-342
109,-399,-241
109,-397,523
109,-397,490
109,-396,-357
109,-391,-458
109,-391,506
109,-391,-245
109,-389,-232
109,-388,-240
109,-385,-354
109,-382,-375
109,-382,-412
109,-381,-280
109,-375,-304
109,-374,531
109,-372,519
109,-371,-380
109,-368,496
109,-363,-356
109,-362,536
109,-358,-281
109,-357,501
109,-352,514
109,-351,511
109,-349,505
109,-344,-303
109,-332,463
109,-320,-302
109,-313,-288
109,-298,501
109,-298,500
109,-297,506
109,-288,-241
109,-286,-246
109,-282,-308
109,-280,297
109,-271,-300
109,-271,500
109,-265,-252
109,-264,-135
109,-263,-233
109,-260,410
109,-260,-241
109,-255,-153
109,-254,395
109,-254,455
109,-253,171
109,-252,473
109,-251,497
109,-250,-286
109,-250,-150
109,-250,-252
109,-248,-114
109,-248,-121
109,-247,-112
109,-247,-286
109,-246,-174
109,-240,-299
109,-234,-243
109,-231,-227
109,-230,-125
109,-230,483
109,-220,419
109,-219,-158
109,-213,-238
109,-211,-142
109,-210,-270
109,-209,-290
109,-200,-292
109,-200,109
109,-199,124
109,-198,-147
109,-198,-159
109,-193,158
109,-193,108
109,-191,139
109,-191,109
109,-191,332
109,-190,156
109,-189,-240
109,-187,432
109,-185,-154
109,-183,139
109,-183,131
109,-183,138
109,-182,-162
109,-180,-225
109,-177,122
109,-175,362
109,-164,453
109,-163,-220
109,-161,108
109,-159,108
109,-158,453
109,-154,-258
109,-154,-201
109,-154,-250
109,-151,-294
109,-151,-286
109,-150,136
109,-149,-274
109,-148,136
109,-142,-277
109,-136,371
109,-128,13
109,-122,136
109,-121,143
109,-120,-51
109,-117,411
109,-113,404
109,-105,11
109,-104,-134
109,-102,-147
109,-97,428
109,-91,-196
109,-80,-13
109,-69,406
109,-68,-11
109,-67,18
109,-65,400
109,-58,-197
109,-52,-236
109,-51,-181
109,-50,413
109,-44,-161
109,-41,306
109,-39,411
109,-32,311
109,-30,-231
109,-26,-155
109,-15,306
109,-14,349
109,-14,-291
109,-6,-286
109,-3,300
109,0,0
109,0,0
109,0,0
109,0,0
109,0,0
109,0,0
109,0,0
109,0,0
109,0,0
109,0,0
109,0,0
109,0,0
109,0,0
109,0,0
109,0,0
109,0,0
109,0,0
109,0,0
109,0,0
109,0,0
109,0,0
109,0,0
109,0,0
109,0,0
109,0,0
109,0,0
109,0,0
109,0,0
109,0,0
109,0,0
109,0,0
109,0,0
109,0,0
109,0,0
109,0,0
109,0,0
109,0,0
109,0,0
109,0,0
109,0,0
109,0,0
109,0,0
109,0,0
109,0,0
109,0,0
109,0,0
109,0,0
109,0,0
109,0,0
109,0,0
109,0,0
109,0,0
109,0,0
109,0,0
109,0,0
109,0,0
109,0,0
109,1,1
109,1,1
109,1,1
109,1,1
109,1,1
109,1,1
109,1,1
109,1,1
109,1,1
109,1,1
109,1,1
109,1,1
109,1,1
109,1,1
109,1,1
109,1,1
109,1,1
109,1,1
109,1,1
109,1,1
109,1,1
109,1,1
109,5,-237
109,9,61
109,10,374
109,10,53
109,11,-339
109,11,-338
109,16,55
109,17,370
109,17,355
109,18,380
109,19,357
109,19,260
109,21,185
109,25,196
109,25,-339
109,27,-294
109,27,160
109,28,-295
109,30,176
109,31,245
109,33,372
109,37,299
109,37,-246
109,41,-238
109,41,320
109,43,-328
109,45,-282
109,47,352
109,49,282
109,52,101
109,53,207
109,58,304
109,59,77
109,59,180
109,61,171
109,67,217
109,82,160
109,92,-295
109,98,80
109,99,167
109,106,-268
109,108,44
109,109,169
109,110,-305
109,111,118
109,111,158
109,115,394
109,117,170
109,118,-403
109,120,381
109,123,403
109,125,-223
109,133,202
109,136,-383
109,137,188
109,137,370
109,137,-402
109,143,323
109,144,-307
109,145,43
109,147,-231
109,148,178
109,149,178
109,151,-324
109,152,-234
109,154,177
109,160,400
109,161,194
109,161,149
109,162,-330
109,163,190
109,164,-317
109,169,78
109,170,-11
109,173,202
109,174,308
109,174,-239
109,176,91
109,178,109
109,182,309
109,183,29
109,184,113
109,184,186
109,184,98
109,185,-42
109,185,-17
109,185,78
109,185,-239
109,186,405
109,186,-291
109,187,358
109,187,158
109,188,-51
109,188,5
109,189,-27
109,189,67
109,189,-300
109,189,68
109,192,410
109,193,113
109,195,18
109,200,409
109,203,184
109,207,136
109,209,399
109,210,114
109,215,-286
109,216,-297
109,217,109
109,221,209
109,222,-280
109,224,-247
109,225,354
109,234,211
109,234,69
109,235,212
109,239,73
109,242,-288
109,243,-235
109,243,-52
109,244,87
109,247,-280
109,248,-35
109,249,-22
109,250,95
109,250,73
109,253,317
109,254,-241
109,259,-227
109,265,-32
109,269,-246
109,270,-19
109,271,407
109,274,-105
109,276,-2
109,278,-15
109,279,-173
109,280,-51
109,284,-51
109,284,13
109,284,-137
109,286,322
109,287,2
109,291,-144
109,298,-131
109,300,360
109,303,-144
109,304,388
109,308,-110
109,314,407
109,314,8
109,314,391
109,319,12
109,321,3
109,325,-105
109,330,408
109,333,379
109,340,-14
109,341,-152
109,345,-6
109,350,-217
109,352,358
109,358,22
109,360,392
109,360,47
109,363,12
109,367,-27
109,367,-49
109,369,-158
109,371,-168
109,371,19
109,372,24
109,378,-30
109,379,418
109,380,-46
109,381,-12
109,381,454
109,382,15
109,383,15
109,384,-17
109,387,48
109,392,10
109,395,-105
109,403,-152
109,407,447
109,410,-52
109,414,-91
109,420,423
109,422,-56
109,425,410
109,426,361
109,429,467
109,432,446
109,434,363
109,435,344
109,437,368
109,440,425
109,449,349
109,451,498
109,451,426
109,454,443
109,457,422
109,457,-301
109,458,-119
109,460,440
109,463,379
109,463,395
109,464,481
109,466,-343
109,466,437
109,466,388
109,468,-345
109,468,432
109,468,519
109,472,476
109,473,382
109,476,443
109,484,555
109,490,379
109,490,485
109,498,425
109,500,632
109,500,522
109,500,522
109,500,632
109,504,643
109,505,628
109,518,-333
109,518,484
109,521,-304
109,524,-147
109,528,-158
109,532,-337
109,533,-210
109,533,-279
109,536,435
109,537,-275
109,537,2
109,538,-288
109,541,26
109,541,-51
109,542,18
109,543,-0
109,547,-239
109,549,-256
109,549,-238
109,550,-286
109,550,-226
109,552,492
109,554,23
109,557,-274
109,557,-66
109,561,17
109,561,23
109,561,185
109,563,23
109,570,455
109,573,-262
109,573,-232
109,576,-59
109,578,186
109,579,-137
109,586,205
109,607,15
109,607,14
109,612,18
109,614,250
109,622,229
109,641,97
109,651,185
110,-763,-414
110,-756,-451
110,-750,-428
110,-749,-364
110,-745,-421
110,-724,-165
110,-723,-464
110,-711,-156
110,-709,-172
110,-705,-216
110,-692,-336
110,-687,-471
110,-686,-370
110,-681,-447
110,-661,-133
110,-661,-342
110,-655,-308
110,-637,-136
110,-637,-241
110,-635,-357
110,-630,-270
110,-621,-151
110,-620,-94
110,-616,-74
110,-613,-189
110,-609,-210
110,-606,-168
110,-595,-259
110,-590,-268
110,-587,-47
110,-584,-115
110,-578,-242
110,-575,-196
110,-575,-103
110,-568,-114
110,-568,-114
110,-564,-188
110,-564,-102
110,-557,-186
110,-552,-122
110,-549,-161
110,-549,-73
110,-544,-111
110,-536,-202
110,-526,-214
110,-515,-450
110,-512,-198
110,-506,-460
110,-505,-97
110,-501,-78
110,-490,-482
110,-489,-38
110,-481,118
110,-481,-48
110,-476,-157
110,-471,-96
110,-470,-20
110,-463,-118
110,-458,-507
110,-457,-426
110,-456,-139
110,-454,151
110,-452,-12
110,-451,-505
110,-451,-248
110,-446,4
110,-445,-463
110,-445,-58
110,-442,-472
110,-442,99
110,-435,-308
110,-435,15
110,-432,-14
110,-430,-440
110,-429,-263
110,-428,177
110,-425,-454
110,-424,79
110,-424,-16
110,-423,50
110,-422,-48
110,-419,-101
110,-416,168
110,-414,151
110,-413,-298
110,-413,176
110,-409,-462
110,-406,-477
110,-406,-249
110,-406,220
110,-404,-451
110,-400,-98
110,-400,-539
110,-399,-129
110,-398,-604
110,-398,-99
110,-397,-486
110,-397,-39
110,-396,-524
110,-395,157
110,-394,286
110,-392,302
110,-391,255
110,-391,43
110,-389,156
110,-388,13
110,-381,-544
110,-378,-569
110,-378,314
110,-378,-550
110,-377,-64
110,-376,50
110,-374,-652
110,-372,-582
110,-371,266
110,-369,-44
110,-366,-496
110,-364,-570
110,-360,118
110,-360,279
110,-357,-397
110,-354,-47
110,-350,-66
110,-350,-429
110,-349,-442
110,-348,-528
110,-346,263
110,-346,-690
110,-346,-524
110,-345,133
110,-343,175
110,-343,-655
110,-342,-355
110,-341,-508
110,-340,70
110,-339,-39
110,-336,-441
110,-336,-31
110,-332,-620
110,-332,198
110,-332,-4
110,-327,-595
110,-325,-487
110,-323,254
110,-322,-380
110,-317,20
110,-316,-32
110,-315,179
110,-313,-132
110,-313,-126
110,-312,-90
110,-308,-85
110,-307,36
110,-302,-44
110,-300,157
110,-299,-19
110,-296,-106
110,-295,-672
110,-294,211
110,-294,23
110,-292,-412
110,-290,-527
110,-290,58
110,-288,98
110,-288,-127
110,-286,34
110,-284,90
110,-282,-572
110,-280,-515
110,-280,-161
110,-276,-163
110,-271,-324
110,-265,-513
110,-265,-107
110,-265,-158
110,-262,-529
110,-260,224
110,-259,225
110,-258,-611
110,-254,-555
110,-251,-331
110,-249,-588
110,-246,182
110,-241,-162
110,-241,-90
110,-240,-653
110,-237,-76
110,-235,-452
110,-231,-359
110,-221,-413
110,-217,-98
110,-216,-619
110,-216,-632
110,-214,-648
110,-213,-343
110,-212,-131
110,-209,-498
110,-206,-370
110,-205,-526
110,-199,-63
110,-198,-341
110,-195,-631
110,-194,-113
110,-191,-371
110,-191,-536
110,-190,-349
110,-189,-195
110,-188,-317
110,-187,250
110,-186,226
110,-185,218
110,-183,-250
110,-182,-328
110,-180,-616
110,-179,287
110,-178,-376
110,-178,-84
110,-177,225
110,-177,-345
110,-173,-261
110,-173,-291
110,-172,-322
110,-172,267
110,-172,-377
110,-170,-426
110,-169,-540
110,-169,-154
110,-169,-375
110,-169,257
110,-168,-561
110,-168,-173
110,-167,-640
110,-167,-311
110,-166,-498
110,-166,-301
110,-165,-530
110,-165,-122
110,-161,-552
110,-160,-608
110,-154,-358
110,-154,-559
110,-151,-157
110,-151,264
110,-150,-363
110,-150,-254
110,-150,-622
110,-147,-114
110,-144,-196
110,-139,-501
110,-139,-193
110,-138,-90
110,-137,-211
110,-136,-379
110,-132,-275
110,-132,-429
110,-131,-627
110,-129,-457
110,-127,-263
110,-125,-218
110,-120,-537
110,-113,271
110,-110,-175
110,-109,-234
110,-108,319
110,-106,-260
110,-102,-135
110,-101,-457
110,-101,-619
110,-96,-648
110,-93,-511
110,-90,-343
110,-90,-195
110,-88,-654
110,-84,-550
110,-81,-386
110,-80,-129
110,-79,-455
110,-79,-499
110,-79,-558
110,-74,-613
110,-73,-585
110,-70,-301
110,-70,-404
110,-69,359
110,-67,-177
110,-67,357
110,-63,-511
110,-63,-205
110,-63,-141
110,-58,-494
110,-58,-556
110,-56,348
110,-55,-279
110,-54,-236
110,-54,-516
110,-52,-151
110,-50,312
110,-48,-693
110,-45,-672
110,-44,-108
110,-41,294
110,-41,-551
110,-39,249
110,-39,-149
110,-37,365
110,-37,-735
110,-33,-246
110,-31,321
110,-30,332
110,-30,-231
110,-28,-598
110,-28,-210
110,-27,-566
110,-26,-689
110,-26,-144
110,-24,-614
110,-21,-743
110,-21,-707
110,-20,-676
110,-17,-378
110,-16,-261
110,-9,-183
110,-8,-626
110,-6,-144
110,-5,-813
110,-5,-648
110,-1,-769
110,-0,-69
110,0,0
110,0,0
110,0,0
110,0,0
110,0,0
110,0,0
110,0,0
110,0,0
110,0,0
110,0,0
110,0,0
110,0,0
110,0,0
110,0,0
110,0,0
110,0,0
110,0,0
110,0,0
110,0,0
110,0,0
110,0,0
110,0,0
110,0,-211
110,0,-324
110,1,1
110,1,1
110,1,1
110,1,1
110,1,1
110,1,1
110,1,1
110,1,1
110,1,1
110,1,1
110,1,1
110,1,1
110,1,1
110,1,1
110,1,1
110,1,1
110,1,1
110,1,341
110,1,-231
110,2,-391
110,4,-119
110,5,-647
110,5,-142
110,6,-176
110,7,323
110,11,-336
110,14,-102
110,15,-827
110,15,356
110,16,-344
110,17,-266
110,19,-683
110,22,-162
110,26,-103
110,29,-314
110,30,-239
110,32,-621
110,33,-281
110,37,-82
110,39,-356
110,41,-606
110,42,-174
110,43,-641
110,44,-631
110,44,-635
110,45,-587
110,48,-212
110,48,-127
110,49,-689
110,49,-302
110,51,390
110,53,-162
110,60,-623
110,65,-125
110,66,-737
110,72,427
110,73,-227
110,76,-345
110,76,-209
110,76,-209
110,78,-662
110,79,-368
110,79,-150
110,81,522
110,82,-311
110,84,-162
110,84,-297
110,91,-700
110,98,398
110,99,368
110,100,469
110,105,-308
110,106,-282
110,112,450
110,113,402
110,114,-267
110,119,-284
110,119,470
110,121,-189
110,124,-746
110,127,-209
110,133,377
110,134,185
110,134,-248
110,141,-262
110,145,386
110,149,379
110,149,310
110,165,-209
110,166,333
110,168,480
110,169,201
110,180,358
110,184,429
110,188,-282
110,190,320
110,197,452
110,198,-162
110,212,334
110,212,451
110,212,364
110,215,103
110,215,338
110,221,433
110,222,74
110,225,270
110,226,-224
110,231,246
110,233,266
110,237,281
110,241,-265
110,242,-253
110,249,-239
110,251,85
110,251,290
110,253,290
110,254,239
110,255,-244
110,259,-226
110,267,-287
110,269,-272
110,270,297
110,274,-295
110,279,105
110,284,-282
110,284,-303
110,290,436
110,293,292
110,297,-344
110,300,258
110,300,316
110,312,-340
110,312,252
110,312,-272
110,313,-370
110,318,-313
110,327,183
110,340,179
110,348,-406
110,357,-395
110,387,-123
110,390,-147
110,395,-147
110,397,-153
110,432,-62
110,440,-44
110,456,-82
111,-362,-206
111,-361,137
111,-357,166
111,-354,113
111,-347,139
111,-343,169
111,-342,101
111,-339,135
111,-338,-440
111,-322,116
111,-314,147
111,-298,-99
111,-298,-441
111,-287,-322
111,-286,-165
111,-285,-332
111,-280,-283
111,-276,-157
111,-276,-311
111,-269,-293
111,-242,-114
111,-237,-351
111,-228,2
111,-224,-130
111,-217,-201
111,-212,-130
111,-210,-115
111,-208,-162
111,-207,-197
111,-205,25
111,-203,-57
111,-193,-96
111,-186,-8
111,-186,-129
111,-179,-227
111,-178,-213
111,-166,-236
111,-161,-143
111,-158,-314
111,-154,-214
111,-151,-59
111,-147,-13
111,-141,-222
111,-139,-328
111,-137,-339
111,-135,-200
111,-134,191
111,-130,-109
111,-127,-365
111,-123,-188
111,-121,62
111,-119,-106
111,-117,-57
111,-116,-385
111,-112,-371
111,-111,-337
111,-107,-358
111,-106,-185
111,-105,-158
111,-105,-360
111,-104,84
111,-104,164
111,-100,-149
111,-95,-362
111,-91,-310
111,-87,-23
111,-87,-391
111,-87,-146
111,-87,127
111,-86,80
111,-80,-258
111,-76,-305
111,-72,-165
111,-62,-397
111,-60,154
111,-58,-324
111,-56,-212
111,-51,-90
111,-46,-124
111,-44,-216
111,-44,143
111,-42,-264
111,-41,-201
111,-40,-122
111,-39,77
111,-37,-129
111,-34,-245
111,-25,-63
111,-25,-279
111,-20,-134
111,-18,-63
111,-12,-131
111,-8,-124
111,-8,-102
111,-7,-218
111,-5,-73
111,-5,-147
111,-4,-291
111,-4,-118
111,-3,-110
111,0,0
111,0,0
111,0,0
111,0,0
111,0,0
111,0,0
111,0,0
111,0,0
111,0,0
111,0,0
111,0,0
111,0,0
111,0,0
111,0,0
111,0,0
111,0,0
111,0,0
111,0,0
111,0,0
111,0,0
111,0,0
111,0,0
111,0,0
111,0,0
111,0,0
111,1,1
111,1,1
111,1,1
111,1,1
111,1,1
111,1,1
111,1,1
111,1,1
111,1,1
111,1,1
111,1,1
111,1,1
111,1,1
111,1,1
111,1,1
111,1,1
111,1,1
111,3,-14
111,4,-67
111,5,103
111,6,-321
111,11,-78
111,14,-129
111,17,-118
111,17,-253
111,19,68
111,19,-297
111,20,-29
111,20,163
111,23,-184
111,28,112
111,29,-124
111,31,-86
111,32,-253
111,38,-111
111,40,-325
111,44,151
111,47,-197
111,48,35
111,55,-77
111,58,129
111,59,-339
111,60,190
111,62,-125
111,62,-487
111,63,-303
111,65,-340
111,65,-309
111,68,-354
111,68,39
111,69,-277
111,73,-261
111,74,76
111,75,-86
111,75,-341
111,76,-324
111,76,-46
111,79,-162
111,81,73
111,91,2
111,95,144
111,96,138
111,101,38
111,101,-10
111,109,-46
111,109,107
111,115,-32
111,119,-98
111,120,2
111,124,-86
111,126,-120
111,132,-225
111,141,-132
111,141,-280
111,141,-63
111,142,113
111,154,75
111,154,-180
111,154,-165
111,158,186
111,164,-99
111,166,1
111,167,524
111,168,-22
111,169,168
111,173,116
111,177,-62
111,180,157
111,186,-203
111,192,30
111,197,475
111,199,-173
111,199,95
111,207,9
111,212,56
111,214,92
111,214,114
111,219,107
111,224,242
111,235,451
111,237,-70
111,238,-104
111,238,482
111,240,128
111,241,-124
111,241,232
111,244,24
111,244,488
111,245,232
111,250,1
111,251,202
111,251,86
111,261,-28
111,261,-173
111,262,-20
111,263,241
111,268,-122
111,269,433
111,270,242
111,273,212
111,278,206
111,279,248
111,281,-176
111,294,-0
111,295,219
111,297,-222
111,302,490
111,304,52
111,321,-60
111,324,69
111,335,464
111,336,-220
111,339,-20
111,346,355
111,346,409
111,348,17
111,352,503
111,362,-195
111,363,-285
111,366,-114
111,366,296
111,369,277
111,369,351
111,370,-212
111,382,-164
111,387,-256
111,403,-132
111,405,42
111,445,-206
112,-412,50
112,-404,-12
112,-400,65
112,-399,-35
112,-376,21
112,-359,-39
112,-344,30
112,-340,40
112,-331,-49
112,-316,32
112,-315,113
112,-315,-14
112,-303,-27
112,-301,51
112,-293,146
112,-289,15
112,-283,-82
112,-281,124
112,-277,-123
112,-258,100
112,-257,26
112,-256,-18
112,-243,17
112,-238,37
112,-237,-34
112,-237,-24
112,-234,9
112,-229,-128
112,-224,81
112,-217,35
112,-206,38
112,-206,-62
112,-203,-43
112,-201,18
112,-200,-80
112,-188,38
112,-185,-0
112,-180,39
112,-156,19
112,-156,-66
112,-155,-4
112,-151,35
112,-147,-19
112,-147,-46
112,-143,114
112,-140,123
112,-139,86
112,-138,36
112,-137,-20
112,-129,127
112,-119,62
112,-111,62
112,-110,38
112,-105,40
112,-90,58
112,-86,-68
112,-77,-81
112,-70,-61
112,-66,29
112,-55,58
112,-39,-77
112,-38,55
112,-28,-109
112,-22,-496
112,-22,44
112,-17,33
112,-6,-99
112,-5,100
112,-3,126
112,0,0
112,0,0
112,0,0
112,0,0
112,0,0
112,0,0
112,0,0
112,0,0
112,0,0
112,0,0
112,0,0
112,0,0
112,0,0
112,0,0
112,1,141
112,1,1
112,1,1
112,1,1
112,1,1
112,1,1
112,1,1
112,1,1
112,1,1
112,1,1
112,1,1
112,1,1
112,1,1
112,5,-357
112,10,-98
112,11,-351
112,21,143
112,21,-320
112,23,-349
112,25,155
112,26,-341
112,27,47
112,29,151
112,29,-354
112,33,-48
112,35,-71
112,35,-351
112,35,-192
112,36,160
112,38,23
112,39,12
112,40,-364
112,40,-139
112,42,-226
112,43,123
112,47,-368
112,50,20
112,57,-24
112,57,-24
112,60,-196
112,64,-82
112,67,-17
112,68,-134
112,68,-377
112,69,-239
112,69,-100
112,73,-12
112,74,162
112,77,-376
112,79,-20
112,88,-90
112,88,-18
112,89,-123
112,101,-330
112,103,-357
112,119,-112
112,131,-121
112,143,-124
112,146,123
112,161,61
112,161,30
112,165,153
112,167,73
112,167,-107
112,172,170
112,176,68
112,180,-147
112,184,167
112,187,-164
112,189,98
112,190,31
112,199,-80
112,200,-102
112,206,-220
112,207,-213
112,210,-220
112,212,-221
112,217,120
112,218,-218
112,218,-61
112,220,-195
112,221,-241
112,224,-204
112,225,-199
112,226,103
112,228,-131
112,235,-166
112,235,71
112,237,-106
112,238,-191
112,242,-203
112,246,-105
112,247,-200
112,249,165
112,250,-85
112,252,-190
112,254,155
112,257,164
112,259,93
112,263,-192
112,263,87
112,281,174
112,284,61
112,290,-131
112,294,118
112,298,-124
112,298,48
112,309,-238
112,313,162
112,315,-196
112,317,-211
112,318,-78
112,321,-267
112,325,-275
112,325,116
112,327,36
112,329,262
112,332,-1
112,332,136
112,334,-4
112,338,-378
112,338,279
112,339,282
112,340,-324
112,341,-326
112,342,291
112,342,374
112,347,-205
112,353,-67
112,356,-83
112,358,118
112,360,2
112,366,0
112,370,-167
112,375,-79
112,384,-186
112,387,-4
112,388,-101
112,388,105
112,392,10
112,393,104
112,394,37
112,395,-245
112,399,-140
112,399,-125
112,403,-166
112,404,72
112,405,-104
112,405,0
112,412,-148
112,417,119
112,422,126
112,423,-212
112,426,-201
112,427,61
112,430,32
112,430,125
112,432,111
112,438,-9
112,444,-200
112,467,50
112,472,34
112,491,28
112,496,191
112,500,173
112,503,205
112,503,183
112,504,196
112,517,-261
112,519,-270
112,521,16
112,525,222
112,527,216
112,529,19
112,535,-255
112,537,221
112,538,17
112,542,22
112,545,220
112,565,-280
112,584,295
113,-341,201
113,-339,212
113,-329,259
113,-304,272
113,-303,158
113,-303,290
113,-300,301
113,-298,340
113,-284,486
113,-281,471
113,-276,137
113,-273,482
113,-272,461
113,-268,440
113,-262,442
113,-248,152
113,-246,448
113,-246,161
113,-244,-38
113,-237,162
113,-232,367
113,-232,172
113,-231,-39
113,-224,435
113,-220,168
113,-216,-27
113,-216,156
113,-212,239
113,-212,433
113,-210,-70
113,-208,417
113,-208,154
113,-207,233
113,-207,-221
113,-206,394
113,-205,245
113,-205,-195
113,-204,-88
113,-202,237
113,-202,370
113,-201,-236
113,-201,161
113,-200,239
113,-199,184
113,-199,405
113,-198,-197
113,-197,-221
113,-196,-249
113,-196,243
113,-196,157
113,-196,-156
113,-196,-51
113,-195,211
113,-194,230
113,-194,-187
113,-192,355
113,-191,-164
113,-191,-85
113,-190,442
113,-187,223
113,-186,196
113,-184,-81
113,-182,-81
113,-178,-62
113,-178,191
113,-177,474
113,-177,-165
113,-175,-247
113,-174,-18
113,-174,447
113,-174,468
113,-174,-56
113,-173,-82
113,-172,-77
113,-171,-147
113,-170,234
113,-170,195
113,-169,-60
113,-168,-257
113,-168,-73
113,-167,-65
113,-166,-67
113,-166,-105
113,-166,-248
113,-166,-154
113,-165,434
113,-164,439
113,-164,-267
113,-164,-18
113,-164,196
113,-162,-72
113,-161,461
113,-160,200
113,-159,36
113,-159,-122
113,-158,-148
113,-158,-165
113,-156,5
113,-156,-250
113,-156,-58
113,-155,43
113,-155,-39
113,-153,236
113,-152,-232
113,-152,198
113,-152,191
113,-149,225
113,-146,206
113,-146,-108
113,-146,190
113,-146,-82
113,-144,-21
113,-140,-0
113,-140,223
113,-140,-61
113,-137,-67
113,-134,-96
113,-133,233
113,-133,-40
113,-132,-130
113,-130,43
113,-130,238
113,-128,-120
113,-126,253
113,-122,-63
113,-121,251
113,-121,-97
113,-119,224
113,-117,-50
113,-117,-74
113,-115,33
113,-114,242
113,-114,4
113,-113,44
113,-110,26
113,-107,454
113,-106,-76
113,-106,12
113,-105,-96
113,-104,40
113,-104,198
113,-101,446
113,-100,-67
113,-100,437
113,-99,438
113,-98,423
113,-98,-40
113,-97,240
113,-95,46
113,-95,-18
113,-94,-77
113,-94,-40
113,-93,-96
113,-93,203
113,-91,153
113,-88,-108
113,-88,9
113,-86,153
113,-81,-123
113,-79,44
113,-78,233
113,-76,96
113,-75,-60
113,-74,14
113,-71,-55
113,-70,-34
113,-70,-80
113,-69,-17
113,-69,218
113,-67,87
113,-67,158
113,-66,111
113,-66,58
113,-65,121
113,-65,-9
113,-63,223
113,-62,163
113,-59,236
113,-59,227
113,-58,154
113,-57,24
113,-56,-76
113,-56,37
113,-55,84
113,-50,236
113,-49,-99
113,-48,285
113,-45,17
113,-44,275
113,-44,-19
113,-43,-74
113,-43,83
113,-42,97
113,-41,120
113,-41,160
113,-40,278
113,-38,246
113,-35,54
113,-32,263
113,-32,137
113,-32,80
113,-32,80
113,-31,239
113,-29,287
113,-23,160
113,-23,4
113,-19,273
113,-13,127
113,-11,-123
113,-11,245
113,-11,116
113,-9,150
113,-9,122
113,-7,136
113,-6,-108
113,-6,237
113,-5,159
113,-1,285
113,0,0
113,0,0
113,0,0
113,0,0
113,0,0
113,0,0
113,0,0
113,0,0
113,0,0
113,1,1
113,1,1
113,1,1
113,1,1
113,1,1
113,1,1
113,6,163
113,6,255
113,7,-71
113,7,-126
113,9,-114
113,9,-89
113,10,237
113,13,3
113,16,-131
113,24,-141
113,25,-74
113,26,-97
113,27,210
113,27,175
113,31,-126
113,32,212
113,32,155
113,34,-19
113,35,-31
113,35,-162
113,36,-54
113,38,11
113,39,-169
113,39,24
113,42,-36
113,42,39
113,43,-94
113,46,241
113,49,-113
113,50,-162
113,51,247
113,51,-44
113,51,27
113,51,-23
113,55,202
113,55,-76
113,55,-136
113,56,-154
113,56,45
113,60,54
113,61,219
113,61,197
113,66,-158
113,69,181
113,70,-123
113,71,-100
113,73,-142
113,74,51
113,79,-89
113,80,-164
113,82,96
113,82,128
113,83,112
113,85,-110
113,86,169
113,86,80
113,87,43
113,89,69
113,90,-171
113,91,231
113,92,247
113,92,-131
113,93,-172
113,93,189
113,93,-103
113,95,-99
113,97,-113
113,98,162
113,98,-141
113,99,-176
113,99,-128
113,100,157
113,102,-180
113,102,75
113,104,259
113,105,-159
113,108,-116
113,109,-181
113,109,225
113,111,357
113,111,-120
113,112,-197
113,112,325
113,113,356
113,114,180
113,118,198
113,118,362
113,120,267
113,120,78
113,120,-196
113,120,-137
113,121,262
113,123,236
113,125,-188
113,127,-159
113,127,-159
113,129,264
113,131,338
113,133,90
113,137,242
113,139,180
113,144,162
113,146,237
113,151,199
113,155,83
113,157,175
113,163,156
113,163,156
113,164,237
113,167,360
113,168,214
113,177,78
113,189,2
113,189,18
113,195,29
113,195,53
113,195,67
113,196,-4
113,196,-4
113,198,83
113,200,-2
113,202,31
113,207,1
113,207,-0
113,211,13
113,214,-2
113,219,20
113,239,51
113,240,19
113,241,41
113,244,-10
114,-348,40
114,-330,-41
114,-329,104
114,-328,54
114,-323,-111
114,-322,13
114,-319,-58
114,-315,-195
114,-313,84
114,-311,-44
114,-307,-206
114,-304,-114
114,-304,-12
114,-304,-191
114,-294,-160
114,-294,-127
114,-290,38
114,-287,59
114,-286,-48
114,-270,119
114,-269,-7
114,-269,-201
114,-256,-266
114,-252,-256
114,-252,-257
114,-250,-257
114,-249,1
114,-247,-322
114,-245,-247
114,-244,-240
114,-240,-223
114,-240,112
114,-240,164
114,-238,-239
114,-235,-162
114,-235,-271
114,-233,54
114,-232,-273
114,-231,-24
114,-229,-282
114,-226,-195
114,-226,96
114,-224,-310
114,-224,119
114,-220,-317
114,-219,71
114,-219,-242
114,-218,-150
114,-217,64
114,-213,-181
114,-211,-136
114,-211,254
114,-209,218
114,-207,-186
114,-206,-207
114,-203,-90
114,-202,157
114,-201,166
114,-199,209
114,-195,-166
114,-193,291
114,-193,-326
114,-192,-249
114,-190,151
114,-189,-108
114,-188,218
114,-183,-212
114,-182,204
114,-179,-162
114,-178,-218
114,-176,1
114,-174,237
114,-173,19
114,-166,-71
114,-165,-142
114,-164,-245
114,-161,328
114,-161,263
114,-158,302
114,-158,35
114,-158,79
114,-157,195
114,-157,-50
114,-154,-75
114,-154,274
114,-147,360
114,-140,176
114,-139,85
114,-138,165
114,-135,-205
114,-132,148
114,-130,106
114,-130,-314
114,-127,-300
114,-125,-253
114,-125,33
114,-124,73
114,-121,146
114,-119,160
114,-119,-12
114,-118,-329
114,-118,362
114,-114,101
114,-114,117
114,-112,113
114,-112,220
114,-110,55
114,-110,-181
114,-107,310
114,-106,331
114,-101,303
114,-98,357
114,-98,-161
114,-96,-304
114,-95,-119
114,-95,-269
114,-93,-57
114,-93,-80
114,-88,-60
114,-85,-46
114,-78,144
114,-78,-252
114,-77,-226
114,-76,73
114,-75,-1
114,-72,177
114,-72,58
114,-71,-328
114,-69,-206
114,-65,404
114,-64,38
114,-61,158
114,-59,74
114,-58,-86
114,-57,17
114,-54,75
114,-52,-291
114,-48,180
114,-48,-330
114,-46,-106
114,-46,297
114,-44,-244
114,-44,-206
114,-41,-134
114,-40,-340
114,-39,326
114,-38,-35
114,-36,127
114,-34,-351
114,-32,-127
114,-32,245
114,-27,-323
114,-24,-74
114,-21,-276
114,-21,-256
114,-20,9
114,-18,99
114,-17,284
114,-16,-201
114,-16,-186
114,-13,212
114,-12,-91
114,-9,53
114,-8,68
114,-8,-238
114,-7,-338
114,-5,-172
114,-4,-171
114,-3,-167
114,-0,-108
114,0,0
114,0,0
114,0,0
114,0,0
114,0,0
114,0,0
114,0,0
114,0,0
114,0,0
114,0,0
114,0,0
114,0,0
114,0,0
114,0,0
114,1,-262
114,1,1
114,1,1
114,1,1
114,1,1
114,1,1
114,2,-242
114,2,-183
114,3,257
114,3,-248
114,7,135
114,7,-58
114,7,-87
114,10,48
114,12,82
114,17,-60
114,20,-370
114,20,276
114,21,-236
114,23,-260
114,25,-337
114,25,-212
114,26,-101
114,29,113
114,31,-344
114,32,87
114,34,-311
114,36,-123
114,37,101
114,38,-58
114,38,200
114,38,-289
114,38,-91
114,39,40
114,40,242
114,40,-308
114,41,-240
114,44,-63
114,45,404
114,45,-390
114,46,404
114,47,-81
114,47,141
114,48,180
114,48,316
114,49,296
114,49,-86
114,49,-404
114,50,-17
114,51,36
114,54,-87
114,55,93
114,55,392
114,56,-119
114,60,195
114,60,-122
114,62,-44
114,64,-54
114,65,275
114,68,25
114,68,-320
114,71,399
114,71,-77
114,72,-0
114,73,-26
114,73,74
114,74,-18
114,74,-360
114,74,-37
114,75,-82
114,75,336
114,76,191
114,77,288
114,79,276
114,79,210
114,80,367
114,81,-299
114,82,-38
114,83,241
114,86,-319
114,87,226
114,92,21
114,92,396
114,98,268
114,103,310
114,105,39
114,107,173
114,111,52
114,112,-73
114,116,-318
114,120,179
114,121,-373
114,126,245
114,126,233
114,127,-51
114,128,-276
114,130,-342
114,132,-143
114,133,232
114,133,-84
114,140,-21
114,149,204
114,149,-145
114,153,-50
114,153,-22
114,155,-245
114,159,-218
114,160,31
114,164,347
114,164,-80
114,165,-287
114,178,-266
114,180,318
114,180,16
114,181,369
114,183,166
114,184,286
114,186,-2
114,191,-279
114,195,-104
114,197,-153
114,197,-295
114,201,351
114,203,409
114,203,276
114,204,-226
114,207,-129
114,212,394
114,216,299
114,216,351
114,217,376
114,219,-6
114,220,315
114,223,182
114,227,104
114,227,390
114,230,310
114,231,-356
114,232,350
114,234,-14
114,241,-200
114,242,196
114,247,78
114,247,149
114,249,364
114,250,315
114,250,408
114,252,-279
114,256,324
114,256,-54
114,257,-5
114,260,152
114,262,-242
114,267,-146
114,275,-306
114,278,128
114,279,174
114,285,161
114,288,-38
114,291,-217
114,292,62
114,292,-194
114,306,-189
114,313,-324
114,313,-57
114,328,-155
114,336,63
114,344,-211
114,346,-137
114,354,-193
114,362,78
114,368,-22
114,371,-142
114,372,-113
114,386,-57
114,389,38
114,401,172
114,404,152
114,408,-136
114,428,-36
114,430,-47
114,431,44
114,433,93
114,435,159
114,440,116
114,460,121
114,471,140
114,475,213
114,482,160
114,483,109
114,483,123
114,483,154
114,485,87
114,485,171
114,487,210
114,489,212
114,491,244
114,494,138
114,505,143
114,517,157
114,520,117
115,-441,-357
115,-409,351
115,-399,-365
115,-396,376
115,-394,367
115,-381,448
115,-374,453
115,-372,432
115,-370,334
115,-369,-388
115,-357,312
115,-351,-446
115,-351,377
115,-349,-435
115,-349,278
115,-335,216
115,-333,313
115,-329,469
115,-327,-315
115,-323,210
115,-323,-446
115,-322,303
115,-321,-425
115,-320,262
115,-309,388
115,-306,-344
115,-303,242
115,-303,-379
115,-301,415
115,-301,420
115,-301,-410
115,-299,418
115,-297,354
115,-297,308
115,-293,-329
115,-290,-277
115,-287,-449
115,-285,324
115,-280,395
115,-279,364
115,-272,-450
115,-269,-447
115,-265,-318
115,-259,-481
115,-258,-458
115,-258,360
115,-245,502
115,-245,-396
115,-243,-251
115,-242,547
115,-234,-284
115,-227,439
115,-226,419
115,-218,386
115,-213,-361
115,-212,-346
115,-212,505
115,-211,524
115,-207,-382
115,-207,-246
115,-206,488
115,-204,-209
115,-204,496
115,-202,373
115,-194,-337
115,-186,-280
115,-179,-150
115,-178,-147
115,-174,-149
115,-168,638
115,-167,617
115,-165,-115
115,-162,382
115,-161,-212
115,-157,-83
115,-156,-111
115,-154,-122
115,-154,-93
115,-149,-102
115,-147,-119
115,-144,-406
115,-142,-219
115,-140,-398
115,-132,397
115,-125,-169
115,-114,-137
115,-114,-237
115,-113,-209
115,-108,356
115,-106,174
115,-106,174
115,-106,172
115,-106,-246
115,-100,-117
115,-99,-393
115,-95,299
115,-94,-124
115,-94,170
115,-91,-216
115,-87,247
115,-84,142
115,-82,80
115,-81,291
115,-81,231
115,-77,32
115,-72,-390
115,-72,-376
115,-71,120
115,-70,147
115,-70,161
115,-70,366
115,-69,297
115,-68,282
115,-59,266
115,-57,-242
115,-50,8
115,-49,-226
115,-44,356
115,-42,394
115,-41,79
115,-40,225
115,-40,243
115,-39,319
115,-38,318
115,-38,308
115,-38,319
115,-37,295
115,-32,424
115,-29,233
115,-29,337
115,-28,320
115,-26,291
115,-25,385
115,-24,-360
115,-22,231
115,-21,-391
115,-20,313
115,-20,322
115,-17,336
115,-11,23
115,-8,350
115,-7,432
115,-6,231
115,-5,271
115,-4,242
115,-4,-192
115,-3,80
115,-1,-414
115,-1,407
115,0,0
115,0,0
115,0,0
115,0,0
115,0,0
115,0,0
115,0,0
115,0,0
115,0,0
115,0,0
115,0,0
115,0,0
115,0,0
115,0,0
115,0,0
115,0,0
115,0,0
115,0,0
115,0,0
115,0,0
115,0,0
115,0,0
115,0,0
115,0,0
115,0,0
115,0,0
115,0,0
115,0,0
115,0,0
115,0,0
115,0,0
115,0,0
115,0,0
115,0,0
115,0,0
115,0,0
115,0,0
115,0,0
115,0,0
115,0,0
115,0,0
115,0,0
115,0,0
115,0,0
115,0,0
115,0,0
115,0,0
115,0,0
115,0,0
115,0,0
115,0,0
115,0,0
115,0,0
115,0,0
115,0,0
115,0,0
115,0,0
115,0,0
115,0,0
115,0,0
115,0,0
115,0,0
115,0,0
115,0,0
115,0,0
115,0,0
115,0,0
115,0,0
115,0,0
115,0,0
115,0,0
115,0,0
115,0,0
115,0,0
115,0,0
115,0,0
115,0,0
115,0,0
115,0,0
115,0,0
115,0,0
115,0,0
115,0,0
115,0,0
115,0,0
115,0,0
115,0,0
115,0,0
115,0,0
115,0,0
115,0,0
115,0,0
115,0,0
115,0,0
115,0,0
115,0,0
115,0,0
115,0,0
115,0,0
115,0,0
115,0,0
115,0,0
115,0,0
115,0,0
115,0,0
115,0,0
115,0,0
115,0,0
115,0,0
115,0,0
115,0,0
115,0,0
115,0,0
115,0,0
115,0,0
115,0,0
115,0,0
115,0,0
115,0,0
115,0,0
115,0,0
115,0,0
115,0,0
115,0,0
115,0,0
115,0,0
115,0,0
115,0,0
115,0,560
115,1,1
115,1,1
115,1,1
115,1,1
115,1,1
115,1,1
115,1,1
115,1,1
115,1,1
115,1,1
115,1,1
115,1,1
115,1,1
115,1,1
115,1,1
115,1,1
115,1,1
115,3,-347
115,7,-226
115,12,288
115,15,421
115,22,497
115,22,-351
115,23,-341
115,27,106
115,27,329
115,31,358
115,35,128
115,36,333
115,37,19
115,37,37
115,40,-142
115,42,527
115,42,497
115,42,-184
115,45,477
115,46,-88
115,48,-267
115,48,-275
115,48,-364
115,53,555
115,53,-317
115,55,129
115,57,260
115,58,41
115,58,-298
115,59,-324
115,59,56
115,59,-124
115,60,202
115,63,90
115,65,142
115,65,145
115,65,-168
115,68,-231
115,68,444
115,68,-205
115,72,64
115,73,-441
115,75,-88
115,76,-166
115,76,-477
115,77,373
115,78,435
115,78,-114
115,79,-54
115,79,-258
115,81,60
115,82,-6
115,82,-271
115,86,-191
115,89,-481
115,89,4
115,92,203
115,93,508
115,94,519
115,94,388
115,95,-128
115,96,58
115,98,-438
115,98,99
115,99,425
115,100,440
115,100,-281
115,103,387
115,104,-459
115,104,-359
115,104,-312
115,105,166
115,110,-65
115,112,-106
115,112,198
115,113,93
115,114,-19
115,114,356
115,116,170
115,117,-36
115,119,378
115,120,-440
115,121,324
115,121,-100
115,122,-322
115,123,282
115,135,-453
115,138,-39
115,139,82
115,139,505
115,140,300
115,145,-440
115,147,-6
115,149,455
115,150,397
115,150,508
115,151,494
115,152,24
115,152,43
115,154,210
115,155,282
115,156,23
115,157,363
115,158,-23
115,158,318
115,160,486
115,162,-49
115,167,16
115,170,85
115,190,248
115,190,384
115,191,505
115,193,542
115,194,215
115,195,75
115,195,103
115,199,474
115,199,586
115,199,597
115,204,-11
115,206,334
115,206,46
115,209,445
115,211,569
115,212,546
115,212,282
115,217,121
115,218,554
115,219,543
115,221,360
115,221,184
115,222,460
115,222,162
115,223,185
115,224,464
115,224,264
115,225,182
115,225,459
115,225,518
115,228,315
115,231,394
115,234,574
115,237,628
115,237,528
115,238,204
115,239,609
115,239,583
115,242,455
115,245,423
115,247,262
115,254,412
115,256,383
115,257,253
115,257,437
115,259,217
115,263,603
115,269,237
115,271,296
115,274,587
115,274,111
115,279,200
115,281,415
115,282,137
115,282,381
115,284,391
115,284,66
115,285,351
115,285,33
115,295,437
115,300,5
115,301,118
115,302,89
115,306,157
115,308,30
115,313,59
115,315,288
115,316,412
115,317,365
115,317,598
115,320,411
115,321,409
115,321,366
115,324,151
115,330,75
115,338,161
115,338,119
115,346,397
115,353,5
115,354,115
115,355,356
115,359,148
115,381,39
115,390,39
115,395,120
115,403,110
116,-360,-156
116,-358,495
116,-357,505
116,-356,503
116,-343,-199
116,-330,513
116,-326,501
116,-324,492
116,-304,-197
116,-288,521
116,-271,399
116,-271,437
116,-255,659
116,-252,413
116,-251,503
116,-251,-32
116,-250,-198
116,-248,-63
116,-246,-107
116,-242,636
116,-241,483
116,-240,52
116,-239,49
116,-238,657
116,-238,657
116,-234,-181
116,-231,-200
116,-230,37
116,-226,625
116,-226,496
116,-226,392
116,-224,487
116,-223,367
116,-221,623
116,-219,449
116,-219,325
116,-215,464
116,-212,-115
116,-205,282
116,-205,402
116,-203,351
116,-202,534
116,-202,545
116,-202,-27
116,-202,416
116,-201,567
116,-200,-173
116,-199,41
116,-198,-114
116,-196,367
116,-194,-90
116,-193,435
116,-192,-196
116,-188,-72
116,-184,-70
116,-183,300
116,-183,285
116,-181,-82
116,-169,-32
116,-164,-173
116,-163,273
116,-159,434
116,-158,172
116,-157,169
116,-156,360
116,-155,-115
116,-154,354
116,-152,446
116,-151,173
116,-144,326
116,-143,-64
116,-143,191
116,-142,190
116,-138,244
116,-136,478
116,-134,159
116,-127,457
116,-125,205
116,-124,306
116,-122,329
116,-122,-328
116,-121,-180
116,-121,-380
116,-120,-420
116,-119,-315
116,-118,403
116,-118,517
116,-117,-304
116,-116,-76
116,-114,-163
116,-113,184
116,-112,249
116,-110,-353
116,-109,231
116,-108,-238
116,-107,321
116,-104,490
116,-103,-419
116,-102,-204
116,-102,167
116,-102,-630
116,-98,-0
116,-98,23
116,-96,44
116,-96,58
116,-96,113
116,-95,391
116,-92,-454
116,-90,-361
116,-89,437
116,-87,496
116,-87,-18
116,-87,-512
116,-83,431
116,-83,-128
116,-82,-650
116,-82,-530
116,-82,177
116,-82,-594
116,-81,450
116,-81,-697
116,-81,-37
116,-81,-376
116,-80,-354
116,-79,-121
116,-79,-416
116,-77,-86
116,-76,-280
116,-76,253
116,-76,503
116,-75,-14
116,-75,724
116,-75,-665
116,-74,-681
116,-72,-607
116,-72,683
116,-70,261
116,-66,-156
116,-65,-616
116,-65,-273
116,-65,-168
116,-65,-507
116,-64,-595
116,-62,-47
116,-62,-255
116,-59,-62
116,-59,-597
116,-57,-433
116,-56,-439
116,-55,278
116,-54,-135
116,-54,-39
116,-53,-121
116,-51,-463
116,-50,680
116,-47,-494
116,-47,-641
116,-47,-189
116,-47,-600
116,-44,668
116,-43,219
116,-40,683
116,-39,-227
116,-38,716
116,-38,208
116,-38,-160
116,-37,-427
116,-37,-477
116,-36,-169
116,-34,-454
116,-31,457
116,-30,741
116,-26,-189
116,-25,169
116,-23,160
116,-22,-156
116,-21,699
116,-20,-34
116,-19,-168
116,-17,476
116,-17,-154
116,-16,-110
116,-16,692
116,-14,-142
116,-12,-142
116,-9,-428
116,-7,-85
116,-2,-110
116,0,0
116,0,0
116,0,0
116,0,0
116,0,0
116,0,0
116,0,0
116,0,0
116,0,0
116,0,0
116,0,0
116,0,0
116,0,0
116,0,0
116,0,0
116,0,0
116,0,0
116,0,0
116,0,0
116,0,0
116,0,0
116,0,0
116,0,0
116,0,0
116,0,0
116,0,0
116,0,0
116,0,0
116,0,0
116,0,0
116,0,0
116,0,0
116,0,0
116,0,0
116,0,0
116,0,0
116,0,0
116,0,0
116,0,0
116,0,0
116,0,0
116,0,0
116,0,0
116,0,0
116,0,0
116,0,0
116,0,0
116,0,0
116,0,0
116,0,0
116,0,0
116,0,0
116,0,0
116,0,0
116,0,0
116,0,0
116,0,0
116,0,0
116,0,0
116,0,0
116,0,0
116,0,0
116,0,0
116,0,0
116,0,0
116,0,0
116,0,0
116,0,0
116,0,0
116,0,0
116,0,0
116,0,0
116,0,0
116,0,0
116,0,0
116,0,0
116,0,0
116,0,0
116,0,0
116,0,0
116,0,0
116,0,0
116,0,0
116,0,0
116,0,0
116,0,0
116,0,0
116,0,0
116,0,0
116,0,0
116,0,0
116,0,0
116,0,0
116,0,0
116,0,0
116,0,0
116,0,0
116,0,0
116,0,0
116,0,0
116,0,0
116,0,0
116,0,0
116,0,0
116,0,0
116,0,0
116,0,0
116,0,0
116,0,0
116,0,0
116,0,0
116,0,0
116,0,0
116,0,0
116,0,0
116,0,0
116,0,0
116,0,0
116,0,0
116,0,0
116,0,0
116,0,0
116,0,0
116,0,0
116,0,0
116,0,0
116,0,0
116,0,0
116,0,0
116,0,0
116,0,0
116,0,0
116,0,0
116,0,0
116,0,0
116,0,0
116,0,0
116,0,0
116,0,0
116,0,0
116,0,0
116,0,0
116,0,0
116,0,0
116,0,0
116,0,0
116,0,0
116,0,0
116,0,0
116,0,0
116,0,0
116,1,1
116,1,1
116,1,1
116,1,1
116,1,1
116,2,-434
116,5,-148
116,13,-40
116,18,188
116,19,256
116,22,-5
116,22,158
116,24,244
116,25,482
116,25,454
116,28,-391
116,30,-434
116,31,-82
116,34,-51
116,35,222
116,37,-406
116,38,559
116,39,-428
116,40,533
116,41,533
116,43,158
116,46,-395
116,47,487
116,49,574
116,52,449
116,54,447
116,56,-401
116,56,-368
116,56,179
116,57,-32
116,58,175
116,59,177
116,60,-62
116,66,-163
116,67,586
116,67,-160
116,71,554
116,72,-95
116,75,-391
116,76,-81
116,77,-298
116,78,484
116,78,120
116,79,184
116,81,-121
116,81,451
116,83,204
116,84,436
116,84,86
116,85,-346
116,86,515
116,90,-120
116,91,-182
116,94,440
116,94,63
116,95,87
116,96,-41
116,96,462
116,102,-20
116,102,390
116,102,-201
116,104,497
116,104,497
116,104,-259
116,104,7
116,104,495
116,105,250
116,105,-88
116,106,68
116,109,363
116,109,159
116,111,-291
116,112,243
116,112,445
116,113,-40
116,113,-200
116,115,113
116,115,164
116,116,68
116,116,58
116,116,59
116,118,-69
116,118,172
116,119,251
116,119,-243
116,119,442
116,122,220
116,123,56
116,124,177
116,133,196
116,136,-166
116,137,-177
116,139,291
116,141,246
116,142,-323
116,144,112
116,146,-105
116,146,147
116,152,-266
116,154,309
116,156,-117
116,158,370
116,158,-156
116,162,-115
116,163,244
116,165,387
116,166,-48
116,168,385
116,169,-116
116,172,203
116,173,161
116,174,-146
116,174,261
116,177,-120
116,180,286
116,186,-90
116,188,393
116,191,-164
116,195,-123
116,196,315
116,198,-433
116,199,-360
116,201,-64
116,202,213
116,202,-432
116,202,249
116,205,402
116,206,478
116,207,285
116,213,326
116,214,-51
116,215,-454
116,215,-475
116,217,-460
116,219,-459
116,221,-262
116,222,-3
116,223,369
116,223,-6
116,224,345
116,224,-486
116,225,-100
116,226,-16
116,226,-269
116,227,-447
116,227,445
116,228,-449
116,228,-317
116,233,-226
116,234,7
116,235,-281
116,235,382
116,239,421
116,240,-401
116,240,-101
116,240,396
116,241,-384
116,242,324
116,243,-419
116,245,138
116,246,261
116,248,-95
116,248,-435
116,250,-124
116,253,25
116,255,-232
116,255,25
116,255,-419
116,256,-255
116,257,-103
116,259,-133
116,259,483
116,260,557
116,261,131
116,261,470
116,263,470
116,263,-97
116,264,254
116,267,255
116,268,-224
116,270,-506
116,270,60
116,271,119
116,271,433
116,277,438
116,277,-493
116,277,-135
116,279,-165
116,280,440
116,281,283
116,283,573
116,283,539
116,285,148
116,285,570
116,286,126
116,286,150
116,286,-448
116,287,-414
116,288,-97
116,290,153
116,291,-391
116,291,57
116,293,131
116,296,100
116,297,46
116,299,144
116,299,-482
116,301,515
116,301,-466
116,302,-75
116,303,-416
116,305,529
116,307,-253
116,308,260
116,309,-381
116,312,-260
116,313,4
116,328,-105
116,332,-325
116,337,-134
116,339,-24
116,340,-360
116,342,-21
116,342,-26
116,343,-44
116,344,-44
116,346,258
116,347,100
116,348,120
116,348,-134
116,350,-277
116,354,244
116,354,-43
116,356,-247
116,358,-0
116,359,-260
116,360,-312
116,361,-337
116,362,-195
116,363,-105
116,363,-326
116,367,289
116,368,83
116,368,304
116,370,257
116,371,258
116,377,-106
116,381,-325
116,384,-318
116,384,271
116,389,-281
116,390,-114
116,398,314
116,401,288
116,402,-118
116,414,297
116,422,278
116,424,-147
116,433,-129
116,437,297
116,463,-139
116,473,-142
117,-483,364
117,-482,364
117,-479,-90
117,-472,-97
117,-471,-133
117,-470,-130
117,-462,-133
117,-459,372
117,-453,378
117,-452,-82
117,-444,-99
117,-444,-196
117,-443,-178
117,-437,427
117,-436,435
117,-430,424
117,-428,433
117,-424,-185
117,-421,396
117,-411,401
117,-407,430
117,-407,407
117,-397,412
117,-396,412
117,-372,394
117,-370,400
117,-347,400
117,-344,367
117,-332,393
117,-327,264
117,-325,435
117,-321,440
117,-320,41
117,-320,269
117,-318,383
117,-318,363
117,-317,356
117,-312,279
117,-311,77
117,-310,-565
117,-310,261
117,-307,248
117,-306,250
117,-305,268
117,-304,434
117,-302,483
117,-301,90
117,-299,44
117,-299,267
117,-297,475
117,-296,81
117,-295,453
117,-293,266
117,-292,-540
117,-292,82
117,-290,368
117,-288,61
117,-288,-25
117,-288,100
117,-287,-77
117,-285,463
117,-284,237
117,-283,232
117,-280,-578
117,-279,36
117,-273,-525
117,-270,-11
117,-269,488
117,-268,-548
117,-267,87
117,-266,-26
117,-266,404
117,-265,385
117,-257,-544
117,-256,-526
117,-254,397
117,-252,21
117,-250,477
117,-250,490
117,-248,340
117,-247,483
117,-244,358
117,-243,28
117,-240,-597
117,-238,39
117,-237,516
117,-237,475
117,-236,459
117,-234,370
117,-234,-50
117,-234,370
117,-233,-563
117,-232,341
117,-231,429
117,-229,73
117,-227,333
117,-226,-40
117,-224,138
117,-224,33
117,-223,324
117,-223,-85
117,-222,-1
117,-217,328
117,-213,-68
117,-213,93
117,-209,108
117,-207,-145
117,-207,3
117,-193,520
117,-191,-116
117,-188,-90
117,-187,-91
117,-187,-100
117,-185,340
117,-180,-99
117,-178,-57
117,-174,126
117,-172,352
117,-170,427
117,-169,-48
117,-167,465
117,-161,-50
117,-157,69
117,-156,130
117,-153,11
117,-153,-44
117,-152,32
117,-147,168
117,-147,436
117,-147,138
117,-146,137
117,-144,359
117,-144,71
117,-142,-61
117,-141,331
117,-140,457
117,-133,293
117,-130,453
117,-127,446
117,-126,140
117,-125,130
117,-122,284
117,-122,438
117,-119,449
117,-119,474
117,-118,80
117,-114,146
117,-114,204
117,-114,265
117,-112,72
117,-110,23
117,-110,245
117,-109,353
117,-108,-46
117,-107,243
117,-107,82
117,-107,461
117,-105,226
117,-103,450
117,-100,318
117,-97,22
117,-95,369
117,-93,59
117,-93,216
117,-92,39
117,-91,504
117,-91,171
117,-89,328
117,-88,267
117,-87,-95
117,-85,-416
117,-84,329
117,-83,-148
117,-80,-1
117,-80,357
117,-80,-206
117,-79,-370
117,-79,-146
117,-78,-145
117,-77,450
117,-75,401
117,-73,356
117,-73,545
117,-73,-375
117,-73,-12
117,-73,70
117,-72,48
117,-69,-361
117,-68,-105
117,-68,-6
117,-66,33
117,-61,-236
117,-56,-217
117,-56,-396
117,-55,-411
117,-53,103
117,-53,122
117,-49,-161
117,-48,-161
117,-47,-374
117,-47,-178
117,-47,-176
117,-46,-403
117,-45,242
117,-45,-389
117,-44,45
117,-44,142
117,-42,94
117,-40,-223
117,-39,61
117,-32,36
117,-32,144
117,-31,144
117,-30,261
117,-29,128
117,-28,228
117,-26,80
117,-25,37
117,-24,282
117,-22,375
117,-21,199
117,-20,-149
117,-19,-163
117,-18,-35
117,-16,-39
117,-16,-32
117,-15,-55
117,-14,376
117,-13,51
117,-11,-132
117,-10,-133
117,-9,33
117,-9,-64
117,-8,-48
117,-8,52
117,-7,-112
117,-2,-152
117,-0,266
117,0,0
117,0,0
117,0,0
117,0,0
117,0,0
117,0,0
117,0,0
117,0,0
117,0,0
117,0,0
117,0,0
117,0,0
117,0,0
117,0,0
117,0,0
117,0,0
117,0,0
117,0,0
117,0,0
117,0,0
117,0,0
117,0,0
117,0,0
117,0,0
117,0,0
117,0,0
117,0,0
117,0,0
117,0,0
117,0,0
117,0,0
117,0,0
117,0,0
117,1,70
117,1,1
117,1,1
117,1,1
117,1,1
117,1,1
117,1,1
117,1,1
117,1,1
117,1,1
117,1,1
117,1,1
117,1,1
117,2,192
117,7,-132
117,7,370
117,9,355
117,9,11
117,11,334
117,13,-26
117,14,314
117,17,-47
117,18,-639
117,22,-67
117,22,282
117,24,-639
117,26,265
117,28,-164
117,32,265
117,36,283
117,36,-483
117,40,373
117,40,-50
117,43,-125
117,46,251
117,49,336
117,49,315
117,50,-62
117,55,457
117,57,-48
117,57,435
117,61,411
117,63,4
117,70,440
117,71,208
117,71,-125
117,71,464
117,72,-32
117,74,483
117,75,405
117,81,-469
117,82,-146
117,86,118
117,89,127
117,89,-453
117,89,126
117,89,211
117,89,214
117,91,-128
117,91,-9
117,92,309
117,94,390
117,94,304
117,95,139
117,95,27
117,95,-85
117,96,-442
117,96,-64
117,96,-49
117,97,-184
117,99,313
117,100,-45
117,103,483
117,103,-42
117,104,506
117,105,507
117,105,507
117,105,-156
117,106,250
117,107,-205
117,109,-449
117,109,-215
117,110,-125
117,117,252
117,118,-451
117,119,-160
117,122,459
117,123,-147
117,128,263
117,130,24
117,132,458
117,132,-474
117,133,-14
117,135,-140
117,137,5
117,138,505
117,139,-45
117,143,446
117,143,-160
117,143,243
117,145,5
117,148,-464
117,150,4
117,152,213
117,153,231
117,157,419
117,159,-9
117,160,519
117,161,-19
117,161,-467
117,162,220
117,164,-160
117,166,-157
117,167,-21
117,169,-43
117,170,508
117,170,433
117,173,238
117,175,219
117,175,-17
117,178,504
117,179,508
117,180,204
117,181,35
117,182,218
117,182,-43
117,188,-46
117,193,184
117,195,-663
117,196,-22
117,196,31
117,196,261
117,196,65
117,197,-654
117,200,224
117,201,-30
117,201,444
117,202,101
117,205,93
117,207,79
117,207,86
117,210,173
117,210,69
117,214,-119
117,215,195
117,216,212
117,218,96
117,222,427
117,222,94
117,223,127
117,225,454
117,226,9
117,227,-50
117,228,240
117,229,226
117,229,462
117,230,20
117,230,196
117,232,172
117,234,43
117,235,-33
117,237,95
117,239,201
117,242,84
117,244,96
117,252,116
117,253,367
117,254,453
117,255,123
117,255,-590
117,255,-567
117,256,-559
117,259,456
117,264,205
117,266,243
117,267,373
117,270,76
117,271,193
117,271,-334
117,273,478
117,281,452
117,281,225
117,283,-585
117,285,-339
117,285,469
117,298,385
117,311,408
117,312,233
117,312,298
117,313,234
117,316,399
117,318,-543
117,318,365
117,318,463
117,319,279
117,334,301
117,343,469
117,343,280
117,345,523
117,350,-479
117,352,282
117,357,-473
117,360,280
117,362,-366
117,364,-466
117,366,507
117,372,-419
117,373,506
117,383,-451
117,396,489
117,399,-439
117,402,523
117,412,480
117,422,484
117,439,473
118,-531,76
118,-521,85
118,-498,77
118,-495,63
118,-494,59
118,-488,68
118,-483,69
118,-483,-224
118,-482,68
118,-477,71
118,-477,69
118,-474,-237
118,-472,67
118,-469,-243
118,-468,64
118,-464,59
118,-454,80
118,-454,1
118,-453,-204
118,-452,-221
118,-452,84
118,-451,81
118,-444,-214
118,-442,-215
118,-440,-193
118,-438,28
118,-435,48
118,-434,-205
118,-433,53
118,-431,-227
118,-431,4
118,-423,24
118,-422,-198
118,-421,24
118,-421,-192
118,-418,-237
118,-417,42
118,-409,-220
118,-406,-200
118,-403,11
118,-401,-191
118,-400,-244
118,-389,-172
118,-385,-2
118,-381,-212
118,-381,-115
118,-376,-205
118,-373,-182
118,-366,191
118,-366,196
118,-365,-105
118,-364,186
118,-363,177
118,-362,-202
118,-360,167
118,-360,-200
118,-359,-325
118,-358,-323
118,-355,204
118,-355,6
118,-354,-327
118,-353,202
118,-353,30
118,-351,-17
118,-351,158
118,-350,170
118,-350,162
118,-348,-115
118,-347,247
118,-343,253
118,-343,-123
118,-341,-7
118,-335,32
118,-333,55
118,-332,255
118,-331,234
118,-330,218
118,-329,196
118,-329,-94
118,-328,259
118,-327,166
118,-318,177
118,-318,58
118,-317,173
118,-317,173
118,-316,269
118,-315,246
118,-314,267
118,-314,-115
118,-312,262
118,-311,254
118,-310,36
118,-310,-95
118,-307,2
118,-297,278
118,-294,-112
118,-293,-109
118,-291,62
118,-287,68
118,-283,47
118,-280,20
118,-279,16
118,-278,36
118,-261,105
118,-258,68
118,-248,-330
118,-245,-325
118,-242,111
118,-242,-290
118,-241,161
118,-238,-266
118,-238,-272
118,-236,-86
118,-234,-324
118,-231,-83
118,-231,-323
118,-229,-294
118,-227,238
118,-225,106
118,-225,100
118,-222,-296
118,-220,180
118,-213,93
118,-213,145
118,-210,87
118,-210,84
118,-210,-291
118,-209,-328
118,-207,199
118,-205,163
118,-204,202
118,-203,211
118,-202,-278
118,-202,152
118,-201,216
118,-201,-299
118,-198,151
118,-197,194
118,-197,-331
118,-196,-85
118,-195,-74
118,-195,-85
118,-192,233
118,-192,-307
118,-186,-288
118,-180,244
118,-173,106
118,-170,225
118,-169,233
118,-162,116
118,-158,-120
118,-152,-326
118,-150,105
118,-145,118
118,-140,56
118,-139,-123
118,-130,98
118,-129,-254
118,-127,86
118,-123,-297
118,-123,-120
118,-121,-328
118,-119,-173
118,-118,-275
118,-117,-157
118,-116,49
118,-110,-293
118,-104,-320
118,-104,-325
118,-103,-179
118,-100,-156
118,-98,-245
118,-97,-236
118,-92,-105
118,-88,-302
118,-87,-157
118,-87,-267
118,-85,-278
118,-84,-326
118,-82,-326
118,-79,-183
118,-74,78
118,-69,33
118,-64,-306
118,-59,-73
118,-59,-176
118,-58,-261
118,-58,-227
118,-57,274
118,-56,-298
118,-56,85
118,-53,-72
118,-52,276
118,-50,-192
118,-47,-329
118,-47,55
118,-41,41
118,-41,261
118,-41,236
118,-40,-104
118,-35,-144
118,-35,261
118,-35,-235
118,-34,260
118,-34,13
118,-33,-105
118,-30,8
118,-30,-281
118,-29,-259
118,-29,-71
118,-23,244
118,-23,-125
118,-21,259
118,-20,253
118,-20,-182
118,-19,-86
118,-16,57
118,-15,48
118,-11,50
118,-10,249
118,-9,-61
118,-7,-322
118,-2,-328
118,-1,-306
118,-0,48
118,0,0
118,0,0
118,0,0
118,0,0
118,0,0
118,0,0
118,0,0
118,0,0
118,0,0
118,0,0
118,0,0
118,0,0
118,0,0
118,0,0
118,0,0
118,0,0
118,0,0
118,0,0
118,0,0
118,0,0
118,0,0
118,0,0
118,0,0
118,1,1
118,1,1
118,1,1
118,1,1
118,1,1
118,2,-301
118,7,-307
118,7,-270
118,7,-206
118,10,-222
118,13,13
118,14,-301
118,17,-76
118,19,93
118,21,70
118,27,-101
118,28,-251
118,31,6
118,32,-267
118,32,-109
118,33,-271
118,33,-148
118,34,180
118,35,73
118,35,105
118,36,7
118,37,-70
118,39,-228
118,39,53
118,40,-249
118,40,0
118,42,186
118,43,-200
118,46,-236
118,46,136
118,47,-235
118,52,200
118,54,-176
118,56,-1
118,57,-211
118,60,-144
118,61,102
118,66,77
118,68,41
118,73,-63
118,75,-145
118,77,-104
118,80,-195
118,81,139
118,82,-0
118,86,37
118,90,3
118,90,99
118,94,-141
118,99,-39
118,106,129
118,107,-136
118,108,10
118,118,200
118,121,156
118,123,126
118,123,60
118,125,-97
118,127,176
118,131,105
118,133,50
118,143,-50
118,145,160
118,147,156
118,150,4
118,154,-20
118,156,165
118,158,136
118,163,60
118,164,5
118,172,-6
118,179,104
118,184,-30
118,187,-3
118,189,-39
118,190,99
118,195,-53
118,197,-50
118,198,80
118,199,-59
118,200,240
118,200,53
118,205,94
118,207,98
118,208,3
118,210,76
118,216,208
118,221,103
118,221,-86
118,225,4
118,226,212
118,229,133
118,231,-73
118,233,146
118,243,82
118,247,155
118,248,-77
118,249,40
118,255,3
118,257,69
118,266,123
118,270,39
118,282,-85
118,283,100
118,284,172
118,284,-46
118,285,-117
118,286,38
118,288,295
118,290,38
118,296,7
118,299,122
118,299,112
118,301,177
118,302,78
118,305,116
118,308,75
118,311,157
118,311,-74
118,314,343
118,314,-18
118,318,145
118,318,206
118,319,176
118,321,69
118,322,11
118,324,99
118,325,95
118,327,211
118,328,319
118,329,79
118,331,223
118,335,-12
118,341,223
118,341,191
118,344,18
118,345,57
118,345,89
118,348,-95
118,348,190
118,350,-78
118,352,-191
118,353,-152
118,356,328
118,359,161
118,360,-240
118,361,278
118,362,170
118,363,-181
118,366,317
118,368,-160
118,368,-77
118,368,-88
118,370,-4
118,372,-157
118,373,-153
118,373,189
118,377,216
118,378,-49
118,379,-229
118,382,-111
118,383,168
118,383,326
118,384,235
118,385,-205
118,386,-78
118,389,-149
118,389,104
118,390,111
118,390,-201
118,391,-114
118,392,77
118,394,331
118,395,-150
118,396,254
118,396,173
118,397,194
118,397,-175
118,398,-156
118,398,282
118,400,326
118,404,-235
118,407,68
118,408,192
118,408,144
118,410,15
118,410,-154
118,414,39
118,414,252
118,414,-78
118,415,-73
118,415,-221
118,415,74
118,417,9
118,419,-214
118,420,-84
118,425,-92
118,431,251
118,431,188
118,435,-321
118,436,42
118,437,-76
118,440,-271
118,440,134
118,441,-327
118,441,195
118,442,20
118,442,246
118,442,200
118,443,109
118,443,96
118,443,13
118,443,135
118,444,76
118,445,-252
118,445,154
118,445,-307
118,446,-319
118,446,123
118,450,155
118,451,108
118,453,-223
118,461,-44
118,463,242
118,464,-278
118,466,19
118,466,-260
118,467,-50
118,475,-240
118,478,-40
118,487,-48
118,495,-20
118,503,-211
118,507,-53
118,507,-38
118,510,-268
118,513,-25
118,515,-255
118,522,-227
118,524,-271
118,524,-43
118,527,-200
118,527,-258
118,529,-38
118,533,2
118,546,-274
118,546,-270
118,561,-287
118,573,-302
118,576,-278
118,578,-241
118,603,-230
118,623,-250
119,-537,288
119,-522,515
119,-515,31
119,-513,292
119,-513,318
119,-508,336
119,-502,-55
119,-500,283
119,-498,32
119,-494,-30
119,-492,33
119,-486,311
119,-484,25
119,-479,336
119,-474,-84
119,-460,279
119,-460,307
119,-459,559
119,-445,323
119,-439,269
119,-432,503
119,-429,467
119,-427,300
119,-420,347
119,-410,327
119,-409,280
119,-406,358
119,-404,398
119,-403,540
119,-400,319
119,-395,553
119,-388,310
119,-382,260
119,-381,264
119,-381,262
119,-380,269
119,-379,395
119,-373,289
119,-371,320
119,-367,355
119,-367,491
119,-366,91
119,-365,49
119,-360,37
119,-355,334
119,-351,380
119,-350,327
119,-349,-30
119,-345,492
119,-345,-376
119,-345,440
119,-343,365
119,-342,35
119,-339,-269
119,-336,403
119,-335,36
119,-334,289
119,-333,350
119,-331,327
119,-330,16
119,-329,-369
119,-328,-368
119,-327,497
119,-325,374
119,-322,425
119,-321,-77
119,-320,503
119,-318,350
119,-318,359
119,-318,421
119,-317,415
119,-316,411
119,-315,427
119,-314,506
119,-312,408
119,-308,407
119,-304,405
119,-301,-340
119,-296,404
119,-295,-269
119,-293,375
119,-293,-344
119,-289,371
119,-286,-334
119,-285,-320
119,-284,94
119,-282,602
119,-279,375
119,-277,404
119,-277,92
119,-275,-249
119,-270,-442
119,-267,551
119,-267,383
119,-265,38
119,-260,-187
119,-254,586
119,-254,584
119,-252,-166
119,-252,373
119,-251,-404
119,-250,-440
119,-247,6
119,-246,123
119,-240,-184
119,-236,87
119,-235,72
119,-235,54
119,-233,-266
119,-227,-15
119,-220,318
119,-215,39
119,-209,563
119,-206,-303
119,-204,561
119,-199,-150
119,-198,-331
119,-195,88
119,-194,-151
119,-193,-191
119,-192,-397
119,-189,394
119,-188,-77
119,-181,-375
119,-180,80
119,-179,-18
119,-178,-306
119,-178,-8
119,-178,-325
119,-178,-15
119,-176,-16
119,-175,-19
119,-174,-309
119,-170,366
119,-164,339
119,-164,151
119,-162,-357
119,-161,-113
119,-159,-149
119,-156,420
119,-153,122
119,-152,431
119,-148,333
119,-147,425
119,-140,9
119,-138,376
119,-134,-78
119,-132,-171
119,-132,-175
119,-131,-77
119,-130,-148
119,-129,-188
119,-129,-11
119,-127,-160
119,-126,435
119,-117,164
119,-115,395
119,-111,-32
119,-106,-93
119,-99,148
119,-97,-7
119,-89,376
119,-84,-149
119,-82,83
119,-80,501
119,-80,23
119,-72,452
119,-70,-110
119,-66,6
119,-61,179
119,-59,178
119,-58,182
119,-57,-155
119,-56,178
119,-56,440
119,-55,58
119,-54,147
119,-48,-51
119,-46,189
119,-44,-201
119,-44,41
119,-42,-16
119,-41,187
119,-34,-168
119,-34,-77
119,-32,-142
119,-31,453
119,-31,-146
119,-28,-356
119,-28,488
119,-22,441
119,-20,-189
119,-18,384
119,-18,401
119,-16,495
119,-14,61
119,-14,183
119,-13,-39
119,-10,366
119,-9,168
119,-7,68
119,-6,384
119,-5,409
119,-1,436
119,-1,461
119,-0,-161
119,-0,28
119,0,0
119,0,0
119,0,0
119,0,0
119,0,0
119,0,0
119,0,0
119,0,0
119,0,0
119,0,0
119,0,0
119,0,0
119,0,0
119,0,0
119,0,0
119,0,0
119,0,0
119,0,0
119,0,0
119,0,0
119,0,0
119,0,0
119,0,0
119,0,0
119,0,0
119,0,0
119,0,0
119,0,0
119,0,0
119,0,0
119,0,0
119,0,0
119,0,0
119,0,0
119,0,0
119,0,0
119,0,0
119,0,0
119,1,48
119,1,1
119,1,1
119,1,1
119,1,1
119,1,1
119,1,1
119,1,1
119,1,1
119,1,1
119,1,1
119,1,1
119,1,1
119,6,40
119,8,453
119,10,444
119,10,358
119,18,503
119,18,-349
119,19,502
119,23,-349
119,26,359
119,28,36
119,31,261
119,33,-39
119,35,412
119,35,-111
119,39,320
119,41,-355
119,43,28
119,43,-148
119,43,520
119,44,458
119,45,-110
119,45,-40
119,46,-133
119,47,518
119,50,-365
119,55,56
119,67,237
119,77,221
119,84,-42
119,84,225
119,87,199
119,93,-92
119,98,409
119,104,2
119,106,-64
119,110,404
119,111,201
119,112,373
119,115,-192
119,118,-197
119,122,326
119,122,560
119,124,-188
119,128,-54
119,131,596
119,135,5
119,138,571
119,145,-191
119,153,586
119,155,563
119,155,562
119,158,572
119,159,-410
119,161,-455
119,162,-410
119,175,168
119,183,41
119,185,131
119,186,-488
119,190,-30
119,190,-57
119,192,-236
119,195,-55
119,196,-274
119,196,37
119,197,-91
119,198,-278
119,199,-514
119,200,34
119,203,-448
119,204,-473
119,210,142
119,212,-428
119,212,-225
119,213,-232
119,225,278
119,230,-42
119,231,-49
119,237,39
119,240,-231
119,244,-279
119,247,250
119,248,22
119,251,-224
119,251,53
119,254,-208
119,256,-473
119,257,129
119,259,336
119,264,110
119,265,41
119,282,224
119,283,-258
119,285,243
119,286,-464
119,287,199
119,291,233
119,293,35
119,293,-281
119,295,-457
119,297,166
119,302,215
119,309,-258
119,311,188
119,311,65
119,318,-117
119,321,160
119,326,-85
119,329,221
119,329,-31
119,332,-399
119,333,230
119,336,-132
119,341,-33
119,342,-37
119,347,516
119,350,191
119,351,-140
119,352,69
119,353,53
119,355,150
119,359,-335
119,360,-404
119,361,32
119,361,159
119,367,-147
119,367,-48
119,376,181
119,378,187
119,382,183
119,400,67
119,404,162
119,405,-4
119,407,201
119,407,-279
119,408,-319
119,408,-319
119,408,-251
119,408,128
119,410,-165
119,411,-360
119,411,-146
119,411,-148
119,425,-272
119,425,-340
119,429,-25
119,433,44
119,433,-155
119,443,-317
119,444,154
119,444,-338
119,445,117
119,447,-355
119,448,186
119,448,-90
119,456,-357
119,471,44
119,477,-362
119,479,-32
119,481,-48
119,488,-164
119,489,238
119,492,-308
119,507,-159
119,507,43
119,513,54
119,514,107
119,515,-101
119,520,-140
119,522,437
119,530,334
119,535,602
119,536,43
119,537,630
119,539,365
119,541,329
119,547,348
119,548,600
119,552,590
119,559,296
119,560,444
119,565,618
119,565,3
119,566,482
119,569,6
119,577,-441
119,582,455
119,584,-388
119,584,130
119,585,600
119,586,-386
119,594,-418
119,599,167
119,604,-361
119,606,7
119,606,517
119,606,-337
119,609,-312
119,610,-320
119,613,-227
119,618,193
119,618,191
119,618,193
119,619,-347
119,620,670
119,623,-238
119,624,-20
119,628,644
119,629,172
119,629,-17
119,629,-446
119,630,-495
119,631,-498
119,631,-259
119,633,72
119,634,662
119,636,-406
119,642,-337
119,644,1
119,646,-48
119,646,644
119,651,648
119,658,-15
119,660,-420
119,660,-46
119,663,-424
119,663,-420
119,664,-424
119,666,-55
119,676,37
119,679,-480
119,681,523
119,684,6
119,704,566
119,706,-74
119,708,-7
119,714,-478
119,723,-397
119,724,-455
120,-435,352
120,-407,346
120,-380,388
120,-365,245
120,-359,320
120,-358,389
120,-356,351
120,-353,512
120,-330,325
120,-321,363
120,-303,365
120,-299,256
120,-298,244
120,-287,356
120,-282,254
120,-270,80
120,-266,48
120,-264,248
120,-263,237
120,-258,67
120,-252,68
120,-245,245
120,-241,223
120,-238,347
120,-227,286
120,-222,214
120,-214,210
120,-209,219
120,-207,204
120,-203,305
120,-200,400
120,-192,177
120,-187,214
120,-177,295
120,-174,339
120,-170,267
120,-164,143
120,-158,326
120,-154,190
120,-152,140
120,-151,290
120,-146,299
120,-144,32
120,-142,7
120,-136,220
120,-134,19
120,-133,282
120,-131,130
120,-126,-15
120,-125,294
120,-120,171
120,-119,-30
120,-105,-89
120,-104,77
120,-104,-361
120,-100,-374
120,-96,145
120,-91,11
120,-88,-89
120,-85,185
120,-83,1
120,-79,48
120,-78,-294
120,-77,-105
120,-75,-254
120,-74,69
120,-73,-297
120,-71,242
120,-70,129
120,-69,-339
120,-69,220
120,-69,293
120,-67,-361
120,-66,181
120,-66,-267
120,-65,-137
120,-65,-337
120,-65,-361
120,-63,179
120,-61,-336
120,-60,-230
120,-60,-340
120,-59,183
120,-55,309
120,-54,-161
120,-54,206
120,-54,-152
120,-47,-108
120,-47,-68
120,-46,151
120,-45,-185
120,-45,-139
120,-42,217
120,-39,71
120,-37,52
120,-35,237
120,-27,140
120,-27,139
120,-26,-277
120,-26,-173
120,-22,-163
120,-19,-227
120,-17,141
120,-12,155
120,-12,-333
120,-9,-137
120,0,0
120,0,0
120,0,0
120,0,0
120,0,0
120,0,0
120,0,0
120,0,0
120,0,0
120,0,0
120,0,0
120,0,0
120,0,0
120,0,0
120,0,0
120,0,0
120,0,0
120,0,0
120,0,0
120,0,0
120,0,0
120,0,0
120,0,0
120,0,0
120,0,0
120,0,0
120,0,0
120,0,0
120,0,0
120,1,1
120,1,1
120,1,1
120,1,1
120,1,1
120,1,1
120,1,1
120,1,1
120,1,1
120,1,1
120,1,1
120,1,1
120,1,1
120,1,1
120,1,1
120,1,1
120,1,1
120,3,-204
120,6,273
120,8,-324
120,20,-133
120,21,-348
120,23,-127
120,26,-299
120,26,-271
120,34,-134
120,42,202
120,42,163
120,43,211
120,47,-276
120,48,-207
120,49,213
120,49,-245
120,56,-192
120,61,-172
120,63,-322
120,66,167
120,75,-229
120,79,170
120,81,-281
120,81,179
120,83,-309
120,83,151
120,83,-176
120,88,184
120,93,-306
120,94,232
120,97,240
120,98,262
120,102,234
120,117,190
120,120,120
120,120,292
120,129,-172
120,136,232
120,140,237
120,146,184
120,149,215
120,152,-238
120,155,320
120,168,-170
120,171,-216
120,179,268
120,191,-200
120,191,199
120,197,271
120,199,-241
120,200,270
120,201,-234
120,201,-166
120,202,-200
120,204,-239
120,207,258
120,207,257
120,207,259
120,216,-198
120,218,-156
120,221,-240
120,222,354
120,222,195
120,223,-151
120,229,337
120,230,-288
120,231,-258
120,232,-327
120,235,-190
120,235,261
120,236,243
120,238,332
120,240,-123
120,242,-118
120,242,452
120,243,244
120,244,277
120,245,-236
120,246,-168
120,246,-197
120,249,426
120,249,381
120,250,-146
120,253,353
120,254,-190
120,254,429
120,256,-223
120,256,-216
120,257,-319
120,259,201
120,260,-240
120,265,-183
120,268,227
120,268,-335
120,268,361
120,272,-242
120,275,-338
120,277,365
120,281,225
120,281,-331
120,287,-338
120,292,-209
120,292,152
120,294,-183
120,297,-95
120,298,-97
120,299,-98
120,299,-294
120,301,-253
120,302,-96
120,303,-161
120,303,125
120,307,412
120,311,191
120,314,114
120,319,218
120,320,214
120,321,-91
120,322,407
120,324,126
120,327,-168
120,327,-321
120,327,-112
120,329,372
120,330,70
120,332,-39
120,334,-91
120,339,351
120,340,-295
120,340,178
120,341,-71
120,342,334
120,344,91
120,344,97
120,348,-111
120,348,-108
120,353,128
120,355,-45
120,358,-87
120,359,423
120,362,197
120,364,78
120,365,278
120,365,132
120,366,127
120,367,-28
120,370,52
120,370,345
120,373,266
120,374,265
120,374,-197
120,374,30
120,374,447
120,375,152
120,376,263
120,376,426
120,377,266
120,383,-35
120,386,173
120,388,359
120,389,322
120,390,24
120,393,62
120,396,359
120,397,-191
120,401,81
120,401,-226
120,404,-230
120,406,160
120,407,38
120,409,158
120,410,-311
120,413,-49
120,414,-203
120,416,41
120,417,-36
120,419,-233
120,419,-272
120,420,119
120,421,187
120,423,-110
120,426,164
120,436,163
120,439,-113
120,439,-283
120,440,349
120,443,-193
120,444,229
120,448,-154
120,451,-256
120,453,-55
120,459,-89
120,461,-281
120,462,-251
120,464,187
120,469,-258
120,469,169
120,473,-189
120,474,177
120,474,110
120,475,100
120,477,-336
120,478,100
120,480,-131
120,480,-286
120,481,122
120,481,122
120,482,-126
120,483,297
120,486,32
120,487,9
120,491,-282
120,492,-250
120,492,76
120,494,190
120,494,-188
120,498,141
120,499,172
120,500,-235
120,505,-258
120,507,44
120,510,57
120,511,-74
120,513,0
120,514,-192
120,515,4
120,521,197
120,522,11
120,528,-136
120,531,184
120,533,-64
120,536,-62
120,537,-64
120,537,-11
120,537,-11
120,544,-162
120,550,-93
120,565,24
120,582,-10
120,593,174
120,594,-25
120,597,199
120,598,-7
120,600,-314
120,600,-315
120,604,66
120,605,-316
120,661,-332
121,-529,237
121,-527,242
121,-525,156
121,-517,185
121,-515,156
121,-509,156
121,-508,151
121,-508,232
121,-505,226
121,-498,230
121,-489,244
121,-481,235
121,-479,111
121,-476,249
121,-471,234
121,-465,238
121,-465,127
121,-448,123
121,-445,-93
121,-445,273
121,-440,-125
121,-440,125
121,-438,115
121,-436,266
121,-436,-73
121,-435,-92
121,-431,-114
121,-430,-102
121,-426,47
121,-423,-63
121,-422,68
121,-420,47
121,-416,-140
121,-414,-10
121,-413,51
121,-410,-134
121,-407,65
121,-404,-139
121,-403,-139
121,-399,-133
121,-399,-132
121,-397,-142
121,-397,-128
121,-395,34
121,-393,-150
121,-391,-159
121,-382,-428
121,-381,293
121,-380,-156
121,-378,-162
121,-378,23
121,-377,-153
121,-376,-147
121,-373,416
121,-372,42
121,-367,5
121,-365,46
121,-364,397
121,-361,17
121,-360,-166
121,-359,312
121,-356,444
121,-355,-2
121,-351,322
121,-351,281
121,-350,-162
121,-348,139
121,-348,142
121,-347,442
121,-346,6
121,-344,53
121,-342,-183
121,-342,431
121,-342,329
121,-341,122
121,-340,333
121,-340,-210
121,-339,92
121,-336,188
121,-335,395
121,-335,416
121,-335,180
121,-334,430
121,-333,4
121,-332,-420
121,-331,-402
121,-330,-419
121,-326,379
121,-325,433
121,-325,471
121,-325,450
121,-324,430
121,-323,310
121,-320,375
121,-319,-401
121,-317,352
121,-317,454
121,-317,-408
121,-316,352
121,-316,-11
121,-314,332
121,-312,-15
121,-310,-419
121,-308,447
121,-307,294
121,-305,-2
121,-301,-7
121,-300,258
121,-293,217
121,-293,196
121,-290,237
121,-288,439
121,-286,538
121,-286,490
121,-285,-5
121,-284,240
121,-281,247
121,-281,209
121,-278,0
121,-276,221
121,-276,48
121,-274,48
121,-274,47
121,-273,38
121,-272,3
121,-272,538
121,-269,533
121,-269,14
121,-268,0
121,-266,52
121,-264,32
121,-264,577
121,-263,29
121,-263,29
121,-258,48
121,-255,-68
121,-252,-5
121,-250,-84
121,-250,-385
121,-249,-364
121,-240,-395
121,-235,-85
121,-234,554
121,-233,564
121,-232,-65
121,-227,-413
121,-226,-350
121,-223,-80
121,-222,19
121,-221,61
121,-221,42
121,-221,-69
121,-219,14
121,-216,-388
121,-216,-421
121,-216,-379
121,-215,51
121,-215,79
121,-212,80
121,-209,42
121,-209,-81
121,-209,60
121,-204,85
121,-204,-78
121,-201,76
121,-201,90
121,-198,-89
121,-197,34
121,-196,82
121,-195,-385
121,-194,-431
121,-186,-271
121,-186,46
121,-180,44
121,-179,-347
121,-175,-283
121,-165,-340
121,-162,41
121,-159,-99
121,-155,-444
121,-145,-457
121,-142,-286
121,-138,-93
121,-138,-459
121,-137,-91
121,-135,-280
121,-133,-457
121,-133,-320
121,-131,38
121,-130,-255
121,-129,27
121,-125,-243
121,-123,-328
121,-122,-299
121,-120,41
121,-118,-260
121,-113,62
121,-111,-344
121,-110,-234
121,-106,61
121,-104,-358
121,-103,57
121,-97,-356
121,-97,-215
121,-95,-217
121,-93,-192
121,-92,76
121,-92,-234
121,-91,54
121,-91,-364
121,-90,-159
121,-89,-315
121,-87,-354
121,-86,-203
121,-86,47
121,-84,-177
121,-81,-136
121,-78,-159
121,-76,-340
121,-76,-313
121,-76,-312
121,-75,87
121,-74,-349
121,-71,-199
121,-71,82
121,-68,-159
121,-66,80
121,-58,-117
121,-50,72
121,-49,47
121,-46,-137
121,-44,13
121,-44,-130
121,-43,101
121,-42,109
121,-42,-129
121,-39,-120
121,-37,-128
121,-35,49
121,-34,-124
121,-33,-130
121,-31,-415
121,-30,24
121,-29,-133
121,-29,79
121,-29,-390
121,-27,-107
121,-26,90
121,-25,-137
121,-25,69
121,-23,-78
121,-23,-74
121,-22,55
121,-22,23
121,-18,15
121,-17,-416
121,-17,-446
121,-15,-97
121,-13,-93
121,-8,-43
121,-7,-131
121,-7,-448
121,-7,-14
121,-5,-130
121,-5,35
121,-5,112
121,-4,-390
121,-3,44
121,-3,-53
121,-2,-169
121,-2,28
121,-1,-97
121,0,0
121,0,0
121,0,0
121,0,0
121,0,0
121,0,0
121,0,0
121,0,0
121,0,0
121,0,0
121,0,-101
121,1,1
121,1,1
121,1,1
121,1,1
121,1,1
121,1,-130
121,4,-428
121,8,59
121,9,-23
121,15,-21
121,17,-145
121,17,-53
121,18,-334
121,18,-333
121,20,109
121,21,120
121,23,-420
121,23,97
121,30,72
121,34,-43
121,34,20
121,37,4
121,38,61
121,39,-29
121,40,118
121,41,53
121,42,73
121,42,-37
121,44,138
121,48,85
121,50,-445
121,51,22
121,51,95
121,52,-138
121,53,-12
121,61,49
121,65,40
121,65,-344
121,69,56
121,69,24
121,70,78
121,72,81
121,75,90
121,83,-151
121,87,87
121,88,40
121,94,-157
121,96,-431
121,98,-338
121,106,-332
121,106,-175
121,115,-167
121,115,-153
121,117,-316
121,125,-315
121,126,-145
121,127,-158
121,141,-133
121,149,-393
121,157,-116
121,165,-397
121,171,-130
121,176,-136
121,183,-136
121,184,-404
121,188,-377
121,192,-394
121,197,-353
121,207,-307
121,216,-324
121,216,-146
121,229,-145
121,231,284
121,233,-309
121,235,-338
121,237,-156
121,240,283
121,241,-339
121,242,-337
121,244,-359
121,246,-187
121,249,-190
121,253,-287
121,253,275
121,254,281
121,254,-175
121,258,-148
121,261,-267
121,262,-194
121,268,15
121,271,-127
121,273,46
121,273,8
121,277,34
121,277,278
121,278,-123
121,278,-218
121,279,282
121,281,-244
121,283,-282
121,283,41
121,283,-225
121,288,13
121,292,160
121,294,63
121,296,-232
121,297,-124
121,300,130
121,306,174
121,312,159
121,317,76
121,318,157
121,320,187
121,320,229
121,322,224
121,331,172
121,332,-143
121,332,243
121,334,-286
121,335,187
121,340,-133
121,346,216
121,347,-138
121,348,226
121,348,207
121,351,-592
121,353,-307
121,353,-280
121,359,-583
121,360,-559
121,365,-318
121,365,-612
121,366,203
121,368,-572
121,368,-287
121,369,-294
121,376,-550
121,376,-290
121,381,-281
121,381,-610
121,382,-322
121,393,-36
121,394,-635
121,400,-273
121,401,-178
121,409,-267
121,411,-146
121,411,-639
121,413,-296
121,415,-37
121,417,-206
121,417,-307
121,419,-299
121,422,-116
121,423,-201
121,424,-273
121,426,-649
121,427,-31
121,427,-308
121,428,-232
121,430,-54
121,430,-220
121,431,-246
121,433,-480
121,437,-641
121,439,-615
121,440,-589
121,441,-462
121,441,3
121,441,-620
121,442,-610
121,443,-37
121,445,1
121,451,-632
121,451,-632
121,455,-592
121,455,-452
121,459,-451
121,461,-363
121,463,-183
121,468,-271
121,469,-531
121,469,-379
121,470,-517
121,474,-528
121,476,-496
121,479,-473
121,479,-527
121,485,-454
121,485,-556
121,495,-479
121,501,-581
121,510,-184
121,512,-489
121,512,-486
121,519,-471
121,559,-180
121,582,-168
121,598,-197
121,598,-125
121,600,-147
121,605,-138
121,635,-151
121,640,-184
122,-303,-51
122,-288,-13
122,-282,-29
122,-281,-83
122,-275,12
122,-273,-5
122,-270,-17
122,-263,-45
122,-257,9
122,-255,-47
122,-255,-49
122,-251,-10
122,-250,-74
122,-248,-23
122,-233,24
122,-230,-79
122,-228,-42
122,-227,-17
122,-218,-48
122,-217,41
122,-212,-18
122,-205,102
122,-202,-46
122,-202,79
122,-200,-38
122,-195,51
122,-193,-53
122,-190,-34
122,-190,-33
122,-187,-53
122,-187,-54
122,-186,-54
122,-186,-54
122,-186,-55
122,-185,-12
122,-185,-56
122,-185,116
122,-180,113
122,-179,-9
122,-175,100
122,-172,71
122,-168,6
122,-164,9
122,-164,-21
122,-163,-98
122,-162,85
122,-161,20
122,-160,-78
122,-159,50
122,-156,65
122,-156,118
122,-150,109
122,-150,-64
122,-149,27
122,-146,-84
122,-146,7
122,-145,-56
122,-145,-84
122,-145,116
122,-145,-96
122,-143,102
122,-142,38
122,-140,-94
122,-138,71
122,-133,136
122,-132,64
122,-129,43
122,-128,107
122,-127,49
122,-121,60
122,-120,-67
122,-120,-67
122,-114,44
122,-114,-42
122,-112,131
122,-111,95
122,-109,78
122,-109,39
122,-109,49
122,-109,-5
122,-108,-36
122,-102,-2
122,-100,-90
122,-99,-64
122,-98,-13
122,-97,1
122,-94,-85
122,-86,-6
122,-85,-96
122,-80,-6
122,-79,60
122,-72,19
122,-72,19
122,-60,-121
122,-59,-121
122,-51,5
122,-51,-122
122,-48,-119
122,-47,-51
122,-44,-122
122,-43,-123
122,-43,-123
122,-43,-123
122,-43,-124
122,-41,1
122,-40,-36
122,-38,-10
122,-37,-123
122,-30,-109
122,-28,114
122,-24,117
122,-23,120
122,-20,-99
122,-18,12
122,-11,96
122,-9,13
122,-3,-28
122,-1,-68
122,-1,-122
122,0,-37
122,4,18
122,5,131
122,10,99
122,12,12
122,18,-38
122,22,-117
122,24,108
122,25,120
122,26,103
122,31,-9
122,32,13
122,37,-3
122,43,-124
122,43,-97
122,44,-94
122,44,-95
122,44,-93
122,44,-93
122,44,-52
122,44,-97
122,44,-98
122,45,-95
122,46,-36
122,50,-41
122,51,-31
122,51,431
122,52,-98
122,55,-111
122,57,4
122,59,-44
122,59,19
122,60,25
122,61,-49
122,69,21
122,74,-99
122,80,-8
122,83,62
122,90,-12
122,94,-90
122,96,2
122,98,-97
122,99,-64
122,102,-115
122,102,1
122,104,79
122,105,-115
122,108,29
122,114,47
122,116,132
122,119,42
122,119,52
122,119,-63
122,120,96
122,121,-50
122,122,-65
122,126,51
122,128,-50
122,129,44
122,134,136
122,138,65
122,138,24
122,140,-85
122,141,-84
122,142,103
122,143,-89
122,144,72
122,147,6
122,147,25
122,148,91
122,151,108
122,152,69
122,152,-68
122,155,124
122,156,-72
122,158,-111
122,159,-88
122,160,-98
122,161,51
122,161,62
122,164,75
122,165,17
122,169,-21
122,169,-2
122,172,-3
122,175,105
122,177,75
122,179,-20
122,181,-28
122,182,107
122,185,-7
122,189,-37
122,199,82
122,199,-55
122,200,-25
122,201,101
122,209,65
122,216,36
122,219,-16
122,220,-41
122,222,-39
122,222,-100
122,224,-47
122,225,-10
122,234,27
122,237,-69
122,238,-18
122,249,-43
122,249,-74
122,250,6
122,250,-13
122,253,-12
122,255,-50
122,259,-46
122,265,20
122,271,-13
122,280,-6
122,282,-83
122,286,-39
122,305,-68
123,-654,-23
123,-637,-30
123,-635,60
123,-634,17
123,-631,-27
123,-627,27
123,-625,-26
123,-621,-28
123,-614,-11
123,-607,36
123,-600,4
123,-596,-21
123,-592,1
123,-589,-104
123,-587,-69
123,-587,-47
123,-587,106
123,-579,129
123,-578,-82
123,-577,-83
123,-574,-93
123,-570,21
123,-569,-112
123,-567,-64
123,-564,21
123,-562,-58
123,-559,-121
123,-545,-495
123,-542,-129
123,-541,202
123,-540,166
123,-540,-503
123,-539,-505
123,-538,193
123,-536,-536
123,-526,-126
123,-516,-109
123,-515,-542
123,-514,-118
123,-511,-78
123,-510,177
123,-508,179
123,-508,179
123,-500,217
123,-499,-203
123,-499,209
123,-495,222
123,-491,-219
123,-466,-422
123,-460,-69
123,-460,273
123,-457,-345
123,-455,-338
123,-452,-420
123,-445,-333
123,-443,-248
123,-443,-457
123,-436,-266
123,-433,-235
123,-426,-337
123,-426,-293
123,-424,-325
123,-424,-22
123,-422,-291
123,-421,-288
123,-421,-240
123,-417,-339
123,-415,-238
123,-414,148
123,-411,146
123,-410,-227
123,-407,-391
123,-406,-378
123,-405,-398
123,-401,-194
123,-400,-22
123,-396,-191
123,-392,140
123,-389,-381
123,-389,-330
123,-384,-390
123,-384,-390
123,-384,-390
123,-384,-530
123,-382,-524
123,-382,11
123,-382,-82
123,-382,-539
123,-382,-516
123,-380,222
123,-378,-72
123,-378,223
123,-372,-63
123,-364,-357
123,-362,-410
123,-361,-191
123,-355,-409
123,-350,-374
123,-346,-404
123,-345,-470
123,-345,-343
123,-344,-105
123,-339,-370
123,-338,-367
123,-337,-367
123,-337,-446
123,-336,-366
123,-335,-440
123,-331,-12
123,-323,-6
123,-323,5
123,-321,-0
123,-319,-436
123,-317,-357
123,-314,-100
123,-311,15
123,-311,2
123,-310,-422
123,-309,-4
123,-309,-372
123,-309,182
123,-308,-17
123,-308,-442
123,-306,-142
123,-303,25
123,-303,63
123,-302,208
123,-302,208
123,-300,200
123,-300,25
123,-298,156
123,-297,-98
123,-297,-135
123,-295,-440
123,-294,169
123,-293,-134
123,-293,-16
123,-291,-54
123,-280,16
123,-279,-59
123,-279,-378
123,-277,1
123,-277,-359
123,-273,-429
123,-273,-355
123,-272,58
123,-266,137
123,-266,-24
123,-265,-12
123,-264,-68
123,-263,63
123,-263,109
123,-262,266
123,-262,110
123,-259,-96
123,-258,-415
123,-255,-61
123,-252,-406
123,-251,-385
123,-251,-181
123,-249,-382
123,-246,-180
123,-245,-380
123,-243,384
123,-242,405
123,-242,60
123,-241,-380
123,-241,405
123,-239,406
123,-238,-366
123,-237,-381
123,-234,-383
123,-234,486
123,-228,-197
123,-228,-360
123,-227,-387
123,-226,-379
123,-226,53
123,-225,-392
123,-224,53
123,-224,-358
123,-223,353
123,-222,-124
123,-221,467
123,-221,-248
123,-221,-407
123,-219,-183
123,-217,-266
123,-216,-151
123,-215,-109
123,-214,-385
123,-213,59
123,-211,-102
123,-210,418
123,-206,-326
123,-205,390
123,-203,362
123,-203,489
123,-201,-373
123,-199,-418
123,-193,405
123,-192,441
123,-192,477
123,-191,-219
123,-189,25
123,-186,-213
123,-184,-135
123,-183,-167
123,-183,-55
123,-182,-405
123,-182,-160
123,-181,-59
123,-179,-91
123,-178,-71
123,-178,-214
123,-177,125
123,-177,-396
123,-176,-222
123,-175,130
123,-170,359
123,-165,-326
123,-160,-422
123,-149,349
123,-149,-179
123,-147,-147
123,-143,206
123,-142,-16
123,-140,271
123,-140,382
123,-140,-489
123,-139,275
123,-138,208
123,-138,27
123,-137,255
123,-136,-18
123,-133,223
123,-132,-14
123,-132,240
123,-132,200
123,-131,17
123,-131,-70
123,-130,-319
123,-130,-121
123,-128,-87
123,-123,-67
123,-122,221
123,-121,-420
123,-120,-137
123,-119,-83
123,-119,206
123,-119,-18
123,-118,-116
123,-114,195
123,-114,219
123,-113,414
123,-113,-76
123,-112,219
123,-112,-121
123,-110,-112
123,-109,-102
123,-109,438
123,-108,-505
123,-105,-95
123,-102,-502
123,-99,-81
123,-96,423
123,-96,416
123,-95,423
123,-93,421
123,-93,299
123,-90,433
123,-89,403
123,-88,-110
123,-87,-180
123,-86,402
123,-84,-379
123,-83,-379
123,-80,-88
123,-80,-108
123,-79,-103
123,-78,-102
123,-75,301
123,-75,-68
123,-74,-61
123,-70,-183
123,-69,-123
123,-68,-131
123,-67,-184
123,-67,-214
123,-64,-218
123,-64,-216
123,-64,-181
123,-63,-460
123,-62,145
123,-61,-453
123,-60,156
123,-60,-224
123,-59,-453
123,-58,132
123,-56,136
123,-54,105
123,-54,-176
123,-50,-180
123,-29,-423
123,-24,-420
123,-23,314
123,-23,104
123,-23,144
123,-23,92
123,-22,-472
123,-22,342
123,-22,-86
123,-22,-86
123,-21,-423
123,-21,271
123,-21,-469
123,-20,-113
123,-20,-458
123,-20,96
123,-17,94
123,-17,-429
123,-17,-478
123,-17,290
123,-17,-108
123,-16,-106
123,-16,-103
123,-15,-461
123,-4,-500
123,-0,-503
123,0,0
123,0,0
123,0,0
123,0,0
123,0,0
123,0,0
123,0,0
123,0,0
123,0,0
123,0,0
123,0,0
123,0,0
123,0,0
123,0,0
123,0,0
123,0,0
123,0,0
123,0,0
123,0,0
123,0,0
123,0,0
123,0,0
123,0,0
123,0,0
123,1,1
123,1,1
123,1,1
123,1,1
123,1,1
123,4,-498
123,9,-499
123,13,135
123,15,187
123,19,288
123,20,172
123,22,234
123,24,256
123,24,138
123,26,138
123,28,175
123,30,242
123,36,138
123,36,229
123,37,279
123,37,240
123,39,260
123,42,245
123,42,256
123,47,255
123,47,218
123,50,245
123,56,297
123,61,285
123,72,438
123,77,430
123,89,294
123,93,426
123,93,440
123,99,313
123,103,222
123,104,329
123,114,435
123,122,219
123,138,216
123,145,221
123,149,499
123,174,505
123,198,247
123,199,246
123,199,236
123,236,196
123,252,198
123,277,210
123,278,289
123,290,201
123,292,244
123,294,269
123,313,276
123,313,216
123,315,231
123,321,230
123,326,229
123,327,240
123,330,285
123,331,292
123,334,176
123,335,299
123,338,297
123,341,275
123,341,227
123,342,275
123,346,194
123,346,277
123,349,281
123,349,254
123,353,212
123,357,212
123,357,153
123,360,211
123,364,210
123,365,291
123,365,247
123,367,212
123,369,175
123,376,158
123,376,348
123,377,353
123,380,337
123,384,232
123,385,262
123,392,286
123,393,208
123,394,158
123,396,298
123,396,277
123,399,249
123,401,240
123,403,297
123,408,301
123,411,231
123,413,169
123,414,163
123,415,149
123,416,228
123,424,151
123,429,181
123,434,266
123,439,152
123,440,146
123,443,339
123,445,130
123,451,339
123,456,180
123,459,298
123,460,154
123,460,111
123,460,235
123,461,240
123,461,78
123,462,141
123,462,358
123,463,91
123,464,304
123,464,168
123,466,109
123,471,157
123,472,222
123,474,220
123,476,156
123,477,175
123,481,157
123,491,303
123,491,169
123,494,126
123,494,300
123,507,136
123,538,187
123,538,185
123,541,165
123,547,175
124,-506,-140
124,-504,-127
124,-500,-119
124,-500,-116
124,-497,-116
124,-496,-183
124,-494,-184
124,-473,-141
124,-472,-219
124,-468,-226
124,-465,-145
124,-463,-190
124,-462,-195
124,-462,-183
124,-461,-302
124,-458,-279
124,-457,-157
124,-457,-309
124,-457,-226
124,-456,-224
124,-436,-140
124,-418,-205
124,-418,-235
124,-418,-248
124,-417,-211
124,-416,-234
124,-406,-98
124,-399,-99
124,-389,-103
124,-388,-304
124,-387,-21
124,-385,-305
124,-385,-304
124,-385,-304
124,-384,-388
124,-383,-102
124,-382,28
124,-381,4
124,-379,8
124,-369,-396
124,-363,-407
124,-354,18
124,-350,-219
124,-348,-215
124,-347,-218
124,-346,-214
124,-340,-6
124,-320,-118
124,-317,-437
124,-308,59
124,-305,101
124,-304,-128
124,-299,-442
124,-299,59
124,-297,71
124,-296,-433
124,-296,26
124,-295,54
124,-285,-146
124,-284,-371
124,-281,-395
124,-278,-142
124,-278,-358
124,-277,-380
124,-276,59
124,-275,-449
124,-275,-177
124,-274,-364
124,-273,102
124,-273,-185
124,-270,-452
124,-267,-439
124,-266,186
124,-265,60
124,-262,-439
124,-262,149
124,-262,32
124,-257,186
124,-255,110
124,-253,-161
124,-249,-364
124,-246,61
124,-244,19
124,-244,-365
124,-242,-400
124,-231,-363
124,-228,-103
124,-227,140
124,-224,24
124,-223,179
124,-222,-257
124,-221,5
124,-219,4
124,-218,-151
124,-218,-152
124,-217,-265
124,-212,-311
124,-208,184
124,-207,178
124,-205,178
124,-202,-315
124,-200,-314
124,-197,-475
124,-196,-433
124,-193,-455
124,-192,-440
124,-187,-106
124,-186,94
124,-185,-103
124,-183,88
124,-182,-184
124,-180,30
124,-177,23
124,-174,24
124,-174,-97
124,-173,-467
124,-164,142
124,-164,-99
124,-162,142
124,-160,-20
124,-159,-477
124,-159,50
124,-155,39
124,-154,-341
124,-153,-20
124,-150,38
124,-148,-346
124,-144,11
124,-141,49
124,-140,15
124,-139,124
124,-137,-425
124,-137,-176
124,-133,-15
124,-131,33
124,-131,-419
124,-130,47
124,-121,48
124,-114,32
124,-112,26
124,-105,-56
124,-105,58
124,-103,25
124,-101,-182
124,-99,-56
124,-99,-181
124,-99,-180
124,-98,85
124,-95,97
124,-92,149
124,-87,-320
124,-85,243
124,-85,160
124,-84,22
124,-84,245
124,-83,167
124,-79,-221
124,-78,-329
124,-75,246
124,-71,22
124,-69,-179
124,-65,-101
124,-64,-215
124,-62,10
124,-62,46
124,-61,-286
124,-57,-392
124,-57,-399
124,-55,-96
124,-54,-122
124,-53,-66
124,-52,-111
124,-49,-67
124,-49,-130
124,-45,-123
124,-43,-341
124,-39,-333
124,-39,-111
124,-38,-288
124,-37,-119
124,-36,60
124,-33,59
124,-32,-348
124,-31,-371
124,-31,-63
124,-31,-118
124,-27,-92
124,-26,-404
124,-23,-100
124,-23,-149
124,-22,-47
124,-21,-145
124,-20,-351
124,-20,-39
124,-19,-11
124,-17,-329
124,-16,-148
124,-15,63
124,-13,-100
124,-12,-101
124,-12,-123
124,-10,-73
124,-7,-464
124,-6,-96
124,-6,-74
124,-5,-400
124,-5,-139
124,-5,-400
124,-3,-109
124,-1,-437
124,0,0
124,0,0
124,0,0
124,0,0
124,0,0
124,0,0
124,0,0
124,0,0
124,0,0
124,0,0
124,0,0
124,0,0
124,0,0
124,0,0
124,0,0
124,0,0
124,0,0
124,0,0
124,0,0
124,0,0
124,0,0
124,0,0
124,0,0
124,0,0
124,0,0
124,0,0
124,0,0
124,1,-65
124,1,1
124,1,1
124,1,1
124,1,1
124,1,1
124,2,-435
124,8,-134
124,9,-89
124,9,-90
124,13,-116
124,14,-414
124,16,-210
124,17,-402
124,17,-216
124,17,-455
124,18,-431
124,19,-234
124,21,-437
124,25,-424
124,25,-424
124,32,-334
124,32,-408
124,33,-353
124,34,-435
124,37,-315
124,38,-346
124,38,-383
124,39,128
124,39,252
124,42,253
124,43,129
124,45,230
124,49,-466
124,54,-379
124,56,-425
124,60,-270
124,60,-91
124,61,-71
124,66,-262
124,69,-388
124,73,203
124,74,-101
124,74,-405
124,76,183
124,82,198
124,105,-264
124,109,-263
124,117,-396
124,121,-231
124,129,-237
124,139,117
124,140,129
124,140,127
124,144,-121
124,148,-213
124,158,-524
124,158,-125
124,162,-136
124,165,-101
124,170,-156
124,174,-520
124,175,-106
124,177,-468
124,179,-452
124,180,-123
124,180,-109
124,184,103
124,186,-150
124,187,-119
124,187,-148
124,189,-136
124,190,-181
124,191,95
124,192,-162
124,196,-98
124,197,52
124,201,-212
124,201,-495
124,202,46
124,203,83
124,203,-142
124,204,83
124,204,-102
124,205,36
124,205,83
124,206,59
124,207,-196
124,208,-94
124,209,-110
124,209,-169
124,209,-91
124,211,-101
124,215,80
124,217,-88
124,217,-83
124,217,-190
124,218,46
124,220,-229
124,221,-81
124,221,-227
124,222,45
124,223,-502
124,226,-229
124,227,47
124,227,-169
124,229,-105
124,229,-106
124,232,-101
124,232,-279
124,233,73
124,233,-256
124,234,-121
124,236,-232
124,236,-100
124,237,-83
124,238,-251
124,241,-256
124,245,85
124,246,-186
124,246,-156
124,246,-152
124,246,-184
124,249,-404
124,250,-489
124,252,-527
124,252,-13
124,258,-4
124,262,-423
124,263,-505
124,263,-178
124,264,-190
124,268,-450
124,269,-461
124,271,-442
124,272,-494
124,272,-165
124,275,-179
124,277,-164
124,277,-196
124,279,-395
124,285,-503
124,285,-299
124,296,-506
124,297,-207
124,298,-519
124,298,-445
124,298,-327
124,304,-208
124,305,-449
124,309,-148
124,311,-575
124,316,-407
124,317,-391
124,319,-519
124,320,-558
124,322,-496
124,323,-434
124,326,-377
124,335,-557
124,335,-501
124,335,-427
124,338,-554
124,339,-432
124,347,-589
124,348,-572
124,348,-539
124,351,-519
124,351,-522
124,357,-522
124,359,-541
124,362,-503
124,364,-396
124,367,-397
124,369,-473
124,371,-470
124,371,-460
124,373,-585
124,376,-503
124,377,-482
124,394,-525
124,399,-467
124,414,-507
124,419,-388
124,425,-514
124,441,-517
124,501,-520
124,517,-433
124,520,-414
124,532,-435
124,539,-435
124,541,-398
124,544,-436
124,546,-399
124,547,-345
124,548,-433
124,557,-421
124,561,-398
124,563,-402
124,566,-339
124,569,-405
125,-889,-522
125,-881,-478
125,-862,-658
125,-859,-631
125,-855,-520
125,-847,-645
125,-846,-696
125,-844,-559
125,-843,-400
125,-841,-452
125,-833,-468
125,-827,-570
125,-821,-488
125,-820,-459
125,-805,-498
125,-805,-367
125,-798,-631
125,-793,-483
125,-786,-357
125,-782,-685
125,-779,-693
125,-772,-736
125,-770,-392
125,-766,-673
125,-757,-762
125,-754,-554
125,-754,-651
125,-751,-412
125,-750,-573
125,-746,-570
125,-746,-699
125,-736,-571
125,-731,-371
125,-730,-636
125,-728,-712
125,-719,-632
125,-710,-592
125,-710,-543
125,-700,-612
125,-686,-702
125,-679,-629
125,-679,-303
125,-675,-657
125,-665,-682
125,-665,-565
125,-654,-343
125,-652,-342
125,-649,-582
125,-648,-687
125,-643,-360
125,-640,-273
125,-638,-619
125,-636,-580
125,-634,-300
125,-610,-40
125,-604,-563
125,-602,-293
125,-595,-325
125,-580,-367
125,-579,-601
125,-575,-387
125,-567,-448
125,-565,170
125,-561,184
125,-553,167
125,-549,-88
125,-545,-49
125,-543,208
125,-537,-44
125,-532,102
125,-527,-446
125,-526,48
125,-524,-83
125,-524,-639
125,-523,117
125,-520,-608
125,-519,-517
125,-516,-91
125,-516,-486
125,-514,163
125,-507,181
125,-504,108
125,-504,-38
125,-503,225
125,-501,-50
125,-501,-478
125,-499,-508
125,-497,214
125,-496,190
125,-492,102
125,-490,-632
125,-489,-650
125,-488,275
125,-488,-12
125,-488,-477
125,-487,-490
125,-478,-596
125,-477,-525
125,-475,272
125,-474,262
125,-472,213
125,-472,78
125,-470,-46
125,-467,-662
125,-461,-715
125,-461,-554
125,-459,162
125,-459,-557
125,-457,-710
125,-452,141
125,-452,-683
125,-451,-293
125,-450,-545
125,-447,-49
125,-444,43
125,-443,289
125,-443,289
125,-441,-671
125,-432,164
125,-426,207
125,-424,147
125,-419,-293
125,-419,173
125,-414,-270
125,-414,109
125,-409,301
125,-407,-540
125,-401,257
125,-400,215
125,-400,72
125,-398,-317
125,-392,-294
125,-389,-289
125,-382,-557
125,-379,-56
125,-378,-442
125,-377,-577
125,-373,191
125,-371,-100
125,-370,-419
125,-369,300
125,-366,288
125,-366,-393
125,-361,-155
125,-360,159
125,-356,-404
125,-355,-591
125,-355,78
125,-347,-585
125,-343,296
125,-342,-114
125,-342,242
125,-338,-128
125,-336,263
125,-333,-19
125,-332,-591
125,-332,-143
125,-330,-571
125,-330,117
125,-329,-111
125,-328,277
125,-328,-119
125,-328,-115
125,-325,-465
125,-321,-454
125,-321,123
125,-320,-228
125,-317,283
125,-315,-491
125,-312,146
125,-311,-245
125,-311,212
125,-309,-162
125,-305,-327
125,-305,63
125,-304,250
125,-303,-608
125,-298,22
125,-297,-582
125,-297,181
125,-294,82
125,-293,-335
125,-289,15
125,-286,-542
125,-285,57
125,-285,-363
125,-280,61
125,-278,-84
125,-276,352
125,-275,-373
125,-275,-522
125,-273,-602
125,-268,-305
125,-267,-12
125,-266,89
125,-263,52
125,-262,50
125,-262,-294
125,-261,-342
125,-258,116
125,-257,-117
125,-252,-26
125,-252,-527
125,-250,-356
125,-244,-490
125,-244,-362
125,-242,-672
125,-242,-510
125,-239,-650
125,-239,276
125,-238,-674
125,-238,-490
125,-235,-515
125,-235,133
125,-231,-50
125,-225,-635
125,-224,-319
125,-223,-206
125,-222,124
125,-221,-366
125,-212,-141
125,-212,-53
125,-211,-351
125,-207,-671
125,-207,321
125,-205,-120
125,-205,-685
125,-204,-128
125,-195,-640
125,-192,-381
125,-191,336
125,-189,-41
125,-187,238
125,-182,141
125,-181,123
125,-180,-98
125,-179,-64
125,-178,-388
125,-177,-35
125,-177,-151
125,-172,173
125,-168,-328
125,-163,-413
125,-158,-111
125,-155,-142
125,-154,102
125,-153,-448
125,-146,-423
125,-141,-60
125,-141,95
125,-136,209
125,-131,307
125,-130,-419
125,-129,-51
125,-128,-139
125,-120,277
125,-119,20
125,-116,-83
125,-114,12
125,-114,-224
125,-113,225
125,-109,-16
125,-109,307
125,-107,74
125,-107,-140
125,-104,-41
125,-100,29
125,-100,-124
125,-99,-248
125,-96,62
125,-96,-143
125,-87,-214
125,-84,450
125,-81,61
125,-79,-182
125,-79,402
125,-76,108
125,-76,436
125,-74,78
125,-72,-134
125,-71,232
125,-71,51
125,-67,157
125,-61,-122
125,-59,20
125,-59,19
125,-58,241
125,-55,86
125,-53,396
125,-49,-88
125,-48,-80
125,-48,180
125,-46,-183
125,-45,113
125,-40,19
125,-37,180
125,-32,282
125,-30,-183
125,-29,-116
125,-28,-160
125,-27,-45
125,-27,-102
125,-25,349
125,-24,-67
125,-22,24
125,-20,190
125,-19,101
125,-17,-62
125,-14,122
125,-13,128
125,-12,-3
125,-8,-257
125,-5,-9
125,-2,37
125,-1,19
125,-0,333
125,0,0
125,0,0
125,0,0
125,0,0
125,0,0
125,0,0
125,0,0
125,0,0
125,0,0
125,0,0
125,0,0
125,0,0
125,0,0
125,0,0
125,0,0
125,0,-272
125,1,1
125,1,1
125,1,1
125,1,1
125,1,1
125,2,-235
125,6,96
125,6,67
125,7,-99
125,10,-80
125,11,74
125,12,140
125,14,203
125,15,73
125,28,-228
125,34,88
125,36,-98
125,38,-102
125,39,-107
125,40,-250
125,47,117
125,50,7
125,57,14
125,70,35
125,70,-23
125,71,192
125,78,250
125,78,-80
125,78,70
125,84,272
125,99,116
125,100,-155
125,100,70
125,108,-174
125,113,-82
125,117,-196
125,119,127
125,120,185
125,127,-226
125,128,-22
125,130,187
125,132,-17
125,133,-5
125,133,231
125,138,-206
125,138,-29
125,146,243
125,149,251
125,150,25
125,152,-39
125,154,-35
125,156,-243
125,161,-266
125,165,26
125,165,158
125,167,-76
125,168,-218
125,184,-221
125,187,167
125,189,33
125,197,7
125,198,143
125,199,-22
125,199,123
125,201,-205
125,207,-28
125,210,-242
125,242,116
125,289,95
125,290,126
125,292,126
125,293,106
125,318,186
125,332,89
125,351,185
125,379,212
125,391,303
125,392,237
125,397,295
125,403,268
125,423,161
125,427,205
125,428,71
125,433,330
125,446,325
125,454,197
125,462,75
125,470,204
125,470,227
125,478,118
125,480,161
125,496,71
125,507,116
125,510,198
125,512,128
125,516,-5
125,516,134
125,520,259
125,528,319
125,528,274
125,528,20
125,534,44
125,539,64
125,541,279
125,542,242
125,551,256
125,551,257
125,552,256
125,552,258
125,552,284
125,553,-55
125,554,256
125,554,257
125,560,8
125,562,-53
125,564,110
125,565,94
125,568,40
125,570,214
125,585,256
125,593,2
125,603,150
125,605,98
125,612,57
125,625,-62
125,631,-104
125,632,42
125,649,-70
125,669,43
125,683,-42
126,-497,356
126,-497,361
126,-494,359
126,-488,366
126,-486,347
126,-479,370
126,-476,372
126,-471,408
126,-468,407
126,-428,338
126,-420,433
126,-419,340
126,-369,437
126,-339,534
126,-339,37
126,-337,43
126,-336,532
126,-335,442
126,-330,51
126,-330,49
126,-322,445
126,-316,436
126,-306,457
126,-301,58
126,-295,23
126,-294,483
126,-292,50
126,-288,15
126,-281,88
126,-268,35
126,-265,26
126,-261,365
126,-258,264
126,-255,282
126,-254,369
126,-252,234
126,-249,398
126,-248,376
126,-247,267
126,-247,392
126,-247,310
126,-247,312
126,-246,282
126,-245,312
126,-244,44
126,-240,37
126,-239,303
126,-238,396
126,-238,381
126,-235,312
126,-234,328
126,-233,307
126,-230,215
126,-227,240
126,-226,189
126,-226,10
126,-225,-4
126,-225,304
126,-221,366
126,-221,-5
126,-220,446
126,-215,29
126,-214,314
126,-214,409
126,-211,64
126,-210,-19
126,-209,-19
126,-209,70
126,-207,38
126,-207,289
126,-207,320
126,-206,72
126,-205,211
126,-205,72
126,-205,217
126,-204,324
126,-204,195
126,-203,142
126,-203,85
126,-202,267
126,-202,176
126,-202,201
126,-202,-21
126,-200,-9
126,-200,221
126,-199,75
126,-193,194
126,-193,347
126,-190,281
126,-188,101
126,-188,388
126,-187,359
126,-186,319
126,-185,71
126,-183,36
126,-183,329
126,-179,208
126,-179,278
126,-178,220
126,-177,191
126,-174,56
126,-174,312
126,-173,82
126,-172,227
126,-172,364
126,-171,306
126,-169,32
126,-167,87
126,-166,75
126,-164,36
126,-164,336
126,-163,280
126,-161,303
126,-159,77
126,-159,244
126,-158,236
126,-156,200
126,-155,56
126,-155,49
126,-152,243
126,-148,349
126,-146,230
126,-145,378
126,-143,300
126,-142,342
126,-138,281
126,-138,229
126,-138,232
126,-136,269
126,-134,286
126,-134,224
126,-133,226
126,-133,311
126,-129,252
126,-126,284
126,-126,210
126,-126,277
126,-124,205
126,-124,208
126,-124,377
126,-123,19
126,-123,313
126,-122,384
126,-121,311
126,-121,312
126,-121,309
126,-120,403
126,-120,311
126,-119,375
126,-118,17
126,-118,384
126,-112,396
126,-108,388
126,-108,344
126,-108,380
126,-107,394
126,-106,277
126,-106,353
126,-104,381
126,-100,227
126,-98,247
126,-86,247
126,-80,368
126,-80,280
126,-79,18
126,-75,260
126,-75,356
126,-60,1
126,-60,170
126,-58,14
126,-57,-62
126,-50,99
126,-44,128
126,-40,99
126,-39,-63
126,-35,105
126,-34,107
126,-34,84
126,-33,-64
126,-33,126
126,-31,92
126,-30,-70
126,-21,262
126,-18,-57
126,-17,87
126,-13,121
126,-12,-96
126,-9,77
126,-9,95
126,-9,300
126,-8,-99
126,-7,238
126,-5,215
126,-5,203
126,-3,310
126,-3,295
126,-2,-41
126,-2,-15
126,-0,120
126,-0,5
126,0,0
126,0,0
126,0,0
126,0,0
126,0,0
126,0,0
126,0,0
126,0,0
126,0,0
126,0,0
126,0,0
126,0,0
126,0,0
126,0,0
126,1,245
126,1,1
126,1,1
126,1,1
126,1,1
126,1,1
126,1,1
126,3,-55
126,3,329
126,4,90
126,4,281
126,4,-102
126,6,318
126,7,-49
126,8,272
126,9,318
126,9,267
126,12,225
126,13,-13
126,13,301
126,14,-30
126,16,294
126,16,223
126,16,-26
126,18,-14
126,18,-74
126,19,-20
126,19,289
126,20,-0
126,24,-8
126,25,-95
126,25,247
126,25,-52
126,27,-66
126,30,225
126,37,211
126,39,6
126,40,-20
126,41,254
126,41,286
126,44,-105
126,45,290
126,50,210
126,51,264
126,51,-44
126,51,-18
126,52,-26
126,52,-43
126,56,198
126,58,1
126,68,202
126,68,-38
126,68,-58
126,73,-16
126,74,7
126,77,39
126,79,-39
126,81,168
126,81,60
126,85,26
126,85,-63
126,91,85
126,91,-66
126,93,-5
126,94,-58
126,94,176
126,97,30
126,98,38
126,98,55
126,98,-8
126,101,10
126,108,167
126,109,167
126,112,39
126,115,135
126,116,20
126,116,120
126,119,79
126,121,2
126,123,100
126,127,-6
126,127,7
126,128,26
126,128,65
126,128,-11
126,130,151
126,132,51
126,132,117
126,133,92
126,134,166
126,134,166
126,137,21
126,138,69
126,140,116
126,140,107
126,145,138
126,146,115
126,146,112
126,149,43
126,150,150
126,150,-365
126,151,130
126,151,109
126,154,-362
126,154,47
126,155,-367
126,155,-18
126,155,154
126,158,79
126,162,85
126,162,145
126,162,-204
126,166,107
126,166,-21
126,168,119
126,169,146
126,170,104
126,175,-203
126,203,-152
126,203,113
126,204,117
126,212,-164
126,233,-61
126,235,-59
126,258,-28
127,-279,-0
127,-278,72
127,-270,75
127,-267,74
127,-249,88
127,-247,32
127,-227,22
127,-210,70
127,-209,61
127,-104,-19
127,-100,22
127,-98,-51
127,-84,-86
127,-82,-72
127,-82,-90
127,-81,-79
127,-77,-92
127,-75,-92
127,-71,-86
127,-69,-72
127,-65,12
127,-53,14
127,-49,-6
127,-49,-6
127,-44,-8
127,-44,-8
127,-36,-6
127,-25,5
127,-4,-33
127,2,-24
127,23,-30
127,89,-103
127,112,-108
127,119,-126
127,124,-117
127,139,-101
127,139,-101
127,141,-130
127,153,-116
127,154,-95
127,159,-82
127,161,-86
127,165,-116
127,171,-125
127,176,-99
127,192,-86
127,204,-78
127,209,-81
127,211,-82
128,-127,-43
128,-122,0
128,-119,-27
128,-98,-39
128,-72,-35
128,-52,-28
128,-43,-43
128,-43,40
128,-32,8
128,-30,27
128,-30,4
128,-26,-65
128,-22,-40
128,-20,-29
128,-16,-25
128,-16,47
128,-14,63
128,-8,-40
128,-7,34
128,-5,-4
128,0,0
128,0,0
128,3,8
128,3,24
128,8,-24
128,14,-0
128,19,14
128,44,40
128,44,33
128,46,39
128,46,19
128,54,-9
128,77,-1
128,112,-10
128,117,-32
128,123,-2
128,127,-41
128,127,-21
129,-414,10
129,-414,-12
129,-413,7
129,-413,7
129,-404,2
129,-400,-8
129,-399,12
129,-397,-6
129,-395,-14
129,-393,12
129,-370,16
129,-369,16
129,-369,16
129,-368,17
129,-361,-30
129,-361,-30
129,-361,-30
129,-361,-30
129,-361,-31
129,-361,-31
129,-361,-31
129,-361,-31
129,-360,-31
129,-324,41
129,-34,58
129,0,0
129,450,438
129,452,436
129,454,434
129,456,440
129,458,416
129,458,442
129,462,464
129,464,436
129,466,438
130,-521,-272
130,-445,49
130,-445,50
130,-443,-148
130,-443,-148
130,-443,-29
130,-438,-145
130,-437,-45
130,-433,-117
130,-433,22
130,-432,22
130,-428,-140
130,-419,411
130,-419,-161
130,-414,-29
130,-401,-142
130,-399,42
130,-390,-14
130,-389,-17
130,-388,249
130,-386,-36
130,-383,207
130,-383,-72
130,-381,-220
130,-380,55
130,-380,-232
130,-379,-125
130,-378,1
130,-378,-13
130,-377,-26
130,-376,-224
130,-374,-27
130,-374,268
130,-373,-17
130,-373,28
130,-373,9
130,-372,-213
130,-361,248
130,-359,-24
130,-358,-150
130,-354,-287
130,-344,274
130,-338,-292
130,-338,-271
130,-333,175
130,-333,231
130,-330,-223
130,-329,291
130,-324,-210
130,-323,-247
130,-321,190
130,-321,189
130,-321,-201
130,-314,-206
130,-314,-201
130,-314,-237
130,-313,-212
130,-308,240
130,-307,-191
130,-307,222
130,-306,-223
130,-302,-266
130,-299,232
130,-298,228
130,-296,231
130,-295,-274
130,-294,254
130,-290,243
130,-290,256
130,-289,260
130,-289,226
130,-287,-254
130,-286,379
130,-279,370
130,-255,323
130,-255,323
130,-254,356
130,-242,300
130,-237,307
130,-201,330
130,-178,-411
130,-177,-398
130,-158,364
130,-157,-361
130,-155,402
130,-153,362
130,-152,357
130,-150,399
130,-149,-394
130,-148,-358
130,-141,351
130,-141,420
130,-140,355
130,-137,-165
130,-137,-166
130,-136,-385
130,-136,-434
130,-133,-167
130,-131,353
130,-129,351
130,-129,356
130,-127,375
130,-127,406
130,-127,-376
130,-121,421
130,-119,436
130,-118,-179
130,-116,360
130,-116,387
130,-116,-174
130,-104,433
130,-93,-403
130,-91,363
130,-87,-174
130,-81,-401
130,-81,-145
130,-78,-199
130,-78,-148
130,-75,-157
130,-74,-412
130,-72,390
130,-72,-460
130,-69,-454
130,-68,-453
130,-66,379
130,-54,-177
130,-47,-442
130,-36,-374
130,-34,-447
130,-27,-211
130,-22,-370
130,-20,-340
130,-20,-324
130,-20,-316
130,-20,-308
130,-20,-292
130,-20,-284
130,-20,-276
130,-20,-260
130,-6,-230
130,-6,-417
130,-6,-340
130,-6,-306
130,-3,-277
130,-2,-331
130,-0,-291
130,1,1
130,1,-369
130,3,-220
130,7,-445
130,17,-198
130,20,-340
130,20,-324
130,20,-316
130,20,-308
130,20,-292
130,20,-284
130,20,-276
130,20,-260
130,28,-437
130,30,-384
130,38,-398
130,39,-397
130,39,-373
130,49,-178
130,52,-438
130,53,-431
130,73,-397
130,75,436
130,76,389
130,80,-193
130,80,-389
130,84,434
130,86,-411
130,89,-168
130,89,-168
130,90,-181
130,92,-456
130,92,359
130,108,-377
130,109,361
130,111,374
130,114,-182
130,114,412
130,114,410
130,116,360
130,122,-183
130,123,-197
130,123,431
130,125,-378
130,129,356
130,130,-165
130,134,-437
130,135,365
130,138,-167
130,138,362
130,141,351
130,145,346
130,148,-387
130,150,346
130,151,-366
130,153,-350
130,157,400
130,157,366
130,165,411
130,178,414
130,184,-420
130,185,-425
130,211,321
130,215,320
130,223,308
130,236,385
130,242,327
130,246,347
130,259,363
130,262,526
130,265,347
130,271,361
130,273,275
130,276,-267
130,280,237
130,281,-244
130,288,238
130,290,243
130,293,225
130,298,232
130,300,259
130,300,-227
130,305,266
130,306,-223
130,307,222
130,307,240
130,309,241
130,310,202
130,311,-212
130,313,-199
130,313,-212
130,313,-240
130,316,-240
130,316,-296
130,320,273
130,321,-201
130,321,-307
130,322,-232
130,325,257
130,328,225
130,335,-199
130,339,179
130,348,-167
130,350,273
130,352,230
130,355,-277
130,361,-229
130,362,-228
130,368,-35
130,368,-23
130,371,1
130,373,36
130,375,265
130,376,231
130,376,-239
130,378,-26
130,378,-13
130,378,1
130,379,-78
130,379,-263
130,380,-255
130,382,243
130,383,206
130,384,9
130,387,-25
130,387,-7
130,388,-121
130,391,51
130,393,11
130,401,-38
130,406,-128
130,406,-124
130,413,-14
130,415,-130
130,426,-132
130,426,-18
130,431,-139
130,431,56
130,432,-135
130,438,-112
130,441,-37
130,442,15
130,442,-51
130,468,-3
130,581,-85
132,-804,503
132,-798,488
132,-791,555
132,-790,445
132,-775,589
132,-766,367
132,-764,585
132,-764,121
132,-759,557
132,-756,595
132,-734,570
132,-731,369
132,-723,31
132,-716,639
132,-715,-43
132,-715,355
132,-711,212
132,-710,201
132,-710,167
132,-709,37
132,-709,137
132,-707,-12
132,-705,-20
132,-705,157
132,-701,-26
132,-699,173
132,-699,-44
132,-696,-7
132,-694,164
132,-693,-17
132,-692,187
132,-691,509
132,-690,212
132,-690,204
132,-688,73
132,-682,36
132,-682,491
132,-673,66
132,-658,313
132,-657,303
132,-654,441
132,-650,572
132,-644,284
132,-642,579
132,-642,411
132,-633,419
132,-631,522
132,-623,523
132,-622,572
132,-622,556
132,-622,608
132,-622,583
132,-621,540
132,-610,553
132,-610,540
132,-607,553
132,-604,235
132,-600,621
132,-599,513
132,-597,531
132,-594,465
132,-587,476
132,-585,291
132,-584,532
132,-582,268
132,-575,441
132,-574,-474
132,-572,304
132,-569,-60
132,-566,163
132,-565,176
132,-564,209
132,-561,-11
132,-561,466
132,-561,242
132,-559,244
132,-557,459
132,-555,434
132,-548,297
132,-547,177
132,-545,244
132,-543,-116
132,-543,282
132,-541,-131
132,-536,447
132,-530,247
132,-530,248
132,-529,184
132,-528,-149
132,-528,179
132,-526,210
132,-525,207
132,-524,227
132,-523,295
132,-515,125
132,-510,-152
132,-506,-153
132,-490,366
132,-484,144
132,-479,368
132,-478,-171
132,-477,380
132,-476,324
132,-476,86
132,-471,404
132,-470,49
132,-469,378
132,-469,305
132,-466,36
132,-466,162
132,-465,104
132,-464,-236
132,-464,383
132,-464,-228
132,-462,123
132,-459,61
132,-459,371
132,-455,390
132,-451,412
132,-451,108
132,-451,287
132,-450,54
132,-448,126
132,-446,379
132,-441,308
132,-441,304
132,-440,307
132,-434,92
132,-434,404
132,-431,83
132,-430,312
132,-428,85
132,-425,-250
132,-419,305
132,-417,37
132,-417,340
132,-407,103
132,-407,100
132,-405,228
132,-405,-251
132,-404,101
132,-402,36
132,-401,88
132,-400,271
132,-400,187
132,-398,-322
132,-394,-149
132,-389,169
132,-389,310
132,-386,44
132,-386,30
132,-383,-284
132,-383,72
132,-381,87
132,-376,-174
132,-374,-166
132,-364,-270
132,-363,-263
132,-361,349
132,-360,218
132,-360,239
132,-358,128
132,-357,-188
132,-356,163
132,-356,356
132,-354,-206
132,-350,354
132,-349,272
132,-349,202
132,-345,275
132,-338,197
132,-334,195
132,-333,353
132,-330,281
132,-329,-48
132,-329,-54
132,-327,278
132,-325,201
132,-324,199
132,-323,121
132,-322,281
132,-322,173
132,-316,-56
132,-316,-65
132,-313,-59
132,-311,400
132,-310,238
132,-295,113
132,-295,-47
132,-288,-32
132,-283,-30
132,-280,285
132,-276,237
132,-274,-85
132,-269,199
132,-266,-54
132,-263,176
132,-262,193
132,-260,-30
132,-260,115
132,-257,-85
132,-246,-105
132,-246,-105
132,-243,-96
132,-243,-39
132,-224,-101
132,-220,-114
132,-218,-82
132,-207,-126
132,-203,-81
132,-202,-439
132,-201,-94
132,-200,-93
132,-199,-456
132,-194,-106
132,-192,-455
132,-190,-102
132,-189,269
132,-180,-482
132,-179,259
132,-178,-437
132,-174,-478
132,-170,269
132,-163,-500
132,-161,124
132,-157,-449
132,-149,-439
132,-142,-398
132,-130,150
132,-127,-402
132,-124,-150
132,-124,-499
132,-113,-371
132,-113,181
132,-112,162
132,-111,161
132,-110,-398
132,-108,135
132,-107,-372
132,-105,-367
132,-105,-516
132,-104,175
132,-104,-130
132,-104,-543
132,-99,-508
132,-90,-126
132,-90,-185
132,-89,-141
132,-85,-513
132,-85,197
132,-83,146
132,-83,-499
132,-82,142
132,-82,-530
132,-81,-141
132,-81,154
132,-80,154
132,-79,-133
132,-78,139
132,-74,137
132,-72,-129
132,-67,-118
132,-66,-154
132,-64,-498
132,-62,121
132,-62,-490
132,-59,-118
132,-52,-362
132,-51,-161
132,-51,-366
132,-47,119
132,-47,-474
132,-43,135
132,-41,131
132,-35,125
132,-32,159
132,-31,-355
132,-29,-507
132,-28,-507
132,-27,-121
132,-27,-150
132,-26,143
132,-20,143
132,-18,-162
132,-11,-438
132,-8,-168
132,-6,-305
132,-5,-229
132,-5,-317
132,-3,148
132,0,0
132,0,0
132,0,0
132,0,0
132,0,0
132,0,0
132,0,0
132,1,1
132,1,1
132,1,1
132,1,1
132,1,1
132,1,1
132,1,1
132,1,1
132,1,1
132,1,1
132,4,-302
132,11,148
132,14,-314
132,18,-178
132,18,-163
132,19,31
132,19,-168
132,25,-190
132,26,148
132,27,-313
132,36,-361
132,38,21
132,39,-414
132,40,201
132,40,-286
132,40,236
132,41,211
132,41,21
132,42,-382
132,42,-159
132,42,-428
132,43,222
132,44,232
132,44,-547
132,44,85
132,47,-567
132,49,33
132,50,235
132,50,101
132,53,229
132,54,47
132,54,14
132,56,-169
132,56,75
132,57,134
132,59,107
132,59,-385
132,61,129
132,61,237
132,62,-605
132,62,-546
132,64,105
132,66,134
132,67,-357
132,68,-572
132,72,24
132,76,22
132,79,119
132,79,-370
132,80,199
132,106,-609
132,107,255
132,113,257
132,121,260
132,186,-504
132,201,-543
132,205,-478
132,210,-498
132,216,-463
132,219,-433
132,223,-534
132,225,-499
132,228,-531
132,231,-474
132,241,-537
132,256,65
132,258,-26
132,265,-517
132,270,-472
132,273,-519
132,273,-446
132,273,-512
132,275,-461
132,275,-558
132,278,-82
132,281,-112
132,287,304
132,288,-47
132,288,-486
132,288,-476
132,292,43
132,294,-442
132,294,-84
132,296,-490
132,297,329
132,302,326
132,306,339
132,307,337
132,308,337
132,309,-500
132,310,-180
132,311,-524
132,312,319
132,313,-163
132,313,-474
132,319,-134
132,320,237
132,324,23
132,325,-143
132,327,329
132,327,121
132,335,-13
132,338,361
132,345,350
132,345,-75
132,349,-184
132,349,368
132,350,373
132,353,-138
132,354,366
132,357,351
132,357,-110
132,358,18
132,364,168
132,365,400
132,369,-525
132,372,370
132,375,382
132,379,-503
132,379,-114
132,380,-503
132,385,-522
132,385,-522
132,386,388
132,387,-79
132,388,-133
132,389,394
132,390,-48
132,390,-493
132,394,-14
132,395,-525
132,397,-488
132,397,48
132,402,-542
132,405,-204
132,405,-525
132,407,-556
132,409,-225
132,410,41
132,412,168
132,414,-184
132,414,-505
132,416,-522
132,417,-509
132,425,409
132,426,-163
132,427,-114
132,429,178
132,429,-167
132,430,-184
132,432,-70
132,434,41
132,434,172
132,435,174
132,440,-536
132,442,-182
132,449,40
132,451,30
132,451,-183
132,452,115
132,453,433
132,453,433
132,461,-459
132,462,412
132,467,435
132,471,-169
132,472,439
132,473,-131
132,474,457
132,475,417
132,476,-440
132,480,-8
132,482,82
132,485,-451
132,486,-229
132,489,-153
132,490,-57
132,490,482
132,491,483
132,495,213
132,503,43
132,504,200
132,504,217
132,507,-123
132,509,482
132,511,36
132,513,-184
132,515,29
132,519,203
132,522,-177
132,523,99
132,525,18
132,528,218
132,533,229
132,534,-431
132,536,-419
132,537,-426
132,542,-407
132,545,-409
132,545,-432
132,549,-409
132,549,-443
132,551,-32
132,553,-402
132,557,-421
132,557,-434
132,569,245
132,571,246
132,573,-443
132,584,139
132,585,-405
132,593,-439
132,594,252
132,596,-108
132,599,-392
132,600,-376
132,601,-43
132,603,-46
132,603,114
132,604,-423
132,607,263
132,608,-447
132,610,-401
132,611,272
132,614,-46
132,614,-68
132,615,-112
132,616,-49
132,616,-106
132,617,-64
132,620,-13
132,621,-92
132,621,-422
132,624,146
132,629,265
132,632,-36
132,633,276
132,633,-48
132,634,-94
132,635,121
132,636,-444
132,638,-37
132,638,-18
132,639,-35
132,641,-111
132,642,271
132,642,-450
132,643,-400
132,645,-83
132,646,298
132,650,-433
132,661,117
132,665,-94
132,665,-101
132,666,-107
132,667,-119
132,672,110
132,672,143
132,673,165
132,680,-118
132,681,157
132,682,164
132,695,140
132,703,283
132,704,148
132,705,147
132,712,125
132,714,126
132,720,119
132,734,143
132,738,127
132,744,146
132,749,121
132,760,144
132,761,149
134,-364,114
134,-358,162
134,-358,161
134,-357,140
134,-350,99
134,-347,116
134,-343,169
134,-343,113
134,-340,138
134,-331,160
134,-330,155
134,-324,115
134,-324,165
134,-296,-283
134,-291,-294
134,-286,-95
134,-284,-288
134,-284,-290
134,-280,-294
134,-277,-354
134,-275,-351
134,-275,-306
134,-275,-354
134,-275,-305
134,-273,-109
134,-271,-304
134,-266,-318
134,-266,-107
134,-266,-352
134,-264,-337
134,-259,-309
134,-258,-341
134,-256,-171
134,-253,-171
134,-251,-164
134,-245,-121
134,-237,-180
134,-236,-176
134,-231,-126
134,-228,-131
134,-227,-121
134,-221,23
134,-218,-189
134,-214,-129
134,-210,-192
134,-209,-194
134,-206,-18
134,-206,-204
134,-203,-202
134,-200,-227
134,-200,-139
134,-200,-138
134,-200,27
134,-199,-2
134,-198,-4
134,-195,-177
134,-195,-230
134,-193,-169
134,-193,-170
134,-192,-128
134,-192,-242
134,-189,-161
134,-183,-117
134,-176,-221
134,-176,-155
134,-175,-243
134,-172,-124
134,-171,-192
134,-171,-193
134,-170,-178
134,-168,-237
134,-166,-228
134,-166,-213
134,-162,-138
134,-161,-200
134,-159,141
134,-157,-138
134,-156,133
134,-156,-86
134,-151,-70
134,-149,-46
134,-149,-88
134,-148,151
134,-146,-225
134,-139,-45
134,-139,-48
134,-139,-79
134,-136,129
134,-136,-77
134,-134,196
134,-133,139
134,-132,-329
134,-132,180
134,-131,-320
134,-130,-47
134,-130,-29
134,-130,180
134,-128,-179
134,-128,167
134,-128,-342
134,-124,-185
134,-124,-330
134,-122,-329
134,-122,-183
134,-120,-368
134,-119,-386
134,-117,-377
134,-114,-329
134,-114,-362
134,-113,-19
134,-113,-371
134,-112,-370
134,-111,-34
134,-110,152
134,-109,61
134,-105,-332
134,-104,1
134,-101,-13
134,-100,-173
134,-100,-192
134,-99,-397
134,-99,-328
134,-98,-199
134,-96,-170
134,-94,-323
134,-93,-366
134,-93,-364
134,-93,-363
134,-92,-35
134,-92,-400
134,-92,-65
134,-92,143
134,-92,-157
134,-91,-391
134,-90,-396
134,-90,-355
134,-90,-368
134,-90,-311
134,-89,142
134,-88,-68
134,-87,-302
134,-87,-340
134,-85,-311
134,-84,-159
134,-84,29
134,-84,-385
134,-82,150
134,-81,-152
134,-80,59
134,-79,-299
134,-78,46
134,-78,-376
134,-77,-300
134,-77,17
134,-75,-325
134,-72,-198
134,-71,58
134,-71,3
134,-70,48
134,-70,147
134,-66,74
134,-61,146
134,-59,43
134,-58,-204
134,-58,118
134,-58,-3
134,-57,36
134,-53,13
134,-52,45
134,-50,54
134,-50,128
134,-49,55
134,-48,-206
134,-48,20
134,-48,-28
134,-44,-24
134,-44,-210
134,-43,143
134,-42,144
134,-42,-211
134,-40,-92
134,-38,-278
134,-36,-216
134,-36,-222
134,-36,-224
134,-35,-254
134,-35,-254
134,-32,-162
134,-32,79
134,-30,-231
134,-30,-230
134,-29,-61
134,-29,75
134,-26,-199
134,-26,-113
134,-26,-202
134,-26,-198
134,-25,-252
134,-25,-135
134,-24,-211
134,-24,-162
134,-21,-155
134,-18,-275
134,-17,39
134,-17,-277
134,-16,-128
134,-16,-127
134,-15,45
134,-15,-166
134,-13,-201
134,-8,-279
134,-5,-284
134,-5,-283
134,-3,-206
134,-3,-311
134,-2,3
134,-1,-46
134,-1,-247
134,-0,17
134,1,-199
134,1,-318
134,3,-205
134,3,-197
134,4,-250
134,4,-311
134,4,119
134,7,1
134,8,62
134,9,87
134,10,-309
134,10,-33
134,10,-309
134,11,28
134,11,-22
134,12,15
134,14,-24
134,15,-311
134,17,124
134,17,52
134,18,-209
134,18,163
134,18,-248
134,19,-251
134,19,-156
134,22,-18
134,23,-156
134,23,-160
134,23,80
134,24,-162
134,28,-20
134,29,-169
134,30,114
134,31,144
134,33,-43
134,35,-239
134,35,116
134,37,-351
134,38,-81
134,38,-92
134,38,-139
134,39,-226
134,39,176
134,39,-343
134,41,-366
134,42,-220
134,42,119
134,43,-325
134,43,-139
134,44,-220
134,44,-315
134,45,158
134,45,-35
134,46,-288
134,46,-84
134,47,144
134,47,-320
134,48,-41
134,49,-51
134,52,-135
134,53,-26
134,53,65
134,53,92
134,54,52
134,54,-280
134,55,-87
134,55,163
134,58,-320
134,59,-311
134,59,-129
134,60,-77
134,60,-286
134,60,-334
134,60,-113
134,62,-232
134,62,-111
134,64,-299
134,64,8
134,64,46
134,65,-363
134,66,-292
134,67,92
134,67,91
134,68,181
134,70,-0
134,71,-153
134,71,6
134,71,91
134,72,-142
134,73,-41
134,74,41
134,75,-363
134,75,92
134,75,-3
134,76,-357
134,81,-222
134,82,5
134,82,-56
134,82,-366
134,83,187
134,83,115
134,84,182
134,85,115
134,85,-105
134,86,124
134,86,100
134,87,188
134,87,-339
134,89,-80
134,90,-26
134,90,-110
134,90,-110
134,92,-127
134,93,-164
134,93,93
134,94,-250
134,94,-109
134,95,-103
134,96,-103
134,96,-61
134,96,-142
134,97,191
134,98,-140
134,99,207
134,100,-269
134,100,134
134,101,-251
134,102,-67
134,102,56
134,102,222
134,103,-11
134,103,-28
134,104,56
134,104,40
134,104,2
134,105,-62
134,106,53
134,109,9
134,110,116
134,110,200
134,112,223
134,114,-37
134,114,206
134,116,-155
134,116,-43
134,117,-241
134,118,-270
134,118,57
134,119,-86
134,119,-239
134,119,118
134,120,-215
134,121,123
134,121,1
134,122,-211
134,122,42
134,123,138
134,123,-254
134,125,-84
134,125,5
134,126,-146
134,127,134
134,128,142
134,129,-139
134,130,-76
134,131,-139
134,131,-132
134,132,-78
134,134,-139
134,134,133
134,136,-65
134,136,134
134,138,-71
134,140,-56
134,141,150
134,141,-27
134,142,-21
134,142,-18
134,143,-27
134,144,-52
134,147,153
134,147,-49
134,148,173
134,149,-31
134,152,-118
134,160,199
134,160,199
134,162,-102
134,162,175
134,163,6
134,164,-187
134,167,198
134,167,-179
134,168,-192
134,169,-103
134,169,56
134,170,179
134,170,34
134,171,-162
134,171,-200
134,171,-78
134,171,33
134,172,-72
134,172,49
134,173,50
134,173,187
134,173,-190
134,174,-4
134,175,-122
134,176,195
134,177,-1
134,178,-113
134,179,-70
134,180,111
134,180,-63
134,180,-117
134,181,-159
134,181,119
134,183,117
134,183,191
134,183,38
134,187,-67
134,187,41
134,188,103
134,189,-164
134,190,-187
134,191,99
134,194,-175
134,196,-161
134,196,-127
134,196,95
134,196,-124
134,196,-203
134,197,113
134,197,-105
134,200,13
134,202,112
134,204,12
134,206,-83
134,209,-133
134,211,-1
134,212,101
134,212,7
134,212,-193
134,215,11
134,218,-137
134,219,-190
134,220,-192
134,221,33
134,222,95
134,222,-35
134,222,106
134,222,29
134,223,53
134,224,26
134,224,105
134,226,53
134,227,-27
134,228,-39
134,228,88
134,230,-133
134,232,-37
134,234,-55
134,234,-36
134,235,-156
134,236,-137
134,236,212
134,239,230
134,240,228
134,241,-116
134,242,201
134,242,-116
134,246,-134
134,249,205
134,257,202
134,261,205
134,261,-153
134,262,-209
134,266,69
134,266,-20
134,267,-159
134,268,-111
134,273,-213
134,273,-126
134,276,-139
134,277,-70
134,277,-199
134,278,229
134,278,219
134,279,56
134,279,75
134,280,468
134,282,208
134,282,207
134,282,209
134,284,-224
134,284,-75
134,284,-154
134,285,66
134,285,-73
134,285,-137
134,285,79
134,285,-126
134,286,-150
134,286,-137
134,287,462
134,288,207
134,288,-52
134,290,-40
134,290,462
134,290,463
134,291,463
134,291,462
134,296,38
134,297,-26
134,297,10
134,298,9
134,298,-237
134,304,-23
134,305,40
134,309,35
134,311,-228
134,311,-228
134,315,-91
134,315,-160
134,315,54
134,318,18
134,322,-202
134,324,-145
134,324,-144
134,327,41
134,328,-124
134,329,-230
134,330,-168
134,330,-231
134,330,-240
134,331,-205
134,332,-79
134,333,-215
134,333,-109
134,335,-120
134,336,-4
134,336,-183
134,336,-93
134,337,-5
134,338,-103
134,339,-250
134,340,-71
134,341,-252
134,343,-13
134,347,-120
134,348,-100
134,349,-62
134,351,-69
134,352,-161
134,352,-200
134,356,-100
134,356,7
134,358,-89
134,359,-4
134,362,-209
134,363,-105
134,364,-120
134,366,23
134,367,-169
134,369,-188
134,370,-150
134,371,35
134,372,22
134,372,34
134,374,-128
134,374,-169
134,375,-222
134,377,-195
134,378,-278
134,379,-278
134,380,-188
134,382,-124
134,382,-124
134,385,31
134,389,-253
134,390,-225
134,390,-268
134,391,-155
134,394,9
134,394,-216
134,395,-237
134,396,-179
134,396,-167
134,396,-159
134,396,-188
134,398,-124
134,403,-190
134,414,-212
134,416,-211
134,420,-200
134,427,-207
134,441,-199
135,-417,19
135,-417,19
135,-417,17
135,-416,17
135,-416,17
135,-416,21
135,-416,21
135,-415,20
135,-414,24
135,-407,19
135,-406,20
135,-406,14
135,-406,20
135,-406,26
135,-406,23
135,-405,34
135,-309,-52
135,-306,115
135,-306,107
135,-304,-71
135,-301,113
135,-297,106
135,-295,120
135,-295,108
135,-294,146
135,-283,45
135,-278,-111
135,-272,21
135,-272,109
135,-271,-109
135,-263,-113
135,-259,-118
135,-256,-117
135,-255,-10
135,-254,-148
135,-253,-139
135,-241,-114
135,-237,83
135,-233,65
135,-228,-14
135,-186,-4
135,-179,-10
135,-161,-80
135,-156,-2
135,-151,-12
135,-151,-7
135,-147,-17
135,-146,-5
135,-143,-27
135,-141,94
135,-139,-17
135,-139,53
135,-138,79
135,-137,98
135,-135,43
135,-133,80
135,-133,52
135,-133,81
135,-129,81
135,-128,-33
135,-127,48
135,-126,-19
135,-124,63
135,-119,51
135,-117,100
135,-116,104
135,-116,101
135,-115,86
135,-115,65
135,-112,93
135,-109,-31
135,-108,-29
135,-108,36
135,-99,-23
135,-98,-21
135,-95,-30
135,-93,-58
135,-92,-11
135,-90,-11
135,-90,-60
135,-88,-24
135,-87,-68
135,-87,-32
135,-87,-75
135,-83,-15
135,-80,-60
135,-76,-28
135,-76,30
135,-75,-54
135,-74,-82
135,-73,44
135,-73,21
135,-72,-80
135,-70,-80
135,-68,62
135,-68,-61
135,-64,36
135,-61,62
135,-58,61
135,-58,-77
135,-48,-90
135,-43,56
135,-43,-90
135,-43,40
135,-41,-96
135,-40,-96
135,-39,-96
135,-37,-101
135,-32,-96
135,-31,-91
135,-29,54
135,-28,37
135,-27,-85
135,-25,43
135,-24,54
135,-22,-95
135,-17,58
135,-17,36
135,-8,-106
135,-7,159
135,-7,88
135,-5,104
135,-3,-96
135,-3,46
135,-1,127
135,-1,157
135,0,71
135,1,34
135,1,35
135,3,90
135,4,120
135,4,82
135,5,153
135,6,106
135,6,-108
135,7,-112
135,9,-362
135,13,-131
135,13,-107
135,13,-366
135,14,-367
135,15,-134
135,15,-356
135,16,-101
135,16,-92
135,16,-363
135,16,-93
135,17,-124
135,18,-139
135,18,-121
135,18,-97
135,18,-138
135,19,161
135,20,-130
135,21,-444
135,21,-140
135,21,-139
135,22,-147
135,23,149
135,23,-96
135,24,44
135,25,153
135,26,-89
135,27,30
135,29,-359
135,29,-306
135,30,-306
135,31,23
135,31,41
135,32,-360
135,33,89
135,33,-303
135,34,-109
135,34,151
135,36,11
135,37,65
135,37,6
135,39,-128
135,40,-140
135,41,-241
135,42,146
135,42,-52
135,42,113
135,44,71
135,44,42
135,44,-50
135,44,-225
135,45,87
135,45,24
135,46,91
135,46,162
135,47,72
135,48,128
135,51,6
135,51,-237
135,51,-240
135,52,-102
135,52,-211
135,56,-34
135,56,-232
135,57,-192
135,58,-285
135,59,-282
135,59,160
135,59,-180
135,59,10
135,61,-100
135,62,-185
135,62,-29
135,62,-184
135,63,-130
135,63,-183
135,63,-278
135,65,-201
135,65,-237
135,66,-151
135,66,-127
135,67,-238
135,67,-135
135,67,-221
135,67,160
135,68,-133
135,69,-65
135,69,-170
135,69,-222
135,70,5
135,71,7
135,71,-191
135,72,-128
135,72,151
135,75,154
135,75,-184
135,75,-18
135,75,-2
135,76,-193
135,76,-148
135,76,-194
135,77,-125
135,78,-67
135,78,-96
135,79,-95
135,81,-55
135,82,-115
135,83,-145
135,84,-66
135,85,-89
135,85,-210
135,86,-93
135,86,-93
135,87,-149
135,87,-161
135,89,-149
135,91,-56
135,93,-53
135,94,-105
135,95,-43
135,95,-127
135,97,-357
135,98,-141
135,98,-124
135,98,149
135,99,-360
135,99,-114
135,100,-360
135,102,-353
135,115,140
135,116,158
135,117,149
135,119,-124
135,120,-112
135,121,-66
135,124,-59
135,127,133
135,129,-61
135,130,152
135,130,151
135,133,-104
135,138,-176
135,140,-60
135,142,-64
135,142,-62
135,147,-96
135,147,-53
135,148,-144
135,150,-103
135,151,-65
135,153,-134
135,157,-247
135,161,-107
135,162,-118
135,163,124
135,164,131
135,166,-22
135,167,40
135,167,-174
135,167,-109
135,170,101
135,171,-180
135,171,105
135,171,147
135,172,-141
135,173,30
135,174,49
135,174,122
135,175,-123
135,176,30
135,176,-162
135,176,-63
135,177,-236
135,177,68
135,178,112
135,179,-76
135,182,144
135,185,-127
135,187,-30
135,187,114
135,189,-100
135,189,128
135,189,-236
135,190,-168
135,191,-226
135,192,-219
135,192,100
135,192,-177
135,192,-4
135,192,-222
135,193,-9
135,193,-11
135,194,-15
135,195,59
135,195,73
135,195,67
135,197,-220
135,199,-131
135,200,-116
135,200,-168
135,202,-230
135,204,-164
135,204,-151
135,206,-223
135,207,143
135,209,162
135,212,-220
135,212,-232
135,214,142
135,214,-218
135,215,150
135,215,150
135,216,-125
135,216,30
135,219,-127
135,219,-206
135,221,-138
135,222,-203
135,223,30
135,223,30
135,223,44
135,223,44
135,224,-203
135,225,-216
135,226,-219
135,229,28
135,230,-72
135,232,-170
135,238,-160
135,241,108
135,241,113
135,242,110
135,244,157
135,245,67
135,245,40
135,246,76
135,250,-231
135,250,134
135,251,76
135,252,35
135,252,148
135,255,155
135,256,108
135,256,107
135,256,108
135,257,138
135,258,57
135,258,-222
135,258,-170
135,258,153
135,260,-218
135,260,-222
135,263,-181
135,266,55
135,267,-156
135,267,-85
135,268,52
135,268,-151
135,273,-205
135,274,-171
135,274,-225
135,275,101
135,275,-167
135,281,180
135,282,108
135,282,-193
135,282,174
135,283,94
135,285,-75
135,285,-181
135,286,-158
135,286,51
135,287,-102
135,288,-89
135,289,107
135,289,-231
135,289,-196
135,289,100
135,290,44
135,291,-191
135,291,165
135,292,-100
135,293,-267
135,294,130
135,295,-111
135,297,191
135,297,-169
135,298,132
135,298,-168
135,298,136
135,298,177
135,300,43
135,300,-273
135,303,-87
135,303,164
135,304,42
135,304,-275
135,304,-258
135,305,180
135,306,134
135,307,-211
135,310,36
135,310,199
135,312,130
135,313,-223
135,314,-171
135,316,187
135,317,-178
135,317,-256
135,318,-230
135,318,168
135,326,-181
135,327,135
135,328,-98
135,328,-118
135,328,-164
135,330,-101
135,330,-234
135,331,-209
135,331,-155
135,332,-204
135,334,7
135,335,-93
135,336,-153
135,339,128
135,340,-109
135,340,-335
135,341,-120
135,343,-315
135,343,336
135,343,-112
135,343,-185
135,343,-2
135,343,-12
135,343,-226
135,344,-264
135,345,-12
135,354,-8
135,363,-95
135,364,119
135,364,-93
135,367,-228
135,367,-134
135,368,-33
135,372,-45
135,373,-21
135,374,-32
135,375,-33
135,375,-213
135,375,-180
135,378,-167
135,378,-99
135,379,-8
135,381,-191
135,381,-202
135,381,-122
135,382,-40
135,382,-160
135,385,-158
135,386,108
135,388,124
135,388,-116
135,388,-184
135,393,-215
135,393,102
135,395,121
135,396,-215
135,398,-214
135,399,-187
135,399,-206
135,400,-175
135,402,-44
135,404,8
135,404,-3
135,405,-207
135,405,-3
135,406,-44
135,411,-33
135,411,-211
135,413,-15
135,413,22
135,417,71
135,419,29
135,421,54
135,425,12
135,425,49
135,427,17
135,430,-171
135,430,-198
135,434,-177
135,434,51
135,436,7
135,436,-197
135,437,52
135,437,-163
135,439,-164
135,445,61
135,460,44
135,465,69
135,467,58
135,477,65
135,480,69
135,575,19
135,580,225
136,-364,115
136,-363,115
136,-362,164
136,-361,103
136,-358,92
136,-355,-193
136,-352,122
136,-352,165
136,-347,93
136,-346,163
136,-341,112
136,-340,-229
136,-323,159
136,-319,128
136,-317,56
136,-310,53
136,-309,-277
136,-302,47
136,-290,-274
136,-288,-102
136,-282,-285
136,-280,-285
136,-278,-363
136,-277,-353
136,-265,-166
136,-259,-179
136,-258,-128
136,-252,-185
136,-250,-165
136,-249,-127
136,-248,-358
136,-246,-137
136,-245,26
136,-245,-357
136,-245,1
136,-243,37
136,-242,16
136,-228,-120
136,-224,-126
136,-223,-124
136,-211,-214
136,-205,33
136,-204,-239
136,-203,-55
136,-201,-57
136,-200,-101
136,-196,-49
136,-195,-210
136,-194,18
136,-190,-130
136,-189,-70
136,-189,7
136,-189,-151
136,-187,17
136,-179,-139
136,-167,-128
136,-166,160
136,-160,-35
136,-158,-214
136,-155,171
136,-155,-197
136,-154,0
136,-148,-35
136,-148,-104
136,-147,-36
136,-146,-91
136,-145,122
136,-145,-89
136,-145,184
136,-144,-53
136,-143,154
136,-141,-100
136,-141,-31
136,-137,145
136,-136,-42
136,-134,-190
136,-133,-98
136,-132,-197
136,-131,-343
136,-126,-106
136,-125,-322
136,-125,-12
136,-124,-34
136,-122,-159
136,-122,-357
136,-122,-76
136,-119,152
136,-117,-384
136,-116,-367
136,-116,-154
136,-112,-342
136,-107,-43
136,-105,-196
136,-97,150
136,-96,-70
136,-95,-339
136,-89,-62
136,-86,26
136,-84,-111
136,-84,151
136,-83,7
136,-82,-43
136,-82,28
136,-80,-110
136,-73,158
136,-70,29
136,-67,-201
136,-66,-102
136,-65,-54
136,-64,76
136,-60,-45
136,-60,52
136,-60,51
136,-53,59
136,-50,38
136,-49,-0
136,-42,-298
136,-42,36
136,-41,122
136,-40,30
136,-37,-209
136,-36,-258
136,-35,-262
136,-32,-151
136,-32,-204
136,-29,140
136,-28,120
136,-28,-306
136,-25,76
136,-25,-137
136,-20,-213
136,-20,-224
136,-19,123
136,-18,-223
136,-18,76
136,-17,-220
136,-17,-223
136,-16,45
136,-14,45
136,-10,-135
136,-8,-256
136,-6,-323
136,-6,-320
136,-5,-282
136,0,0
136,0,0
136,0,0
136,0,0
136,0,0
136,0,0
136,0,0
136,0,0
136,0,0
136,0,0
136,0,0
136,0,0
136,0,0
136,0,0
136,0,0
136,0,0
136,0,0
136,0,0
136,0,0
136,0,0
136,0,0
136,0,0
136,0,0
136,0,0
136,0,0
136,0,0
136,0,0
136,0,0
136,0,0
136,0,0
136,0,0
136,0,0
136,0,0
136,0,0
136,0,0
136,0,0
136,0,0
136,0,0
136,0,0
136,0,0
136,0,0
136,0,0
136,0,0
136,0,0
136,0,0
136,0,0
136,0,0
136,0,0
136,0,0
136,0,0
136,0,0
136,0,0
136,0,0
136,0,0
136,0,0
136,0,0
136,0,0
136,0,0
136,0,0
136,0,0
136,0,0
136,0,0
136,0,0
136,0,0
136,0,0
136,0,0
136,0,0
136,0,0
136,0,0
136,0,0
136,0,0
136,0,0
136,0,0
136,0,0
136,0,0
136,0,0
136,0,0
136,0,0
136,0,0
136,0,0
136,0,0
136,0,0
136,0,0
136,0,0
136,0,0
136,0,0
136,0,0
136,0,0
136,0,0
136,0,0
136,0,0
136,0,0
136,0,0
136,0,0
136,0,0
136,0,0
136,0,0
136,0,0
136,0,0
136,0,0
136,0,0
136,0,0
136,0,0
136,0,0
136,0,0
136,0,0
136,0,0
136,0,0
136,0,0
136,0,0
136,0,0
136,0,0
136,0,0
136,0,0
136,0,0
136,0,0
136,0,0
136,0,0
136,0,0
136,0,0
136,0,0
136,0,0
136,0,0
136,0,0
136,0,0
136,0,0
136,0,0
136,0,0
136,0,0
136,0,0
136,0,0
136,0,0
136,0,0
136,0,0
136,0,0
136,0,0
136,0,0
136,0,0
136,0,0
136,0,0
136,0,0
136,0,0
136,0,0
136,0,0
136,0,0
136,0,0
136,0,0
136,0,0
136,0,0
136,0,0
136,0,0
136,0,0
136,0,0
136,0,0
136,0,0
136,0,0
136,0,0
136,0,0
136,0,0
136,0,0
136,0,0
136,0,0
136,0,0
136,0,0
136,0,0
136,0,0
136,0,0
136,0,0
136,0,0
136,0,0
136,0,0
136,0,0
136,0,0
136,0,0
136,0,0
136,0,0
136,0,0
136,0,0
136,0,0
136,0,0
136,0,0
136,0,0
136,0,0
136,0,0
136,0,0
136,0,0
136,0,0
136,0,0
136,0,0
136,0,0
136,0,0
136,0,0
136,0,0
136,0,0
136,0,0
136,0,0
136,0,0
136,0,0
136,0,0
136,0,0
136,0,0
136,0,0
136,0,0
136,0,0
136,0,0
136,0,0
136,0,0
136,0,0
136,0,0
136,0,0
136,0,0
136,0,0
136,1,1
136,1,1
136,1,1
136,1,1
136,1,1
136,1,1
136,1,1
136,1,1
136,1,1
136,1,1
136,1,1
136,1,1
136,1,1
136,1,1
136,1,1
136,1,1
136,1,1
136,6,92
136,6,16
136,8,-138
136,13,-286
136,14,-133
136,15,38
136,17,41
136,18,85
136,30,124
136,30,-125
136,32,118
136,35,153
136,37,-361
136,39,139
136,42,-93
136,43,-364
136,44,-324
136,45,-364
136,46,-311
136,46,-366
136,46,-116
136,47,-94
136,48,158
136,48,-121
136,51,-136
136,53,-304
136,57,-76
136,57,-76
136,57,-76
136,57,-73
136,58,-242
136,59,-73
136,60,-43
136,61,-42
136,62,-112
136,63,-43
136,63,-42
136,63,-42
136,63,-42
136,63,-42
136,64,-210
136,64,-43
136,64,-43
136,64,-43
136,64,-43
136,66,-43
136,67,-40
136,67,-67
136,68,-66
136,68,-67
136,68,-110
136,70,71
136,70,-50
136,70,-58
136,70,-51
136,71,-42
136,71,-53
136,72,70
136,73,-146
136,74,-313
136,75,-72
136,76,-30
136,77,-55
136,77,42
136,78,-57
136,80,-348
136,80,-77
136,80,-78
136,80,-78
136,81,-77
136,81,-36
136,81,-37
136,82,-58
136,82,-58
136,82,-38
136,82,-38
136,83,-72
136,83,-72
136,83,-44
136,83,-45
136,83,-35
136,83,-44
136,83,-44
136,84,-44
136,84,-45
136,85,71
136,86,-67
136,86,-45
136,86,-45
136,86,-45
136,86,-44
136,86,-60
136,87,-44
136,87,-44
136,88,-44
136,88,-44
136,88,-44
136,88,-53
136,88,-61
136,88,-53
136,88,-62
136,89,-55
136,89,-54
136,89,-55
136,89,-54
136,89,-55
136,89,-75
136,89,-54
136,89,-54
136,89,-54
136,89,-54
136,89,-54
136,90,-54
136,90,-67
136,92,-67
136,92,203
136,95,-27
136,95,-31
136,95,-23
136,96,-62
136,96,-25
136,97,-64
136,98,-66
136,98,-66
136,98,-30
136,98,-30
136,98,-66
136,99,-34
136,100,-34
136,100,10
136,101,-69
136,101,-37
136,101,-69
136,101,-36
136,101,-37
136,101,-37
136,101,-57
136,101,-57
136,101,-37
136,102,-58
136,102,-58
136,102,-38
136,102,111
136,102,-61
136,102,-69
136,103,-29
136,103,-28
136,104,-37
136,105,-131
136,106,-214
136,106,-37
136,106,-37
136,107,-34
136,107,-34
136,107,-34
136,107,-34
136,107,-34
136,108,-36
136,109,-65
136,110,-58
136,110,-58
136,110,-38
136,110,-38
136,110,-44
136,111,-44
136,111,-44
136,111,-52
136,111,-52
136,111,-54
136,111,2
136,112,-61
136,113,-80
136,113,-31
136,113,-31
136,116,47
136,118,-44
136,119,-47
136,119,-47
136,119,1
136,121,-82
136,121,-49
136,124,-41
136,126,200
136,130,-209
136,131,-133
136,131,167
136,133,-81
136,141,-277
136,141,96
136,142,-282
136,143,-228
136,150,-217
136,157,-111
136,165,-188
136,165,188
136,166,-76
136,167,-178
136,168,78
136,171,23
136,174,32
136,175,-208
136,180,111
136,180,-2
136,195,-204
136,199,63
136,201,52
136,215,96
136,215,-90
136,223,87
136,228,-22
136,230,-123
136,237,-144
136,240,230
136,241,-78
136,242,206
136,251,-77
136,257,85
136,266,5
136,272,-50
136,282,234
136,284,-156
136,285,215
136,288,-36
136,291,-132
136,300,-228
136,303,-76
136,315,-15
136,316,10
136,321,-42
136,327,73
136,334,-231
136,337,-230
136,340,-94
136,345,-182
136,348,-223
136,352,-235
136,355,-120
136,356,7
136,364,-195
136,364,-88
136,365,-190
136,367,-20
136,370,-119
136,371,-59
136,382,-110
136,385,-2
136,399,-3
136,401,-3
136,401,-184
136,404,-251
136,414,-192
137,-410,-12
137,-407,50
137,-400,60
137,-397,-25
137,-363,23
137,-325,-13
137,-321,97
137,-320,110
137,-319,85
137,-317,71
137,-315,-43
137,-314,54
137,-310,78
137,-306,-34
137,-305,103
137,-302,-18
137,-298,1
137,-285,-32
137,-284,-36
137,-280,101
137,-278,52
137,-278,35
137,-274,71
137,-262,-71
137,-262,115
137,-260,-2
137,-258,-39
137,-257,-31
137,-257,28
137,-251,-4
137,-249,-30
137,-248,12
137,-242,66
137,-241,30
137,-240,7
137,-233,-108
137,-222,-84
137,-222,-84
137,-205,72
137,-203,36
137,-202,59
137,-137,-9
137,-111,-10
137,-98,-19
137,-86,37
137,-82,49
137,-82,-89
137,-75,-90
137,-73,-81
137,-72,48
137,-69,-83
137,-65,25
137,-65,-85
137,-64,-56
137,-62,-85
137,-61,-89
137,-40,-99
137,-37,38
137,-32,-90
137,-30,-92
137,-29,-99
137,-29,58
137,-21,-105
137,-18,-74
137,-18,31
137,-10,-130
137,-8,34
137,-8,106
137,-1,-145
137,-0,79
137,0,0
137,0,0
137,0,0
137,0,0
137,0,0
137,0,0
137,0,0
137,0,0
137,0,0
137,0,0
137,0,0
137,0,0
137,0,0
137,0,0
137,0,0
137,0,0
137,0,0
137,0,0
137,0,0
137,0,0
137,0,0
137,0,0
137,0,0
137,0,0
137,0,0
137,0,0
137,0,0
137,0,0
137,0,0
137,0,0
137,0,0
137,0,0
137,0,0
137,0,0
137,0,0
137,0,0
137,0,0
137,0,0
137,0,0
137,0,0
137,0,0
137,0,0
137,0,0
137,0,0
137,0,0
137,0,0
137,0,0
137,0,0
137,0,0
137,0,0
137,0,0
137,0,0
137,0,0
137,0,0
137,0,0
137,0,0
137,0,0
137,0,0
137,0,0
137,0,0
137,0,0
137,0,0
137,0,0
137,0,0
137,0,0
137,0,0
137,0,0
137,0,0
137,0,0
137,0,0
137,0,0
137,0,0
137,0,0
137,0,0
137,0,0
137,0,0
137,0,0
137,0,0
137,0,0
137,0,0
137,0,0
137,0,0
137,0,0
137,0,0
137,0,0
137,0,0
137,0,0
137,0,0
137,0,0
137,0,0
137,0,0
137,0,0
137,0,0
137,0,0
137,0,0
137,0,0
137,0,0
137,0,0
137,0,0
137,0,0
137,0,0
137,0,0
137,0,0
137,0,0
137,0,0
137,0,0
137,0,0
137,0,0
137,0,0
137,0,0
137,0,0
137,0,0
137,0,0
137,0,0
137,0,0
137,0,0
137,0,0
137,0,0
137,0,0
137,0,0
137,0,0
137,0,0
137,0,0
137,0,0
137,0,0
137,0,0
137,0,0
137,0,0
137,0,0
137,0,0
137,0,0
137,0,0
137,0,0
137,0,0
137,0,0
137,0,0
137,0,0
137,0,0
137,0,0
137,0,0
137,0,0
137,0,0
137,0,0
137,0,0
137,0,0
137,0,0
137,0,0
137,0,0
137,0,0
137,0,0
137,0,0
137,0,0
137,0,0
137,0,0
137,0,0
137,0,0
137,0,0
137,0,0
137,0,0
137,0,0
137,0,0
137,0,0
137,0,0
137,0,0
137,0,0
137,0,0
137,0,0
137,0,0
137,0,0
137,0,0
137,0,0
137,0,0
137,0,0
137,0,0
137,0,0
137,0,0
137,0,0
137,0,0
137,0,0
137,0,0
137,0,0
137,0,0
137,0,0
137,0,0
137,0,0
137,0,0
137,0,0
137,0,0
137,0,0
137,0,0
137,0,0
137,0,0
137,0,0
137,0,0
137,0,0
137,0,0
137,0,0
137,0,0
137,0,0
137,0,0
137,0,0
137,0,0
137,0,0
137,0,0
137,0,0
137,0,0
137,0,0
137,0,0
137,0,0
137,0,0
137,0,0
137,0,0
137,0,0
137,0,0
137,0,0
137,0,0
137,0,0
137,0,0
137,0,0
137,0,0
137,0,0
137,0,0
137,0,0
137,0,0
137,0,0
137,0,0
137,0,0
137,1,1
137,1,1
137,1,1
137,1,1
137,1,1
137,1,1
137,1,1
137,1,1
137,1,1
137,1,1
137,1,1
137,1,1
137,3,70
137,5,76
137,8,-132
137,8,-101
137,10,98
137,15,-159
137,17,46
137,21,-177
137,21,-352
137,22,34
137,24,-159
137,28,43
137,32,-177
137,37,45
137,38,87
137,39,-59
137,46,16
137,46,58
137,47,-68
137,56,-77
137,58,-175
137,60,-184
137,63,-162
137,69,-87
137,69,-37
137,73,-151
137,80,-166
137,80,-177
137,81,-31
137,94,-122
137,95,-104
137,96,-118
137,96,-118
137,97,-112
137,97,-105
137,98,-130
137,98,-130
137,98,-106
137,98,-106
137,99,-144
137,99,-142
137,99,-127
137,99,-116
137,100,-105
137,100,-143
137,101,-100
137,101,-133
137,101,-103
137,102,-107
137,103,167
137,104,-139
137,105,-110
137,105,-124
137,106,-92
137,107,-123
137,107,-124
137,108,-123
137,108,-124
137,108,-113
137,108,-123
137,109,-123
137,109,-113
137,111,-146
137,111,-146
137,111,-146
137,111,-146
137,111,-146
137,111,-146
137,111,-146
137,111,-146
137,111,-146
137,111,-145
137,113,-145
137,114,-147
137,118,-146
137,120,-150
137,121,128
137,121,132
137,121,-40
137,125,-89
137,125,-89
137,126,-126
137,126,-110
137,126,-89
137,127,-160
137,128,-130
137,130,-109
137,130,-139
137,131,-159
137,131,-125
137,131,-99
137,131,-151
137,131,-129
137,132,-122
137,132,-144
137,133,-133
137,133,-133
137,133,-130
137,133,139
137,134,-50
137,134,-98
137,135,-102
137,135,-129
137,135,-97
137,136,-103
137,136,-103
137,136,-103
137,136,-103
137,136,-103
137,136,-103
137,136,-139
137,136,-110
137,136,-99
137,136,-127
137,136,-96
137,137,-98
137,137,-114
137,138,-120
137,138,-128
137,138,-128
137,138,-108
137,138,-108
137,138,-67
137,139,-103
137,139,-141
137,140,-103
137,140,-99
137,140,-118
137,140,-118
137,140,-100
137,140,-110
137,141,-103
137,141,-103
137,141,-103
137,141,-103
137,141,-105
137,141,-105
137,141,-105
137,141,-105
137,141,-105
137,141,-105
137,142,-106
137,142,-149
137,142,-148
137,142,-149
137,142,-99
137,144,-101
137,145,-104
137,145,-110
137,146,-103
137,147,-103
137,148,-100
137,149,-107
137,149,-114
137,156,18
137,157,-203
137,161,-227
137,162,-91
137,169,-18
137,170,25
137,170,-175
137,170,21
137,172,-25
137,174,-180
137,176,-14
137,179,-126
137,180,-141
137,181,-4
137,182,-5
137,188,13
137,193,-243
137,193,-227
137,195,-10
137,196,-145
137,198,87
137,201,57
137,202,-81
137,205,-122
137,205,88
137,206,-72
137,210,156
137,216,-209
137,231,77
137,232,-123
137,235,72
137,244,67
137,252,-184
137,257,80
137,260,-200
137,264,-184
137,267,-91
137,270,51
137,275,-131
137,276,-238
137,277,-149
137,284,-253
137,284,-268
137,288,95
137,290,-153
137,291,-228
137,296,-276
137,297,130
137,298,121
137,300,171
137,301,-256
137,302,204
137,305,-221
137,307,-100
137,308,46
137,310,184
137,317,-108
137,318,30
137,320,17
137,321,-192
137,322,-6
137,323,144
137,324,30
137,328,139
137,329,-190
137,333,-74
137,338,-369
137,339,-120
137,341,299
137,343,-64
137,346,-111
137,349,-240
137,352,118
137,356,-74
137,362,-59
137,364,1
137,364,-148
137,364,-158
137,371,-147
137,376,-156
137,376,116
137,391,-113
137,395,-196
137,401,-217
137,402,47
137,402,93
137,402,95
137,403,-202
137,404,-119
137,424,51
137,426,-178
137,426,55
137,426,17
137,426,60
137,429,-187
137,434,62
137,434,57
137,438,-196
137,442,42
137,443,112
137,452,104
137,456,100
137,500,190
137,578,-9
138,-205,165
138,-195,145
138,-190,-104
138,-189,173
138,-157,140
138,-151,-17
138,-151,84
138,-150,-92
138,-149,31
138,-147,151
138,-146,-99
138,-143,71
138,-142,-11
138,-141,-16
138,-141,19
138,-141,55
138,-141,117
138,-140,-42
138,-140,-27
138,-140,-25
138,-140,-2
138,-140,14
138,-140,60
138,-139,61
138,-137,-51
138,-137,95
138,-135,-57
138,-133,-94
138,-131,-5
138,-130,139
138,-127,-83
138,-127,121
138,-125,111
138,-122,-59
138,-122,141
138,-121,96
138,-120,-84
138,-120,150
138,-118,-70
138,-117,-89
138,-117,128
138,-113,137
138,-111,121
138,-110,-80
138,-105,-64
138,-105,19
138,-101,91
138,-100,-40
138,-100,35
138,-99,47
138,-98,-92
138,-97,-138
138,-97,-1
138,-97,180
138,-96,41
138,-96,103
138,-95,51
138,-94,-50
138,-94,-30
138,-93,41
138,-93,-15
138,-93,-8
138,-93,20
138,-93,88
138,-93,147
138,-92,146
138,-91,50
138,-90,-25
138,-90,19
138,-88,-61
138,-88,-8
138,-88,99
138,-88,102
138,-85,43
138,-85,-63
138,-84,101
138,-83,2
138,-83,-5
138,-82,43
138,-81,-8
138,-81,53
138,-79,5
138,-78,36
138,-77,-61
138,-77,34
138,-77,56
138,-77,89
138,-77,5
138,-77,36
138,-75,10
138,-74,19
138,-73,50
138,-73,-6
138,-72,99
138,-71,16
138,-70,-10
138,-69,-57
138,-67,22
138,-67,-59
138,-66,103
138,-65,50
138,-61,4
138,-61,52
138,-60,-70
138,-60,110
138,-60,133
138,-59,-20
138,-59,49
138,-57,0
138,-57,35
138,-54,-60
138,-51,97
138,-46,0
138,-42,21
138,-42,108
138,-41,-60
138,-41,101
138,-37,-18
138,-37,19
138,-36,22
138,-36,36
138,-36,37
138,-35,55
138,-35,15
138,-34,-10
138,-32,48
138,-30,148
138,-29,47
138,-29,47
138,-28,101
138,-28,-4
138,-27,-60
138,-27,60
138,-25,51
138,-25,-16
138,-25,1
138,-25,180
138,-24,77
138,-24,-61
138,-23,51
138,-23,131
138,-22,-101
138,-22,20
138,-20,-121
138,-20,-97
138,-20,-65
138,-20,20
138,-20,86
138,-20,90
138,-20,112
138,-19,2
138,-19,-72
138,-18,-49
138,-17,-78
138,-17,-35
138,-16,-33
138,-15,97
138,-12,-76
138,-10,-97
138,-9,141
138,-7,126
138,-4,111
138,-3,20
138,-3,127
138,0,0
138,0,0
138,0,0
138,0,0
138,0,0
138,0,0
138,0,0
138,0,0
138,0,0
138,0,0
138,0,0
138,0,0
138,0,0
138,0,0
138,0,0
138,0,0
138,0,0
138,0,0
138,0,0
138,0,0
138,0,0
138,0,0
138,0,0
138,0,0
138,0,0
138,0,0
138,0,0
138,0,0
138,0,0
138,0,0
138,0,0
138,0,0
138,0,0
138,0,0
138,0,0
138,0,0
138,0,0
138,0,0
138,0,0
138,0,0
138,0,0
138,0,0
138,0,0
138,0,0
138,0,0
138,0,0
138,0,0
138,0,0
138,0,0
138,0,0
138,0,0
138,0,0
138,0,0
138,0,0
138,0,0
138,0,0
138,0,0
138,0,0
138,0,0
138,0,0
138,0,0
138,0,0
138,0,0
138,0,0
138,0,0
138,0,0
138,0,0
138,0,0
138,0,0
138,0,0
138,0,0
138,0,0
138,0,0
138,0,0
138,0,0
138,0,0
138,0,0
138,0,0
138,0,0
138,0,0
138,0,0
138,0,0
138,0,0
138,0,0
138,0,0
138,0,0
138,0,0
138,0,0
138,0,0
138,0,0
138,0,0
138,0,0
138,0,0
138,0,0
138,0,0
138,0,0
138,0,0
138,0,0
138,0,0
138,0,0
138,0,0
138,0,0
138,0,0
138,0,0
138,0,0
138,0,0
138,0,0
138,0,0
138,0,0
138,0,0
138,0,0
138,0,0
138,0,0
138,0,0
138,0,0
138,0,0
138,0,0
138,0,0
138,0,0
138,0,0
138,0,0
138,0,0
138,0,0
138,0,0
138,0,0
138,0,0
138,0,0
138,0,0
138,0,0
138,0,0
138,0,0
138,0,0
138,0,0
138,0,0
138,0,0
138,0,0
138,0,0
138,0,0
138,0,0
138,0,0
138,0,0
138,0,0
138,0,0
138,0,0
138,0,0
138,0,0
138,0,0
138,0,0
138,0,0
138,0,0
138,0,0
138,0,0
138,0,0
138,0,0
138,0,0
138,0,0
138,0,0
138,0,0
138,0,0
138,0,0
138,0,0
138,0,0
138,0,0
138,0,0
138,0,0
138,0,0
138,0,0
138,0,0
138,0,0
138,0,0
138,0,0
138,0,0
138,0,0
138,0,0
138,0,0
138,0,0
138,0,0
138,0,0
138,0,0
138,0,0
138,0,0
138,0,0
138,0,0
138,0,0
138,0,0
138,0,0
138,0,0
138,0,0
138,0,0
138,0,0
138,0,0
138,0,0
138,0,0
138,0,0
138,0,0
138,0,0
138,0,0
138,0,0
138,0,0
138,0,0
138,0,0
138,0,0
138,0,0
138,0,0
138,0,0
138,0,0
138,0,0
138,0,0
138,0,0
138,0,0
138,0,0
138,0,0
138,0,0
138,0,0
138,0,0
138,0,0
138,0,0
138,0,0
138,0,0
138,0,0
138,0,0
138,0,0
138,0,0
138,0,0
138,0,0
138,0,0
138,0,0
138,0,0
138,0,0
138,0,0
138,0,0
138,0,0
138,0,0
138,0,0
138,0,0
138,0,0
138,0,0
138,0,0
138,0,0
138,0,0
138,0,0
138,0,0
138,0,0
138,0,0
138,0,0
138,0,0
138,0,0
138,0,0
138,0,0
138,0,-70
138,4,127
138,6,-89
138,7,-74
138,9,64
138,10,-19
138,11,59
138,12,-62
138,13,-95
138,16,-26
138,17,143
138,18,-56
138,18,66
138,18,75
138,18,103
138,19,-23
138,19,32
138,19,126
138,19,-23
138,20,-15
138,20,8
138,20,-58
138,20,-33
138,21,-26
138,21,-89
138,21,-73
138,21,-41
138,30,71
138,35,-99
138,41,139
138,51,19
138,64,16
138,67,19
138,68,24
138,69,17
138,72,15
138,73,-135
138,74,23
138,75,21
138,76,23
138,77,14
138,77,26
138,77,26
138,77,26
138,78,15
138,78,17
138,79,23
138,79,24
138,80,22
138,80,23
138,80,24
138,85,19
138,87,15
138,87,15
138,91,23
138,92,22
138,92,175
138,96,59
138,96,-0
138,97,22
138,97,-21
138,98,-6
138,98,41
138,98,50
138,99,-13
138,99,10
138,99,20
138,99,41
138,100,-10
138,100,63
138,100,53
138,100,-60
138,100,100
138,100,-4
138,101,21
138,101,22
138,101,0
138,101,-132
138,101,54
138,102,38
138,102,38
138,102,38
138,102,38
138,102,38
138,102,38
138,102,38
138,102,38
138,102,40
138,103,35
138,103,8
138,103,60
138,103,-14
138,103,53
138,104,40
138,104,39
138,104,-6
138,104,102
138,104,6
138,104,-4
138,104,52
138,105,-4
138,105,53
138,105,51
138,105,-57
138,105,24
138,105,-1
138,106,23
138,106,43
138,106,-3
138,106,-3
138,106,43
138,107,-60
138,107,-60
138,109,20
138,109,100
138,109,100
138,113,22
138,114,18
138,114,20
138,114,20
138,115,18
138,116,24
138,121,24
138,126,20
138,128,24
138,131,15
138,131,17
138,132,21
138,132,24
138,133,19
138,137,65
138,137,16
138,139,-17
138,140,-19
138,144,55
138,145,21
138,145,21
138,146,20
138,149,21
138,151,19
138,152,-60
138,152,-60
138,158,100
138,158,100
138,172,103
138,176,15
138,177,-63
138,179,34
138,180,-24
138,180,80
138,184,-56
138,215,60
138,215,60
138,220,63
138,221,17
138,224,60
138,237,58
138,237,58
138,261,58
138,263,57
138,264,62
138,298,-20
138,298,15
138,300,21
138,301,23
138,331,-15
138,342,-24
139,-406,-71
139,-404,-69
139,-404,-62
139,-403,-58
139,-403,-66
139,-402,-63
139,-401,-64
139,-401,-64
139,-401,-66
139,-401,-66
139,-401,-66
139,-401,-65
139,-400,-55
139,-400,-54
139,-400,-61
139,-400,-65
139,-400,-65
139,-400,-68
139,-400,-64
139,-400,-64
139,-400,-64
139,-400,-58
139,-400,-66
139,-400,-66
139,-399,-73
139,-398,-64
139,-398,-60
139,-398,-60
139,-398,-68
139,-397,-69
139,-397,-62
139,-397,-62
139,-397,-67
139,-397,-63
139,-397,-69
139,-396,-64
139,-396,-73
139,-396,-64
139,-396,-64
139,-396,-64
139,-396,-64
139,-396,-64
139,-396,-64
139,-396,-64
139,-396,-64
139,-396,-55
139,-396,-64
139,-396,-64
139,-396,-64
139,-396,-64
139,-396,-64
139,-396,-64
139,-396,-64
139,-396,-64
139,-396,-64
139,-395,-60
139,-395,-66
139,-395,-67
139,-395,-70
139,-394,-65
139,-394,-60
139,-394,-63
139,-394,-69
139,-394,-62
139,-394,-60
139,-393,-72
139,-393,-60
139,-393,-75
139,-393,-61
139,-393,-69
139,-393,-63
139,-393,-63
139,-392,-57
139,-392,-65
139,-392,-64
139,-392,-66
139,-392,-68
139,-392,-62
139,-392,-75
139,-391,-64
139,-391,-62
139,-391,-62
139,-391,-62
139,-390,-75
139,-389,-79
139,-389,-80
139,-389,-82
139,-389,-82
139,-389,-91
139,-389,-82
139,-388,-81
139,-388,-91
139,-388,-82
139,-388,-81
139,-388,-84
139,-388,-81
139,-387,-83
139,-387,-77
139,-387,-84
139,-387,-90
139,-387,-83
139,-387,-83
139,-387,-92
139,-386,-92
139,-386,-90
139,-386,-83
139,-385,-92
139,-384,-86
139,-164,118
139,-163,122
139,-163,114
139,-162,117
139,-162,115
139,-161,116
139,-161,114
139,-161,114
139,-161,115
139,-161,114
139,-160,125
139,-160,112
139,-160,115
139,-160,116
139,-160,116
139,-160,117
139,-160,115
139,-160,115
139,-160,114
139,-159,107
139,-158,116
139,-158,120
139,-158,120
139,-158,112
139,-158,112
139,-158,111
139,-157,118
139,-157,113
139,-157,117
139,-157,116
139,-156,110
139,-156,109
139,-156,107
139,-156,116
139,-156,114
139,-156,116
139,-156,116
139,-156,116
139,-156,116
139,-156,116
139,-156,116
139,-156,116
139,-156,125
139,-156,116
139,-156,116
139,-156,116
139,-156,116
139,-156,116
139,-156,116
139,-156,116
139,-156,117
139,-155,120
139,-155,111
139,-155,113
139,-155,113
139,-155,114
139,-155,116
139,-155,110
139,-154,120
139,-154,111
139,-154,120
139,-154,111
139,-153,108
139,-153,120
139,-153,120
139,-153,105
139,-153,117
139,-153,113
139,-153,112
139,-153,123
139,-152,115
139,-152,116
139,-152,114
139,-152,114
139,-152,112
139,-152,118
139,-152,105
139,-151,118
139,-151,116
139,-151,118
139,-151,118
139,-151,115
139,-150,101
139,-150,105
139,-149,101
139,-149,100
139,-149,98
139,-149,98
139,-149,89
139,-149,98
139,-148,89
139,-148,99
139,-148,99
139,-147,90
139,-147,90
139,-147,88
139,-147,92
139,-146,92
139,-146,88
139,-146,90
139,-146,97
139,-146,90
139,-145,93
139,-145,88
139,-145,93
139,-145,93
139,-145,89
139,-144,94
139,0,0
139,0,0
139,0,0
139,0,0
139,0,0
139,0,0
139,0,0
139,0,0
139,0,0
139,0,0
139,0,0
139,0,0
139,0,0
139,0,0
139,0,0
139,0,0
139,0,0
139,0,0
139,0,0
139,0,0
139,0,0
139,0,0
139,0,0
139,0,0
139,0,0
139,0,0
139,0,0
139,0,0
139,0,0
139,0,0
139,0,0
139,0,0
139,0,0
139,0,0
139,0,0
139,0,0
139,0,0
139,0,0
139,0,0
139,0,0
139,0,0
139,0,0
139,0,0
139,0,0
139,0,0
139,0,0
139,0,0
139,0,0
139,0,0
139,0,0
139,0,0
139,0,0
139,0,0
139,0,0
139,0,0
139,0,0
139,0,0
139,0,0
139,0,0
139,0,0
139,0,0
139,0,0
139,0,0
139,74,288
139,76,291
139,76,297
139,77,302
139,77,294
139,78,297
139,78,295
139,79,293
139,79,293
139,79,294
139,79,297
139,79,295
139,80,305
139,80,306
139,80,299
139,80,295
139,80,295
139,80,296
139,80,296
139,80,296
139,80,297
139,80,302
139,80,292
139,80,294
139,81,287
139,81,295
139,82,300
139,82,292
139,82,302
139,82,291
139,83,298
139,83,298
139,83,293
139,83,296
139,83,295
139,84,291
139,84,286
139,84,294
139,84,295
139,84,295
139,84,295
139,84,295
139,84,296
139,84,296
139,84,305
139,84,295
139,84,296
139,84,296
139,84,296
139,84,296
139,84,296
139,84,296
139,84,296
139,84,296
139,84,297
139,84,296
139,85,300
139,85,293
139,85,293
139,85,297
139,85,290
139,86,295
139,86,300
139,86,297
139,86,291
139,86,298
139,87,288
139,87,300
139,87,300
139,87,285
139,87,302
139,87,299
139,87,297
139,87,302
139,88,294
139,88,296
139,88,294
139,88,291
139,88,298
139,88,284
139,89,297
139,89,297
139,89,298
139,90,285
139,91,281
139,91,280
139,91,277
139,91,278
139,91,269
139,91,278
139,92,279
139,92,269
139,92,278
139,92,278
139,92,276
139,92,279
139,93,277
139,93,282
139,93,276
139,93,270
139,93,277
139,93,277
139,93,268
139,94,268
139,94,269
139,94,276
139,95,268
139,96,274
140,-238,220
140,-221,219
140,-219,225
140,-215,277
140,-214,283
140,-213,220
140,-212,276
140,-211,243
140,-204,284
140,-203,280
140,-203,269
140,-199,247
140,-194,54
140,-192,293
140,-191,250
140,-189,45
140,-189,46
140,-189,45
140,-188,56
140,-186,52
140,-186,54
140,-186,56
140,-184,45
140,-184,54
140,-184,56
140,-182,261
140,-182,46
140,-180,272
140,-179,245
140,-177,50
140,-176,156
140,-172,285
140,-171,398
140,-170,277
140,-169,284
140,-167,260
140,-167,298
140,-167,261
140,-165,112
140,-165,385
140,-165,280
140,-164,282
140,-164,141
140,-161,404
140,-159,393
140,-155,385
140,-152,268
140,-152,116
140,-151,245
140,-151,398
140,-150,64
140,-149,393
140,-149,384
140,-147,272
140,-147,120
140,-142,258
140,-141,278
140,-141,63
140,-140,214
140,-140,55
140,-140,107
140,-137,378
140,-134,88
140,-131,52
140,-130,137
140,-130,261
140,-130,228
140,-130,115
140,-127,246
140,-126,350
140,-121,29
140,-119,70
140,-116,344
140,-116,260
140,-116,376
140,-115,378
140,-115,101
140,-115,253
140,-107,361
140,-107,33
140,-102,87
140,-101,378
140,-91,383
140,-90,26
140,-90,132
140,-90,346
140,-90,-13
140,-84,265
140,-84,398
140,-79,414
140,-77,249
140,-75,257
140,-74,297
140,-74,268
140,-72,422
140,-72,305
140,-70,297
140,-69,237
140,-67,432
140,-66,295
140,-65,282
140,-62,-18
140,-60,278
140,-59,381
140,-58,394
140,-58,253
140,-58,262
140,-57,194
140,-56,186
140,-55,176
140,-53,263
140,-52,205
140,-52,290
140,-52,281
140,-51,301
140,-49,383
140,-49,374
140,-49,200
140,-49,261
140,-48,272
140,-47,239
140,-47,254
140,-44,355
140,-43,343
140,-40,237
140,-39,169
140,-39,197
140,-39,248
140,-38,342
140,-38,38
140,-37,49
140,-37,270
140,-36,29
140,-36,251
140,-36,283
140,-35,162
140,-34,36
140,-34,238
140,-34,359
140,-34,203
140,-32,419
140,-28,292
140,-27,23
140,-26,307
140,-24,222
140,-24,275
140,-24,236
140,-24,33
140,-22,241
140,-22,305
140,-22,285
140,-21,213
140,-21,252
140,-21,265
140,-19,226
140,-18,274
140,-18,157
140,-17,212
140,-17,305
140,-16,-11
140,-16,237
140,-16,44
140,-15,252
140,-14,257
140,-14,183
140,-12,-31
140,-12,302
140,-12,109
140,-12,212
140,-12,-3
140,-11,256
140,-9,61
140,-6,266
140,-5,49
140,-5,162
140,-5,223
140,-4,242
140,-4,-5
140,-1,-14
140,-1,215
140,-1,42
140,0,0
140,0,0
140,0,0
140,0,155
140,0,-4
140,1,1
140,1,1
140,1,1
140,1,1
140,1,1
140,2,271
140,3,17
140,4,224
140,5,77
140,6,43
140,6,261
140,7,207
140,7,420
140,12,460
140,13,-31
140,13,83
140,14,178
140,15,382
140,20,409
140,20,450
140,21,414
140,22,382
140,23,178
140,26,178
140,27,207
140,28,378
140,30,378
140,30,323
140,30,224
140,30,322
140,31,349
140,32,155
140,32,-61
140,34,-58
140,34,286
140,34,272
140,35,368
140,36,199
140,39,285
140,39,420
140,42,288
140,43,220
140,45,233
140,46,308
140,52,342
140,52,374
140,53,219
140,54,309
140,55,249
140,55,411
140,56,302
140,59,338
140,60,157
140,60,157
140,61,346
140,63,116
140,63,211
140,64,225
140,67,157
140,69,314
140,72,219
140,75,156
140,76,382
140,77,132
140,80,328
140,80,106
140,80,131
140,81,142
140,82,155
140,82,195
140,82,202
140,82,168
140,82,366
140,85,110
140,85,132
140,85,344
140,87,202
140,90,172
140,95,333
140,97,320
140,99,328
140,99,363
140,101,109
140,105,343
140,108,340
140,111,90
140,112,328
140,117,327
140,120,87
140,123,333
140,124,97
140,124,327
140,126,77
140,135,93
140,135,79
140,135,72
140,138,76
141,-109,114
141,-107,39
141,-104,134
141,-104,41
141,-99,130
141,-98,161
141,-98,-7
141,-97,-20
141,-97,-30
141,-96,65
141,-96,166
141,-95,-38
141,-95,101
141,-93,-63
141,-92,-56
141,-89,-62
141,-86,177
141,-79,-69
141,-73,174
141,-69,-70
141,-68,176
141,-65,182
141,-65,175
141,-65,26
141,-65,177
141,-62,19
141,-57,130
141,-56,-5
141,-56,120
141,-55,29
141,-55,23
141,-55,-70
141,-54,-76
141,-54,12
141,-54,141
141,-53,133
141,-52,168
141,-52,142
141,-51,-62
141,-51,-25
141,-50,-61
141,-50,-41
141,-44,142
141,-38,21
141,-32,-96
141,-31,135
141,-30,137
141,-28,135
141,-26,-108
141,-26,19
141,-25,-84
141,-24,5
141,-24,2
141,-23,28
141,-22,136
141,-17,-49
141,-16,54
141,-16,-35
141,-16,-16
141,-16,60
141,-15,59
141,-12,92
141,-12,-100
141,-12,-106
141,-11,99
141,-10,106
141,-9,-59
141,-5,96
141,-5,-62
141,-5,104
141,-4,97
141,-2,-64
141,0,91
141,1,-52
141,1,-52
141,1,1
141,1,1
141,1,1
141,1,1
141,1,1
141,3,91
141,4,18
141,7,9
141,15,26
141,16,43
141,16,39
141,17,-16
141,19,35
141,20,51
141,21,-0
141,21,145
141,22,139
141,24,35
141,25,142
141,28,1
141,28,-124
141,30,-69
141,31,44
141,31,-105
141,31,-105
141,31,99
141,32,-64
141,33,103
141,34,50
141,34,17
141,34,1
141,35,146
141,36,59
141,38,-19
141,38,61
141,40,104
141,42,150
141,42,140
141,43,-69
141,43,-61
141,43,56
141,44,-120
141,45,-123
141,45,-59
141,46,-7
141,47,-114
141,47,22
141,49,-132
141,49,-132
141,49,95
141,49,139
141,50,85
141,50,68
141,52,-141
141,53,-22
141,58,-120
141,59,135
141,61,143
141,63,-67
141,63,98
141,68,20
141,70,17
141,70,-59
141,72,95
141,73,96
141,73,86
141,74,-60
141,77,101
141,80,-56
141,80,4
141,80,35
141,81,105
141,85,11
141,86,31
141,87,20
141,88,96
141,92,114
141,93,-4
141,93,85
141,94,-8
141,95,72
141,96,50
141,97,19
141,97,-128
141,98,36
141,98,63
141,99,-43
141,100,21
141,102,57
141,106,-18
141,106,-2
141,106,8
141,107,-125
141,109,35
141,109,-56
141,111,-98
141,111,1
141,116,50
141,116,8
141,116,-111
141,117,-123
141,119,-12
141,121,-8
141,122,51
141,125,-116
141,125,-116
141,126,-118
141,127,-132
141,130,62
141,130,19
141,130,18
141,133,119
141,140,111
141,140,-104
141,141,161
141,143,31
141,144,18
141,144,108
141,145,-108
141,146,122
141,149,151
141,150,160
141,153,5
141,153,23
141,154,156
141,155,42
141,159,31
141,160,108
141,160,118
141,162,23
141,163,18
141,163,-2
141,163,44
141,166,5
141,166,169
141,166,117
141,168,46
141,168,172
141,168,108
141,170,161
141,170,31
141,173,121
141,174,3
141,175,163
141,177,20
141,181,-6
141,183,-30
141,183,101
141,184,104
141,186,17
141,188,129
141,188,20
141,190,105
141,192,140
141,224,164
141,227,153
142,-223,-95
142,-219,-103
142,-218,-99
142,-213,-100
142,-213,-114
142,-210,-102
142,-204,-111
142,-203,-99
142,-201,-110
142,-201,-104
142,-198,-99
142,-196,-91
142,-194,-90
142,-191,-86
142,-174,-94
142,-165,-91
142,-164,-95
142,-154,-95
142,-154,-53
142,-150,-41
142,-149,-19
142,-148,-94
142,-145,-35
142,-144,-65
142,-143,-33
142,-142,-62
142,-141,-51
142,-140,-25
142,-139,-21
142,-138,-11
142,-138,-52
142,-137,-24
142,-136,-58
142,-132,-21
142,-125,-45
142,-125,-58
142,-124,-41
142,-124,-31
142,-122,-52
142,-119,-69
142,-113,-46
142,-112,-19
142,-112,-53
142,-108,-60
142,-106,-72
142,-102,-45
142,-101,-57
142,-99,-20
142,-99,-30
142,-99,-15
142,-97,-9
142,-94,-32
142,-88,-59
142,-87,-15
142,-85,-53
142,-77,-11
142,-33,-29
142,-25,7
142,-22,-25
142,-22,-11
142,-20,21
142,-16,16
142,-10,-15
142,-8,-53
142,-7,12
142,-6,13
142,-6,-16
142,-0,19
142,0,15
142,5,-32
142,11,-16
142,11,2
142,12,-22
142,12,-19
142,16,11
142,16,-27
142,24,2
142,26,-21
142,30,-19
142,36,19
142,44,8
142,44,8
142,48,27
142,54,14
142,57,29
142,107,52
142,107,97
142,116,49
142,130,106
142,137,68
142,140,113
142,141,82
142,142,82
142,150,100
142,154,81
142,157,130
142,160,117
142,161,73
142,161,68
142,162,56
142,167,39
142,171,57
142,172,98
142,174,81
142,179,111
142,187,121
142,192,121
142,193,107
142,194,112
142,195,62
142,196,74
142,197,80
142,197,109
142,198,92
142,199,110
142,206,97
142,207,59
142,207,87
142,209,121
142,210,63
142,213,134
142,215,99
142,219,107
142,220,91
142,226,120
142,230,105
142,255,149
142,271,153
142,303,151
142,304,169
142,305,147
142,307,148
142,308,105
142,308,181
142,309,132
142,316,182
142,316,107
142,321,203
142,323,184
142,324,141
142,325,204
142,326,194
142,328,218
142,329,229
142,333,222
142,337,205
142,339,214
142,339,179
142,340,184
142,341,210
142,341,200
142,342,222
142,343,81
142,344,191
142,352,170
142,353,160
142,355,124
142,357,195
142,357,178
142,358,78
142,359,179
142,360,103
142,362,102
142,363,160
142,369,163
142,369,194
142,370,110
142,372,138
142,374,138
142,374,167
142,381,150
142,383,142
142,387,107
142,388,141
142,389,109
142,390,158
142,398,110
142,408,161
142,411,145
142,414,106
142,416,104
142,420,130
142,424,110
142,432,97
142,435,115
142,438,117
142,438,107
143,-68,253
143,-67,180
143,-61,262
143,-60,176
143,-58,172
143,-58,268
143,-57,180
143,-51,220
143,-50,215
143,-40,221
143,-38,179
143,-34,215
143,-29,223
143,-20,199
143,-20,244
143,-19,233
143,-17,256
143,-15,179
143,-2,260
143,0,0
143,1,179
143,1,1
143,1,1
143,1,1
143,1,1
143,1,1
143,3,221
143,9,231
143,9,181
143,10,208
143,12,180
143,12,261
143,14,184
143,18,119
143,19,80
143,19,207
143,19,80
143,20,74
143,23,216
143,24,-104
143,25,104
143,25,-92
143,26,137
143,26,230
143,29,182
143,34,220
143,45,180
143,48,60
143,48,183
143,50,181
143,51,104
143,51,143
143,52,60
143,54,219
143,55,-95
143,55,-66
143,55,171
143,56,-27
143,56,-14
143,56,66
143,56,190
143,58,61
143,59,123
143,59,96
143,59,147
143,59,-54
143,59,131
143,59,122
143,60,68
143,60,98
143,60,121
143,60,180
143,62,109
143,62,167
143,62,57
143,63,100
143,63,141
143,65,95
143,65,219
143,66,-67
143,66,105
143,67,-13
143,68,60
143,68,100
143,68,-21
143,69,103
143,69,-59
143,73,196
143,74,219
143,74,99
143,77,58
143,77,59
143,77,169
143,78,140
143,79,184
143,87,-132
143,87,172
143,89,102
143,90,-149
143,91,101
143,92,-140
143,92,62
143,93,138
143,93,-14
143,93,-66
143,93,-55
143,94,-133
143,95,220
143,95,-19
143,96,59
143,97,-150
143,97,-138
143,99,15
143,99,21
143,99,130
143,99,135
143,99,12
143,99,104
143,100,144
143,100,152
143,100,-93
143,100,44
143,100,79
143,100,164
143,100,168
143,101,-131
143,101,-51
143,101,134
143,102,90
143,102,134
143,103,-15
143,103,76
143,104,141
143,104,58
143,104,107
143,104,139
143,105,134
143,105,-23
143,105,187
143,105,252
143,105,-66
143,106,-152
143,107,-128
143,107,71
143,108,97
143,108,93
143,108,-17
143,109,-143
143,110,145
143,110,138
143,111,228
143,111,239
143,112,81
143,114,101
143,116,182
143,118,60
143,120,140
143,122,81
143,123,-20
143,127,254
143,127,180
143,128,236
143,128,179
143,129,63
143,130,74
143,133,226
143,134,143
143,134,91
143,134,229
143,135,141
143,136,-16
143,139,156
143,139,167
143,139,148
143,139,47
143,140,231
143,140,112
143,140,129
143,141,21
143,141,-9
143,141,101
143,142,105
143,142,36
143,142,154
143,144,138
143,148,18
143,148,250
143,149,234
143,149,99
143,151,255
143,152,231
143,153,179
143,162,99
143,163,59
143,164,244
143,166,135
143,167,139
143,167,159
143,167,232
143,168,18
143,168,104
143,169,79
143,170,165
143,170,179
143,170,176
143,171,94
143,171,-21
143,172,-14
143,172,139
143,174,98
143,174,170
143,174,240
143,176,257
143,177,138
143,177,20
143,179,-2
143,180,-13
143,180,9
143,180,23
143,180,202
143,180,216
143,181,166
143,182,-24
143,183,103
143,185,13
143,185,260
143,186,-21
143,187,67
143,187,27
143,187,139
143,188,140
143,189,45
143,190,23
143,191,98
143,191,81
143,192,179
143,193,102
143,199,59
143,202,101
143,203,181
143,208,59
143,209,101
143,210,259
143,211,99
143,212,173
143,212,188
143,213,136
143,213,-58
143,213,54
143,213,59
143,213,266
143,214,56
143,214,146
143,214,174
143,215,27
143,217,260
143,217,180
143,218,-59
143,219,34
143,219,44
143,219,214
143,219,232
143,219,171
143,220,54
143,220,-71
143,220,88
143,221,-8
143,221,67
143,221,254
143,221,200
143,221,269
143,222,54
143,222,148
143,222,133
143,223,189
143,223,-25
143,224,68
143,224,143
143,225,135
143,225,-55
143,225,176
143,225,60
143,227,57
143,227,-63
143,227,138
143,227,142
143,227,145
143,229,168
143,230,262
143,231,141
143,233,100
143,233,179
143,234,61
143,238,-19
143,243,179
143,248,99
143,250,142
143,250,183
143,252,215
143,252,-56
143,254,-69
143,254,226
143,254,-17
143,254,146
143,255,-27
143,257,257
143,257,257
143,258,183
143,259,124
143,259,124
143,259,168
143,260,160
143,260,52
143,260,1
143,260,18
143,260,86
143,260,244
143,260,35
143,260,134
143,261,-54
143,261,77
143,262,62
143,262,212
143,262,61
143,262,139
143,262,67
143,263,253
143,264,-27
143,264,92
143,265,-69
143,265,136
143,266,53
143,266,103
143,266,183
143,266,94
143,266,66
143,267,-63
143,267,-17
143,269,140
143,270,106
143,273,260
143,275,100
143,277,60
143,285,140
143,287,257
143,288,179
143,288,220
143,289,263
143,292,139
143,293,19
143,294,65
143,296,135
143,296,144
143,296,145
143,298,129
143,299,171
143,299,243
143,299,63
143,299,258
143,300,74
143,300,158
143,300,206
143,300,226
143,301,55
143,302,120
143,304,60
143,306,187
143,307,171
143,309,66
143,310,57
144,-193,-153
144,-193,-130
144,-186,-142
144,-184,-148
144,-183,-136
144,-183,-159
144,-183,-125
144,-182,-141
144,-182,-139
144,-181,-144
144,-181,-140
144,-181,-145
144,-180,-138
144,-179,-145
144,-179,-144
144,-179,-142
144,-179,-141
144,-179,-139
144,-177,-142
144,-177,-133
144,-177,-142
144,-177,-142
144,-177,-146
144,-177,-144
144,-177,-142
144,-177,-142
144,-177,-142
144,-177,-142
144,-177,-142
144,-177,-140
144,-177,-138
144,-177,-140
144,-177,-151
144,-177,-147
144,-177,-145
144,-177,-141
144,-177,-141
144,-177,-141
144,-177,-141
144,-177,-141
144,-177,-141
144,-177,-137
144,-175,-145
144,-175,-144
144,-175,-142
144,-175,-141
144,-175,-139
144,-175,-138
144,-173,-145
144,-172,-141
144,-172,-159
144,-172,-142
144,-172,-124
144,-171,-148
144,-171,-136
144,-170,-138
144,-169,-142
144,-160,-154
144,-160,-132
144,0,0
144,0,0
144,0,0
144,0,0
144,0,0
144,0,0
144,0,0
144,0,0
144,0,0
144,0,0
144,0,0
144,0,0
144,0,0
144,0,0
144,0,0
144,0,0
144,0,0
144,0,0
144,0,0
144,0,0
144,0,0
144,0,0
144,0,0
144,0,0
144,0,0
144,0,0
144,0,0
144,0,0
144,0,0
144,0,0
144,0,0
144,0,0
144,0,0
144,0,0
144,0,0
144,0,0
144,0,0
144,0,0
144,0,0
144,0,0
144,0,0
144,0,0
144,0,0
144,0,0
144,0,0
144,0,0
144,0,0
144,0,0
144,0,0
144,0,0
144,0,0
144,0,0
144,0,0
144,0,0
144,0,0
144,0,0
144,0,0
144,0,0
144,0,0
144,0,0
144,0,0
144,0,0
144,0,0
144,0,0
144,0,0
144,0,0
144,0,0
144,0,0
144,0,0
144,0,0
144,0,0
144,0,0
144,0,0
144,0,0
144,0,0
144,0,0
144,0,0
144,0,0
144,0,0
144,0,0
144,0,0
144,0,0
144,0,0
144,0,0
144,0,0
144,0,0
144,0,0
144,0,0
144,0,0
144,0,0
144,0,0
144,0,0
144,0,0
144,0,0
144,0,0
144,0,0
144,0,0
144,0,0
144,0,0
144,0,0
144,0,0
144,0,0
144,0,0
144,0,0
144,0,0
144,0,0
144,0,0
144,0,0
144,0,0
144,0,0
144,0,0
144,0,0
144,0,0
144,0,0
144,0,0
144,0,0
144,0,0
144,0,0
144,0,0
144,0,0
144,0,0
144,0,0
144,0,0
144,0,0
144,0,0
144,0,0
144,0,0
144,0,0
144,0,0
144,0,0
144,0,0
144,0,0
144,0,0
144,0,0
144,0,0
144,0,0
144,0,0
144,0,0
144,0,0
144,0,0
144,0,0
144,0,0
144,0,0
144,0,0
144,0,0
144,0,0
144,0,0
144,0,0
144,0,0
144,0,0
144,0,0
144,0,0
144,0,0
144,0,0
144,0,0
144,0,0
144,0,0
144,0,0
144,0,0
144,0,0
144,0,0
144,0,0
144,0,0
144,0,0
144,0,0
144,0,0
144,0,0
144,0,0
144,0,0
144,0,0
144,0,0
144,0,0
144,0,0
144,0,0
144,0,0
144,0,0
144,0,0
144,0,0
144,0,0
144,0,0
144,0,0
144,0,0
144,0,0
144,0,0
144,0,0
144,0,0
144,0,0
144,0,0
144,0,0
144,0,0
144,0,0
144,0,0
144,0,0
144,0,0
144,0,0
144,0,0
144,0,0
144,0,0
144,0,0
144,0,0
144,0,0
144,0,0
144,0,0
144,0,0
144,0,0
144,0,0
144,0,0
144,0,0
144,0,0
144,0,0
144,0,0
144,0,0
144,0,0
144,0,0
144,0,0
144,0,0
144,0,0
144,0,0
144,0,0
144,0,0
144,0,0
144,0,0
144,0,0
144,0,0
144,0,0
144,0,0
144,0,0
144,0,0
144,0,0
144,0,0
144,0,0
144,0,0
144,0,0
144,0,0
144,0,0
144,0,0
144,0,0
144,0,0
144,0,0
144,0,0
144,0,0
144,0,0
144,0,0
144,0,0
144,0,0
144,0,0
144,0,0
144,0,0
144,0,0
144,0,0
144,0,0
144,0,0
144,0,0
144,0,0
144,0,0
144,0,0
144,0,0
144,0,0
144,0,0
144,0,0
144,0,0
144,0,0
144,0,0
144,0,0
144,0,0
144,0,0
144,0,0
144,0,0
144,7,7
144,7,30
144,14,18
144,16,12
144,16,24
144,17,1
144,17,35
144,17,19
144,18,17
144,19,16
144,19,20
144,19,15
144,20,22
144,20,16
144,20,19
144,22,27
144,22,18
144,22,18
144,22,18
144,23,9
144,23,13
144,23,18
144,23,14
144,23,18
144,23,21
144,23,16
144,23,18
144,23,20
144,23,20
144,23,18
144,23,18
144,23,15
144,23,19
144,23,19
144,23,19
144,23,19
144,23,19
144,23,19
144,23,23
144,24,16
144,24,19
144,25,22
144,25,15
144,25,18
144,25,21
144,26,15
144,28,19
144,28,1
144,28,18
144,28,36
144,29,12
144,29,24
144,29,15
144,29,18
144,29,21
144,30,22
144,31,18
144,40,6
144,40,28
144,207,127
144,207,150
144,214,138
144,216,132
144,216,144
144,217,121
144,217,155
144,217,139
144,219,135
144,219,136
144,219,140
144,220,142
144,221,136
144,221,140
144,222,147
144,222,138
144,222,138
144,222,138
144,223,129
144,223,133
144,223,138
144,223,136
144,223,138
144,223,140
144,223,140
144,223,135
144,223,138
144,223,142
144,223,138
144,223,138
144,223,135
144,223,139
144,223,139
144,223,139
144,223,139
144,223,139
144,223,139
144,223,143
144,225,136
144,225,140
144,225,142
144,225,135
144,225,138
144,225,141
144,226,135
144,228,139
144,228,121
144,228,138
144,228,156
144,229,132
144,229,144
144,229,135
144,229,138
144,229,141
144,230,142
144,231,138
144,240,126
144,240,148
145,-264,-220
145,-263,-219
145,-261,-256
145,-258,-268
145,-255,-266
145,-248,-193
145,-248,-202
145,-237,-197
145,-232,-185
145,-225,-209
145,-221,-150
145,-220,-150
145,-220,-250
145,-219,-240
145,-219,-165
145,-219,44
145,-218,-257
145,-218,29
145,-215,-261
145,-215,57
145,-214,-139
145,-212,58
145,-209,-139
145,-200,-261
145,-199,59
145,-187,-262
145,-177,175
145,-174,261
145,-173,145
145,-172,-249
145,-172,315
145,-172,-135
145,-169,321
145,-169,327
145,-168,333
145,-168,167
145,-168,151
145,-166,-247
145,-165,58
145,-165,-243
145,-164,-251
145,-163,259
145,-163,-112
145,-161,-235
145,-161,166
145,-160,320
145,-159,314
145,-158,151
145,-158,260
145,-156,-249
145,-154,-132
145,-152,171
145,-152,260
145,-152,-113
145,-151,20
145,-151,57
145,-150,158
145,-149,306
145,-149,328
145,-147,171
145,-147,-114
145,-147,64
145,-146,-128
145,-146,144
145,-146,27
145,-145,-242
145,-144,-130
145,-143,140
145,-142,159
145,-142,22
145,-141,-114
145,-141,162
145,-141,56
145,-141,114
145,-141,-241
145,-140,260
145,-140,16
145,-140,175
145,-140,221
145,-140,-110
145,-139,53
145,-139,53
145,-138,21
145,-137,-14
145,-137,63
145,-137,-70
145,-135,57
145,-135,168
145,-133,139
145,-132,62
145,-131,101
145,-131,101
145,-130,-107
145,-130,60
145,-130,-135
145,-128,-93
145,-128,160
145,-128,153
145,-126,-237
145,-126,-252
145,-126,-73
145,-124,-97
145,-124,-227
145,-124,-150
145,-124,-145
145,-122,101
145,-121,-147
145,-121,170
145,-121,-158
145,-120,-109
145,-119,-102
145,-117,-119
145,-117,-245
145,-117,-238
145,-116,-235
145,-115,-154
145,-114,99
145,-114,-87
145,-114,-131
145,-113,-168
145,-113,-225
145,-113,-173
145,-111,62
145,-110,-76
145,-110,120
145,-108,139
145,-108,-114
145,-108,172
145,-106,166
145,-105,102
145,-105,90
145,-104,148
145,-104,-252
145,-102,85
145,-101,121
145,-100,141
145,-99,127
145,-99,-113
145,-98,-73
145,-96,-162
145,-96,-78
145,-94,-90
145,-92,-121
145,-91,139
145,-90,142
145,-88,-86
145,-87,-69
145,-84,54
145,-83,-219
145,-80,-221
145,-79,-169
145,-79,261
145,-79,261
145,-77,69
145,-76,55
145,-75,62
145,-74,-221
145,-73,-93
145,-73,-123
145,-72,-134
145,-72,-221
145,-72,68
145,-71,261
145,-67,-140
145,-66,-10
145,-65,-77
145,-65,98
145,-64,97
145,-64,97
145,-63,102
145,-63,-91
145,-61,16
145,-61,259
145,-61,75
145,-61,96
145,-60,95
145,-60,111
145,-59,6
145,-59,-193
145,-58,29
145,-58,36
145,-58,-448
145,-58,-412
145,-57,138
145,-57,98
145,-57,-119
145,-56,-114
145,-55,-425
145,-55,98
145,-54,-81
145,-52,101
145,-51,-121
145,-51,-414
145,-51,171
145,-50,-75
145,-49,175
145,-49,169
145,-48,313
145,-48,-391
145,-48,329
145,-47,-97
145,-47,154
145,-47,-408
145,-46,-124
145,-45,153
145,-45,-448
145,-45,-112
145,-44,-419
145,-44,321
145,-43,-446
145,-42,-131
145,-41,163
145,-41,-454
145,-40,140
145,-40,-86
145,-39,-115
145,-39,260
145,-37,-127
145,-37,332
145,-35,314
145,-32,-105
145,-31,326
145,-31,-415
145,-31,-429
145,-30,-458
145,-30,-91
145,-29,-458
145,-29,171
145,-26,154
145,-26,-399
145,-25,335
145,-24,-399
145,-23,-343
145,-23,129
145,-21,152
145,-20,119
145,-20,-444
145,-17,109
145,-17,110
145,-17,-335
145,-17,164
145,-15,-389
145,-14,-398
145,-12,172
145,-12,-410
145,-11,122
145,-10,96
145,-10,108
145,-8,-438
145,-7,-451
145,-7,-318
145,-6,-395
145,-6,100
145,-4,158
145,-4,102
145,-3,150
145,-1,101
145,-1,-431
145,0,0
145,0,-312
145,0,-327
145,1,1
145,1,1
145,1,1
145,1,1
145,1,1
145,4,171
145,5,110
145,6,-443
145,7,-393
145,7,155
145,8,175
145,10,145
145,10,-437
145,12,-303
145,12,-431
145,12,98
145,13,-408
145,13,14
145,14,12
145,14,-397
145,14,-419
145,15,155
145,16,22
145,16,71
145,18,60
145,18,177
145,18,46
145,19,20
145,19,88
145,19,252
145,19,28
145,20,56
145,20,19
145,20,-169
145,21,-175
145,21,-147
145,21,218
145,21,-159
145,21,50
145,22,191
145,22,71
145,22,14
145,22,208
145,23,208
145,24,99
145,25,25
145,25,24
145,26,66
145,30,58
145,34,58
145,38,-179
145,40,-300
145,43,18
145,43,-178
145,48,-301
145,51,15
145,55,-173
145,56,-300
145,57,-21
145,57,-12
145,57,21
145,59,0
145,62,-32
145,62,-31
145,66,-96
145,66,-70
145,67,-253
145,68,-197
145,68,60
145,68,-65
145,69,-111
145,70,-77
145,72,-203
145,77,-230
145,80,-117
145,81,-198
145,81,100
145,81,-209
145,82,60
145,82,-101
145,83,-81
145,86,-248
145,87,-223
145,90,-193
145,92,-124
145,93,-123
145,94,70
145,96,-212
145,97,-237
145,98,-175
145,99,-251
145,99,84
145,99,99
145,99,-239
145,100,-213
145,105,-261
145,105,-108
145,106,-121
145,107,-196
145,107,-113
145,107,-229
145,111,-212
145,112,-200
145,115,-188
145,117,-261
145,121,-245
145,121,-119
145,122,-225
145,124,-215
145,127,-243
145,128,-212
145,128,-241
145,133,-125
145,156,-261
145,167,-140
145,179,-144
145,185,-250
145,187,-252
145,187,-193
145,188,-246
145,191,-237
145,193,-206
145,196,-253
145,198,-204
145,200,-186
145,202,-197
145,202,-233
145,204,-252
145,206,-195
145,212,-206
145,214,-296
145,218,-295
145,221,-284
145,221,-305
145,221,-277
145,223,-265
146,-151,-215
146,-150,-217
146,-150,-216
146,-147,-224
146,-146,-221
146,-145,-224
146,-145,-220
146,-144,-218
146,-144,-223
146,-144,-215
146,-144,-219
146,-143,-219
146,-143,-225
146,-143,-225
146,-143,-228
146,-143,-221
146,-142,-224
146,-142,-224
146,-142,-224
146,-142,-224
146,-142,-226
146,-142,-222
146,-142,-222
146,-142,-216
146,-142,-222
146,-141,-204
146,-141,-220
146,-141,-220
146,-141,-219
146,-141,-217
146,-141,-218
146,-141,-220
146,-141,-219
146,-141,-224
146,-141,-215
146,-141,-220
146,-141,-219
146,-141,-185
146,-141,-216
146,-141,-205
146,-141,-228
146,-141,-203
146,-141,-217
146,-140,-226
146,-140,-226
146,-140,-222
146,-140,-222
146,-140,-216
146,-140,-202
146,-140,-221
146,-140,-216
146,-139,-216
146,-139,-218
146,-139,-220
146,-139,-218
146,-139,-217
146,-139,-224
146,-139,-224
146,-139,-231
146,-139,-231
146,-139,-225
146,-139,-224
146,-139,-224
146,-139,-224
146,-139,-224
146,-139,-226
146,-139,-222
146,-139,-221
146,-139,-229
146,-138,-218
146,-138,-216
146,-138,-213
146,-138,-217
146,-138,-224
146,-138,-224
146,-138,-224
146,-138,-224
146,-138,-224
146,-138,-219
146,-137,-226
146,-137,-226
146,-137,-222
146,-137,-222
146,-137,-220
146,-137,-228
146,-137,-210
146,-137,-215
146,-137,-224
146,-136,-220
146,-136,-220
146,-136,-220
146,-136,-220
146,-136,-224
146,-136,-224
146,-136,-224
146,-136,-226
146,-136,-222
146,-136,-216
146,-135,-215
146,-135,-232
146,-135,-219
146,-134,-227
146,-134,-224
146,-134,-223
146,-133,-224
146,-131,-214
146,0,0
146,0,0
146,0,0
146,0,0
146,0,0
146,0,0
146,0,0
146,0,0
146,0,0
146,0,0
146,0,0
146,0,0
146,0,0
146,0,0
146,0,0
146,0,0
146,0,0
146,0,0
146,0,0
146,0,0
146,0,0
146,0,0
146,0,0
146,0,0
146,0,0
146,0,0
146,0,0
146,0,0
146,0,0
146,0,0
146,0,0
146,0,0
146,0,0
146,0,0
146,0,0
146,0,0
146,0,0
146,0,0
146,0,0
146,0,0
146,0,0
146,0,0
146,0,0
146,0,0
146,0,0
146,0,0
146,0,0
146,0,0
146,0,0
146,0,0
146,0,0
146,0,0
146,0,0
146,0,0
146,0,0
146,0,0
146,0,0
146,0,0
146,0,0
146,0,0
146,0,0
146,0,0
146,0,0
146,0,0
146,0,0
146,0,0
146,0,0
146,0,0
146,0,0
146,0,0
146,0,0
146,0,0
146,0,0
146,0,0
146,0,0
146,0,0
146,0,0
146,0,0
146,0,0
146,0,0
146,0,0
146,9,-15
146,11,-17
146,11,-16
146,13,-25
146,15,-22
146,15,-25
146,15,-20
146,16,-18
146,16,-25
146,16,-15
146,17,-20
146,17,-24
146,17,-19
146,17,-24
146,18,-21
146,18,-24
146,18,-24
146,18,-21
146,18,-18
146,18,-24
146,18,-25
146,18,-24
146,18,-29
146,19,-29
146,19,-21
146,19,-4
146,19,-20
146,19,-16
146,19,-15
146,19,-19
146,19,-17
146,19,-19
146,19,-20
146,19,-19
146,19,15
146,20,-27
146,20,-23
146,20,-16
146,20,-5
146,20,-3
146,20,-26
146,20,-22
146,20,-21
146,20,-22
146,20,-2
146,20,-15
146,20,-21
146,20,-16
146,21,-16
146,21,-19
146,21,-20
146,21,-18
146,21,-18
146,21,-31
146,21,-17
146,21,-24
146,21,-24
146,21,-24
146,21,-31
146,21,-24
146,21,-24
146,21,-25
146,21,-25
146,21,-25
146,21,-25
146,21,-25
146,21,-25
146,21,-25
146,21,-21
146,21,-15
146,22,-18
146,22,-17
146,22,-29
146,22,-13
146,22,-25
146,22,-25
146,22,-24
146,22,-24
146,22,-24
146,22,-24
146,22,-24
146,22,-27
146,22,-23
146,23,-30
146,23,-19
146,23,-15
146,23,-26
146,23,-22
146,23,-20
146,23,-10
146,23,-15
146,24,-20
146,24,-20
146,24,-20
146,24,-24
146,24,-24
146,24,-20
146,25,-16
146,25,-20
146,25,-32
146,25,-20
146,26,-25
146,26,-24
146,27,-28
146,28,-24
146,30,-14
146,169,185
146,170,183
146,170,184
146,173,176
146,174,179
146,175,180
146,176,182
146,176,185
146,176,181
146,177,181
146,177,176
146,177,175
146,177,175
146,177,175
146,177,179
146,178,176
146,178,176
146,178,176
146,178,176
146,178,178
146,178,171
146,178,184
146,178,178
146,179,196
146,179,180
146,179,181
146,179,183
146,179,182
146,179,180
146,179,181
146,179,175
146,179,185
146,179,180
146,179,181
146,179,215
146,179,184
146,179,172
146,179,195
146,179,197
146,179,183
146,180,174
146,180,178
146,180,174
146,180,178
146,180,179
146,180,184
146,180,198
146,180,179
146,180,184
146,181,184
146,181,182
146,181,180
146,181,182
146,181,183
146,181,176
146,181,176
146,181,169
146,181,169
146,181,176
146,181,176
146,181,175
146,181,175
146,181,175
146,181,175
146,181,175
146,181,175
146,181,175
146,181,176
146,181,179
146,182,182
146,182,184
146,182,187
146,182,183
146,182,175
146,182,176
146,182,176
146,182,176
146,182,176
146,182,176
146,182,170
146,182,181
146,183,174
146,183,178
146,183,174
146,183,178
146,183,180
146,183,172
146,183,175
146,183,190
146,183,185
146,184,180
146,184,180
146,184,180
146,184,176
146,184,176
146,184,176
146,184,184
146,185,168
146,185,185
146,185,180
146,185,181
146,186,175
146,186,176
146,187,172
146,187,176
146,189,186
147,-295,-130
147,-294,-207
147,-287,-217
147,-285,-217
147,-283,-137
147,-279,-186
147,-278,-165
147,-278,-237
147,-277,-125
147,-277,-237
147,-267,-123
147,-266,-100
147,-265,-156
147,-264,-163
147,-263,-184
147,-259,-164
147,-259,-132
147,-255,-206
147,-255,-132
147,-255,-138
147,-253,-211
147,-253,-66
147,-250,-53
147,-248,-209
147,-248,-150
147,-247,14
147,-247,-213
147,-246,-251
147,-243,-69
147,-243,-188
147,-243,-136
147,-241,-80
147,-241,-127
147,-239,-83
147,-239,41
147,-237,-83
147,-235,-170
147,-234,6
147,-234,42
147,-234,-5
147,-234,12
147,-231,102
147,-231,-217
147,-231,14
147,-230,105
147,-229,-56
147,-228,105
147,-226,-51
147,-224,0
147,-224,-64
147,-223,-44
147,-221,23
147,-221,97
147,-221,-59
147,-221,106
147,-220,-180
147,-219,-32
147,-219,-52
147,-219,-53
147,-217,106
147,-217,-20
147,-214,-66
147,-214,-81
147,-212,62
147,-212,125
147,-212,-158
147,-211,69
147,-209,-179
147,-208,-160
147,-207,-220
147,-206,166
147,-206,-5
147,-204,87
147,-203,21
147,-202,-234
147,-201,-234
147,-200,159
147,-199,-2
147,-199,156
147,-196,76
147,-195,40
147,-195,-138
147,-190,-223
147,-190,-126
147,-190,-56
147,-189,-218
147,-189,143
147,-188,-123
147,-187,165
147,-186,-4
147,-186,98
147,-185,-186
147,-184,41
147,-183,137
147,-183,-124
147,-183,108
147,-182,-124
147,-182,63
147,-181,22
147,-181,125
147,-181,72
147,-180,115
147,-179,64
147,-179,108
147,-179,56
147,-178,74
147,-178,81
147,-178,-126
147,-177,64
147,-177,66
147,-177,53
147,-177,-88
147,-176,41
147,-173,86
147,-172,-94
147,-171,103
147,-170,-46
147,-169,-160
147,-169,-133
147,-167,-215
147,-167,-147
147,-165,-155
147,-163,136
147,-161,-177
147,-161,-152
147,-160,110
147,-159,85
147,-156,102
147,-155,84
147,-154,-126
147,-153,-78
147,-153,-98
147,-152,-86
147,-149,35
147,-148,-170
147,-145,95
147,-145,92
147,-144,21
147,-143,18
147,-143,-158
147,-143,147
147,-142,93
147,-141,-122
147,-141,96
147,-141,163
147,-139,-191
147,-137,108
147,-136,16
147,-136,-178
147,-134,112
147,-130,-155
147,-127,127
147,-125,91
147,-125,-96
147,-124,-51
147,-124,-177
147,-123,127
147,-122,158
147,-122,143
147,-121,-173
147,-120,-85
147,-120,-39
147,-118,-61
147,-118,161
147,-118,37
147,-116,-125
147,-115,125
147,-112,-42
147,-111,-192
147,-110,-96
147,-108,106
147,-108,-172
147,-106,-84
147,-106,-82
147,-106,93
147,-105,57
147,-103,-38
147,-102,-184
147,-101,37
147,-101,55
147,-100,93
147,-99,-84
147,-99,95
147,-99,41
147,-99,-66
147,-99,71
147,-99,24
147,-96,55
147,-96,34
147,-95,-61
147,-95,91
147,-94,-111
147,-93,139
147,-88,-118
147,-88,104
147,-87,-148
147,-85,54
147,-85,-121
147,-83,21
147,-81,-126
147,-81,-129
147,-81,-81
147,-81,-187
147,-80,-129
147,-79,19
147,-79,-70
147,-78,-167
147,-76,-213
147,-73,44
147,-73,165
147,-72,-216
147,-71,-63
147,-71,-176
147,-69,-171
147,-67,-172
147,-67,141
147,-67,-65
147,-67,74
147,-64,144
147,-64,66
147,-63,144
147,-63,65
147,-63,66
147,-62,73
147,-61,21
147,-60,78
147,-60,-88
147,-60,-135
147,-60,164
147,-60,117
147,-59,129
147,-58,24
147,-57,22
147,-55,81
147,-55,126
147,-54,64
147,-52,-50
147,-51,24
147,-45,-213
147,-44,160
147,-44,-88
147,-43,-58
147,-42,-106
147,-41,-172
147,-40,-199
147,-40,160
147,-40,112
147,-40,-40
147,-40,-198
147,-39,-42
147,-37,-207
147,-36,-126
147,-35,-140
147,-34,-127
147,-31,166
147,-30,-90
147,-30,-100
147,-28,133
147,-28,-110
147,-27,-128
147,-27,-46
147,-9,-92
147,-5,-81
147,-4,-81
147,0,0
147,1,1
147,2,-136
147,4,-123
147,18,-153
147,23,-119
147,24,21
147,25,-106
147,26,-111
147,32,-19
147,37,-119
147,37,52
147,42,-10
147,43,-32
147,44,115
147,45,119
147,45,61
147,50,57
147,50,-111
147,51,-110
147,53,-115
147,54,70
147,55,83
147,55,121
147,59,-61
147,61,82
147,65,-22
147,65,-19
147,67,103
147,70,210
147,71,46
147,77,65
147,79,-9
147,80,199
147,82,195
147,83,153
147,83,-16
147,83,89
147,83,-35
147,83,173
147,85,-7
147,85,168
147,88,110
147,93,6
147,96,139
147,97,155
147,100,86
147,102,121
147,102,-18
147,103,80
147,104,58
147,104,82
147,105,91
147,105,177
147,106,92
147,108,-3
147,112,177
147,113,75
147,115,154
147,115,39
147,116,171
147,117,36
147,119,204
147,121,33
147,121,143
147,121,79
147,121,117
147,126,95
147,127,62
147,131,201
147,131,166
147,131,-56
147,132,13
147,133,-56
147,133,11
147,134,112
147,138,138
147,140,-43
147,140,217
147,140,162
147,140,-43
147,140,47
147,141,36
147,141,102
147,143,104
147,143,86
147,143,85
147,145,170
147,151,149
147,153,58
147,153,-30
147,155,145
147,155,198
147,156,128
147,157,86
147,158,200
147,159,118
147,161,197
147,162,163
147,164,60
147,168,130
147,169,7
147,172,45
147,173,102
147,175,12
147,177,125
147,178,85
147,178,55
147,178,133
147,179,43
147,179,50
147,181,-27
147,181,159
147,181,155
147,181,102
147,182,18
147,182,44
147,183,27
147,184,174
147,184,-32
147,186,43
147,187,89
147,188,9
147,188,34
147,189,17
147,191,72
147,192,-39
147,193,-11
147,194,-23
147,198,85
147,198,78
147,198,1
147,199,-35
147,200,125
147,202,77
147,204,89
147,204,100
147,205,16
147,205,-43
147,205,115
147,205,36
147,206,23
147,207,6
147,208,83
147,210,68
147,211,136
147,211,20
147,211,136
147,211,88
147,212,67
147,215,106
147,217,105
147,221,164
147,226,-23
147,226,86
147,242,76
147,242,67
147,245,-36
147,249,-52
147,251,-14
147,253,136
147,256,46
147,262,54
147,263,-5
147,263,103
147,265,-12
147,265,142
147,270,134
147,275,43
147,286,19
147,291,12
147,295,140
147,316,141
147,332,101
147,334,135
147,337,94
147,346,94
147,378,64
147,378,101
147,382,100
147,383,140
147,384,64
147,388,140
147,389,135
147,390,62
147,420,95
147,426,100
147,428,92
148,0,0
148,262,85
148,268,64
148,271,66
148,274,70
148,276,94
148,278,96
148,278,76
148,283,95
148,289,71
148,289,79
148,290,69
148,292,23
148,295,13
148,296,89
148,297,15
148,298,19
148,306,16
148,307,22
149,-291,-206
149,-282,-189
149,-278,-200
149,-271,-186
149,-267,-97
149,-262,-162
149,-260,-170
149,-259,-198
149,-258,-118
149,-258,-192
149,-257,-80
149,-256,-129
149,-248,-209
149,-242,-196
149,-241,-207
149,-239,-138
149,-233,-185
149,-230,-212
149,-228,-142
149,-226,-207
149,-226,-95
149,-225,-295
149,-225,-295
149,-225,62
149,-225,-283
149,-224,-91
149,-223,-13
149,-222,-8
149,-220,61
149,-220,-11
149,-219,-97
149,-218,61
149,-218,-92
149,-218,-97
149,-217,-284
149,-217,16
149,-215,-63
149,-212,24
149,-211,-99
149,-207,-56
149,-205,-56
149,-203,-62
149,-198,-144
149,-191,-60
149,-191,60
149,-184,62
149,-182,48
149,-182,-175
149,-182,-175
149,-179,49
149,-178,-294
149,-177,53
149,-175,59
149,-175,59
149,-173,-298
149,-169,-244
149,-169,-174
149,-169,-138
149,-167,8
149,-166,-301
149,-162,-178
149,-160,-2
149,-157,-183
149,-157,-179
149,-157,-187
149,-154,14
149,-154,-301
149,-154,14
149,-154,-0
149,-153,-308
149,-152,-248
149,-152,-5
149,-152,-11
149,-150,-238
149,-148,-182
149,-147,-9
149,-146,-186
149,-143,-237
149,-142,-135
149,-142,-73
149,-142,-69
149,-142,-80
149,-141,-305
149,-140,-18
149,-139,9
149,-138,-87
149,-135,-185
149,-134,-41
149,-132,-1
149,-131,-32
149,-131,98
149,-129,25
149,-128,-37
149,-127,-19
149,-127,40
149,-127,97
149,-126,-252
149,-126,-41
149,-125,4
149,-125,-229
149,-124,-182
149,-124,-138
149,-123,29
149,-123,-45
149,-122,31
149,-122,-246
149,-121,-178
149,-120,-182
149,-120,-250
149,-119,-17
149,-119,-46
149,-118,-230
149,-117,-3
149,-117,-180
149,-116,18
149,-115,99
149,-114,-246
149,-114,39
149,-113,27
149,-112,49
149,-111,-103
149,-109,-13
149,-108,4
149,-107,96
149,-107,-5
149,-107,-39
149,-107,-28
149,-106,-39
149,-106,-100
149,-106,-104
149,-103,-125
149,-103,-105
149,-103,-227
149,-103,-240
149,-102,-97
149,-102,85
149,-101,85
149,-100,-151
149,-100,-229
149,-99,-209
149,-98,-180
149,-98,-93
149,-98,-165
149,-97,-216
149,-97,-116
149,-97,-97
149,-95,-42
149,-94,-297
149,-93,-235
149,-93,-33
149,-92,-286
149,-90,-257
149,-90,20
149,-90,21
149,-87,-37
149,-86,-276
149,-86,20
149,-85,-256
149,-84,-30
149,-83,-41
149,-82,-290
149,-82,-265
149,-81,-53
149,-76,-281
149,-74,-252
149,-74,-38
149,-71,-50
149,-69,-293
149,-68,-282
149,-65,20
149,-65,61
149,-63,-101
149,-63,24
149,-63,49
149,-61,19
149,-61,-241
149,-61,-225
149,-60,-98
149,-60,29
149,-60,42
149,-60,-138
149,-59,15
149,-57,63
149,-56,-94
149,-55,-138
149,-55,42
149,-54,57
149,-54,-99
149,-50,-215
149,-50,22
149,-49,-203
149,-48,-98
149,-42,-232
149,-41,-246
149,-40,-99
149,-37,-198
149,-36,-214
149,-36,-211
149,-34,-204
149,-33,-102
149,-33,-225
149,-32,-212
149,-25,-59
149,-23,-18
149,-23,-18
149,-23,24
149,-23,-104
149,-23,-51
149,-22,-203
149,-21,-293
149,-21,1
149,-21,-27
149,-20,0
149,-20,-67
149,-20,-8
149,-20,-53
149,-18,28
149,-18,14
149,-17,-20
149,-17,-67
149,-16,-292
149,-13,-55
149,-11,-201
149,-11,-104
149,-8,-302
149,-5,-194
149,-3,-300
149,-0,-296
149,0,0
149,0,0
149,0,0
149,0,0
149,0,0
149,0,0
149,0,0
149,1,-100
149,1,-305
149,1,1
149,1,1
149,1,1
149,1,1
149,1,1
149,3,-201
149,11,-260
149,11,-26
149,12,-300
149,15,-263
149,19,-179
149,20,-161
149,20,-161
149,20,-262
149,22,-152
149,22,-269
149,22,-294
149,24,-266
149,25,-269
149,28,-21
149,30,-301
149,33,-142
149,34,-21
149,34,-129
149,35,-26
149,39,-16
149,40,-26
149,41,-122
149,43,-299
149,45,-16
149,48,-143
149,49,-112
149,49,-164
149,50,-214
149,53,-226
149,55,-248
149,55,-209
149,55,-144
149,56,-153
149,57,-218
149,57,-1
149,57,-255
149,57,-248
149,57,-272
149,57,-347
149,58,-329
149,58,-340
149,58,-140
149,58,-325
149,58,-275
149,59,-243
149,59,4
149,60,-201
149,61,-98
149,62,-106
149,62,-331
149,62,41
149,63,-287
149,63,-204
149,63,-295
149,64,-126
149,64,-342
149,64,9
149,65,-173
149,67,-258
149,70,-144
149,71,-97
149,71,-157
149,71,-113
149,76,-120
149,78,-18
149,79,-261
149,83,-16
149,83,-131
149,84,-101
149,85,-164
149,89,-105
149,91,55
149,91,55
149,94,-120
149,94,-266
149,95,-13
149,96,-143
149,97,62
149,99,57
149,100,66
149,101,-185
149,101,-178
149,101,-214
149,102,-150
149,113,-261
149,121,-140
149,121,-258
149,129,-18
149,129,-142
149,137,-152
149,137,-275
149,141,-35
149,142,-172
149,144,-178
149,145,-20
149,146,-176
149,146,-98
149,150,-122
149,150,-298
149,154,-18
149,157,-176
149,157,-256
149,157,-121
149,158,-18
149,159,-185
149,159,-79
149,161,-69
149,161,-15
149,163,-260
149,163,-25
149,165,-183
149,166,-263
149,167,-175
149,170,-256
149,171,-376
149,171,-375
149,171,-250
149,173,-214
149,174,-20
149,175,-344
149,175,-79
149,176,-219
149,177,-254
149,177,-373
149,177,-341
149,177,-183
149,178,-368
149,180,-191
149,180,-173
149,180,-257
149,181,-213
149,188,-373
149,188,-295
149,190,-371
149,190,-255
149,198,-123
149,201,-257
149,205,-105
149,207,-300
149,209,-78
149,216,-303
149,218,-277
149,219,-292
149,221,-161
149,222,-71
149,225,-307
149,225,-173
149,229,-112
149,234,-132
149,234,-131
149,236,-95
149,237,-80
149,240,-77
149,240,-69
149,241,-120
149,242,-301
149,244,-235
149,244,-240
149,245,-250
149,247,-233
149,252,-249
149,256,-227
149,267,-60
149,270,-210
149,270,-233
149,272,-266
149,272,-249
149,278,-253
149,278,-286
149,280,-290
149,281,-226
149,289,-215
149,292,-215
149,293,-269
149,294,-217
149,297,-187
149,298,-22
149,298,-52
149,298,-203
149,301,-189
149,302,-15
149,303,-209
149,304,-200
149,306,-28
149,309,-61
149,312,-20
149,315,-204
149,316,-53
149,320,-19
149,324,-56
149,324,-138
149,333,-253
149,334,-145
149,336,-139
149,337,-110
149,338,-240
149,338,-217
149,339,-246
149,339,-61
149,340,-109
149,340,-128
149,341,-163
149,342,-227
149,346,-63
149,370,-182
149,371,-183
149,372,-176
149,378,-178
150,-66,-186
150,-66,-186
150,-66,-145
150,-65,-183
150,-64,-146
150,-63,-146
150,-62,-230
150,-62,-147
150,-61,-150
150,-61,-145
150,-61,-251
150,-61,-151
150,-59,-154
150,-59,-215
150,-57,-263
150,-57,-260
150,-56,-265
150,-55,-213
150,-53,-211
150,-53,-327
150,-52,-311
150,-51,-325
150,-51,-260
150,-51,-260
150,-48,-328
150,-39,-331
150,-30,-260
150,-29,-335
150,-25,-142
150,-24,-345
150,-23,-139
150,-22,-298
150,-22,-152
150,-22,-142
150,-22,-212
150,-22,-197
150,-22,-200
150,-21,-162
150,-20,-200
150,-20,-200
150,-19,-220
150,-18,-192
150,-17,-382
150,-16,-383
150,-15,-137
150,-12,-328
150,-11,-311
150,-10,-383
150,-10,-264
150,-10,-381
150,-9,-220
150,-9,-286
150,-6,-299
150,-5,-291
150,-4,-220
150,-2,-289
150,-0,-381
150,0,0
150,0,0
150,0,0
150,0,0
150,0,0
150,0,0
150,0,0
150,0,0
150,0,0
150,1,-380
150,1,1
150,1,-309
150,2,-279
150,3,-300
150,4,-378
150,4,-378
150,5,-272
150,6,-216
150,6,-218
150,7,-143
150,8,-135
150,8,-221
150,10,-303
150,11,-139
150,12,-313
150,13,-301
150,13,-216
150,14,-288
150,16,-134
150,19,-132
150,19,-217
150,20,-174
150,21,-147
150,22,-100
150,22,-178
150,23,-101
150,23,-142
150,25,-99
150,25,-101
150,25,-186
150,26,-182
150,30,-142
150,33,-265
150,35,-181
150,36,-295
150,38,-181
150,43,-275
150,43,-179
150,44,-181
150,45,-275
150,45,-273
150,45,-274
150,48,-220
150,50,-219
150,55,-144
150,56,-216
150,56,-290
150,56,-215
150,57,-217
150,57,-259
150,58,-258
150,58,-113
150,59,-109
150,59,-223
150,60,-224
150,61,-118
150,67,-139
150,72,-142
150,74,-97
150,74,-100
150,78,-99
150,79,-98
150,80,-97
150,82,-96
150,88,-100
150,89,-97
150,92,-105
150,93,-102
150,98,-137
150,100,-147
150,108,-144
150,181,-17
150,186,-94
150,188,42
150,188,-22
150,194,-108
150,198,27
150,199,-78
150,199,-76
150,200,-65
150,200,50
150,200,50
150,201,50
150,205,54
150,209,-129
150,210,50
150,211,-125
150,211,30
150,213,-63
150,213,-178
150,214,-171
150,216,37
150,218,-123
150,218,-103
150,218,-174
150,218,-101
150,219,-206
150,219,-167
150,221,-197
150,221,-200
150,221,-203
150,222,-203
150,222,-173
150,222,-248
150,223,-203
150,223,-232
150,223,-78
150,223,59
150,224,-138
150,225,-225
150,225,-110
150,226,-179
150,229,59
150,230,-96
150,232,-173
150,233,-68
150,233,61
150,236,-118
150,237,59
150,240,-85
150,241,-132
150,242,-79
150,245,60
150,247,62
150,250,-124
150,251,-81
150,256,-124
150,257,58
150,258,41
150,259,-99
151,-274,196
151,-268,199
151,-265,127
151,-264,-15
151,-263,182
151,-263,165
151,-261,145
151,-260,163
151,-259,-55
151,-259,186
151,-258,142
151,-258,132
151,-258,-24
151,-258,177
151,-254,164
151,-254,117
151,-251,97
151,-251,169
151,-250,100
151,-242,137
151,-240,159
151,-240,88
151,-237,101
151,-236,103
151,-233,172
151,-227,145
151,-227,133
151,-224,-59
151,-223,119
151,-214,173
151,-212,140
151,-210,175
151,-208,110
151,-208,123
151,-207,107
151,-205,163
151,-202,94
151,-199,105
151,-198,148
151,-196,102
151,-193,182
151,-188,159
151,-185,50
151,-185,149
151,-184,-18
151,-183,3
151,-182,157
151,-182,166
151,-182,-30
151,-181,-69
151,-181,-5
151,-181,34
151,-181,109
151,-180,-39
151,-179,-59
151,-179,-64
151,-178,98
151,-178,35
151,-178,153
151,-178,-24
151,-178,24
151,-178,-75
151,-177,-92
151,-177,21
151,-177,89
151,-177,-85
151,-176,45
151,-176,27
151,-176,216
151,-175,121
151,-174,110
151,-173,58
151,-173,-20
151,-172,91
151,-169,102
151,-169,-20
151,-164,195
151,-163,-102
151,-162,191
151,-160,219
151,-159,-102
151,-158,63
151,-157,-19
151,-156,59
151,-156,16
151,-155,99
151,-152,63
151,-150,-102
151,-149,62
151,-147,-66
151,-146,-63
151,-145,-61
151,-143,83
151,-143,78
151,-142,99
151,-142,-135
151,-142,-58
151,-141,-24
151,-141,-57
151,-141,-104
151,-140,-84
151,-140,99
151,-139,-144
151,-139,-90
151,-138,-80
151,-138,-135
151,-138,-27
151,-137,60
151,-137,89
151,-136,-39
151,-136,29
151,-136,-18
151,-135,-58
151,-135,219
151,-132,-3
151,-132,13
151,-132,-95
151,-131,-63
151,-130,-21
151,-130,-100
151,-130,-39
151,-129,73
151,-127,9
151,-126,51
151,-125,-100
151,-125,-100
151,-124,103
151,-123,37
151,-122,-13
151,-122,-100
151,-121,78
151,-120,-100
151,-120,-138
151,-120,-69
151,-120,-20
151,-114,-42
151,-114,19
151,-113,29
151,-112,-16
151,-110,99
151,-110,-102
151,-110,219
151,-110,21
151,-107,42
151,-106,96
151,-104,2
151,-104,-131
151,-103,57
151,-103,-38
151,-103,-124
151,-102,-37
151,-102,-128
151,-102,64
151,-101,-114
151,-101,-100
151,-101,-128
151,-101,-83
151,-101,-180
151,-100,211
151,-100,44
151,-100,178
151,-100,-174
151,-100,-128
151,-100,-87
151,-100,-142
151,-100,-173
151,-99,151
151,-99,-150
151,-99,-101
151,-99,21
151,-99,93
151,-99,-54
151,-98,102
151,-98,139
151,-97,-127
151,-97,-66
151,-97,-139
151,-97,-85
151,-97,-219
151,-97,98
151,-95,59
151,-94,29
151,-94,-54
151,-94,-65
151,-93,-63
151,-92,-221
151,-92,-32
151,-90,59
151,-90,59
151,-89,20
151,-88,103
151,-88,-144
151,-88,104
151,-87,-182
151,-87,-102
151,-87,-39
151,-86,-221
151,-86,-80
151,-85,-17
151,-85,74
151,-85,141
151,-84,98
151,-84,-99
151,-84,23
151,-83,-20
151,-82,-38
151,-81,-139
151,-81,-38
151,-80,62
151,-79,-80
151,-78,-29
151,-78,-83
151,-78,-74
151,-76,-136
151,-76,-57
151,-76,-97
151,-76,-58
151,-74,39
151,-73,-55
151,-72,12
151,-70,139
151,-70,62
151,-70,-222
151,-69,46
151,-68,-11
151,-67,77
151,-65,180
151,-65,-58
151,-65,92
151,-64,-82
151,-64,-59
151,-63,-144
151,-63,-184
151,-63,87
151,-62,23
151,-61,-62
151,-61,-70
151,-61,-220
151,-61,-180
151,-61,-206
151,-60,64
151,-60,-91
151,-60,-91
151,-60,-101
151,-60,91
151,-60,50
151,-60,80
151,-59,60
151,-59,-134
151,-59,-88
151,-59,-38
151,-59,75
151,-59,139
151,-59,5
151,-59,61
151,-58,-139
151,-58,-56
151,-58,6
151,-58,-63
151,-57,-21
151,-57,-0
151,-56,62
151,-55,72
151,-54,-64
151,-54,-59
151,-53,-142
151,-53,-26
151,-53,-59
151,-52,-181
151,-51,-15
151,-49,-100
151,-48,-102
151,-47,-183
151,-45,-139
151,-42,22
151,-40,-144
151,-39,-99
151,-39,-101
151,-36,-179
151,-34,180
151,-33,-99
151,-32,-139
151,-30,-102
151,-28,-136
151,-25,-142
151,-25,-23
151,-25,-140
151,-24,15
151,-23,-21
151,-22,-139
151,-22,-102
151,-22,13
151,-22,-40
151,-21,-17
151,-21,-132
151,-21,57
151,-21,-61
151,-20,149
151,-20,-70
151,-19,-1
151,-19,-71
151,-19,-178
151,-19,181
151,-19,-185
151,-18,-93
151,-18,-70
151,-18,-10
151,-18,126
151,-18,-20
151,-18,-98
151,-18,-24
151,-18,18
151,-18,-91
151,-17,-139
151,-17,22
151,-17,-153
151,-16,-102
151,-15,-19
151,-4,-22
151,0,-177
151,1,-186
151,1,1
151,5,-191
151,9,-185
151,11,60
151,11,-24
151,11,-25
151,13,-90
151,14,-138
151,17,-123
151,17,-88
151,18,-132
151,19,-120
151,19,-151
151,19,-13
151,20,-1
151,20,-2
151,21,-10
151,21,-214
151,21,-56
151,21,-176
151,22,-123
151,22,-30
151,22,-56
151,22,16
151,22,35
151,24,20
151,24,-180
151,25,-146
151,25,19
151,31,-220
151,32,-186
151,34,-219
151,34,-177
151,34,-174
151,36,-102
151,38,-160
151,39,-19
151,41,-154
151,44,-108
151,45,-104
151,46,-122
151,47,-177
151,47,-101
151,54,-147
151,58,-120
151,59,-131
151,59,-21
151,62,-203
151,65,-146
151,67,-177
151,69,-94
151,69,-182
151,70,-100
151,73,-124
151,77,-109
151,78,-174
151,79,-138
151,79,22
151,80,-182
151,90,-104
151,92,-107
151,94,-187
151,95,-123
151,96,-130
151,98,-180
151,99,-149
151,101,22
151,101,10
151,103,-95
151,104,-190
151,107,-100
151,110,-92
151,113,-164
151,117,-90
151,117,-94
151,186,-140
152,-328,-7
152,-327,-4
152,-320,-8
152,-315,-4
152,-314,-6
152,-312,-5
152,-311,-9
153,-252,-277
153,-252,-290
153,-240,-285
153,-232,-264
153,-231,-283
153,-226,59
153,-224,97
153,-224,24
153,-222,26
153,-221,97
153,-221,161
153,-220,73
153,-220,162
153,-220,72
153,-220,156
153,-217,-264
153,-216,57
153,-215,69
153,-214,-276
153,-209,65
153,-209,203
153,-208,-241
153,-207,-236
153,-207,-236
153,-207,-301
153,-206,-239
153,-205,-258
153,-205,-328
153,-204,-251
153,-204,-273
153,-204,188
153,-202,-275
153,-201,201
153,-201,-293
153,-200,-330
153,-198,101
153,-198,-258
153,-198,196
153,-197,-327
153,-197,-296
153,-196,20
153,-196,-276
153,-196,-292
153,-196,200
153,-195,-339
153,-195,20
153,-195,-320
153,-194,208
153,-194,-263
153,-193,217
153,-193,97
153,-193,134
153,-189,205
153,-187,90
153,-187,87
153,-187,132
153,-186,-283
153,-185,197
153,-185,194
153,-184,-269
153,-182,83
153,-181,134
153,-181,-189
153,-180,145
153,-180,-188
153,-180,-277
153,-180,146
153,-180,-183
153,-179,129
153,-179,-276
153,-175,-157
153,-172,-149
153,-171,-52
153,-171,-136
153,-170,-121
153,-169,-98
153,-169,-60
153,-167,-93
153,-166,-106
153,-166,-109
153,-166,-32
153,-165,-76
153,-160,-65
153,-159,-157
153,-157,-49
153,-156,-157
153,-152,-50
153,-151,-127
153,-150,-135
153,-149,-67
153,-146,-45
153,-146,-26
153,-146,-122
153,-146,-66
153,-145,-129
153,-144,-36
153,-143,-38
153,-142,-318
153,-142,-172
153,-142,142
153,-142,-336
153,-142,39
153,-141,-46
153,-141,81
153,-141,-85
153,-140,-101
153,-140,-100
153,-139,81
153,-139,147
153,-138,-327
153,-138,54
153,-138,55
153,-137,93
153,-137,-57
153,-135,95
153,-135,-298
153,-134,-293
153,-134,-238
153,-134,-230
153,-133,-232
153,-132,-24
153,-130,-85
153,-128,-87
153,-128,-236
153,-128,-200
153,-128,-301
153,-123,-58
153,-122,-189
153,-122,-67
153,-121,-198
153,-120,-301
153,-119,-190
153,-111,8
153,-111,9
153,-109,22
153,-108,-248
153,-107,-229
153,-106,-61
153,-105,-39
153,-104,-346
153,-103,-299
153,-103,105
153,-103,-58
153,-102,-47
153,-100,105
153,-100,-309
153,-99,-335
153,-97,103
153,-96,-338
153,-95,-341
153,-94,-347
153,-87,70
153,-86,83
153,-86,-59
153,-86,84
153,-85,80
153,-85,78
153,-81,-262
153,-81,100
153,-80,113
153,-80,106
153,-80,75
153,-77,114
153,-77,117
153,-77,94
153,-76,-60
153,-76,101
153,-75,137
153,-72,135
153,-72,-264
153,-70,-183
153,-69,-222
153,-69,98
153,-67,114
153,-67,73
153,-66,105
153,-63,-220
153,-60,-266
153,-58,-221
153,-56,-302
153,-55,-175
153,-55,-97
153,-53,-17
153,-53,-303
153,-48,-14
153,-47,-97
153,-47,-97
153,-47,-2
153,-44,-61
153,-42,-63
153,-40,-93
153,-38,142
153,-37,142
153,-36,-39
153,-34,-24
153,-34,-63
153,-31,-57
153,-31,-59
153,-28,-98
153,-28,-37
153,-26,11
153,-24,-177
153,-23,6
153,-23,-209
153,-22,-209
153,-22,-263
153,-21,-302
153,-20,-180
153,-18,-176
153,-17,114
153,-17,-67
153,-17,-294
153,-16,-206
153,-16,-2
153,-15,107
153,-14,82
153,-13,109
153,-12,-111
153,-11,127
153,-11,-138
153,-10,-82
153,-10,115
153,-8,-10
153,-7,15
153,-7,128
153,-7,83
153,-7,-116
153,-6,105
153,-5,-41
153,-4,79
153,-4,86
153,-1,-131
153,0,0
153,0,0
153,0,-54
153,1,1
153,1,1
153,1,1
153,1,1
153,1,1
153,1,1
153,2,80
153,2,81
153,3,9
153,4,133
153,5,128
153,6,124
153,6,-65
153,6,-57
153,7,78
153,7,-50
153,7,-114
153,8,102
153,9,100
153,10,104
153,11,95
153,14,109
153,15,119
153,16,-18
153,16,-88
153,17,-9
153,17,-99
153,20,-78
153,20,-109
153,20,37
153,21,64
153,21,48
153,21,-122
153,21,-19
153,22,90
153,23,-88
153,25,-107
153,25,67
153,27,-33
153,27,132
153,30,-25
153,30,140
153,31,-62
153,32,63
153,34,77
153,35,136
153,35,-133
153,36,-104
153,36,67
153,36,-47
153,37,64
153,37,-164
153,38,4
153,39,117
153,40,-34
153,42,-157
153,43,129
153,44,-86
153,45,-110
153,45,133
153,45,16
153,47,-142
153,50,-59
153,51,-155
153,51,-154
153,51,137
153,52,109
153,55,84
153,56,-165
153,57,119
153,58,88
153,59,78
153,59,98
153,60,-203
153,60,82
153,63,-79
153,63,94
153,64,-224
153,66,67
153,71,62
153,71,-50
153,73,95
153,75,-91
153,76,77
153,78,-71
153,82,-30
153,85,-96
153,89,-39
153,92,-43
153,95,72
153,98,68
153,102,91
153,104,81
153,108,88
153,109,50
153,109,37
153,110,83
153,112,34
153,118,-60
153,121,67
153,122,90
153,122,52
153,124,78
153,126,-59
153,127,93
153,129,21
153,134,45
153,144,0
153,144,-59
153,145,-26
153,145,-28
153,146,-3
153,146,-52
153,147,-83
153,149,-64
153,150,-61
153,151,10
153,153,-10
153,154,2
153,155,-11
153,159,-73
153,159,-36
153,160,-96
153,161,-93
153,163,-58
153,163,-59
153,166,-56
153,171,-13
153,172,-11
153,175,65
153,175,-17
153,175,-7
153,177,63
153,179,-122
153,181,44
153,181,-121
153,181,39
153,182,47
153,182,-34
153,186,-71
153,186,-66
153,188,-61
153,193,-163
153,193,-43
153,195,-74
153,201,-63
153,201,-158
153,204,-64
153,206,-90
153,206,-154
153,211,-171
153,214,-32
153,214,-37
153,214,-60
153,215,-31
153,216,-157
153,217,-163
153,218,-70
153,220,0
153,222,-9
153,241,19
153,247,-99
153,252,-20
153,252,-20
153,254,-16
153,254,-16
153,254,22
153,258,53
153,259,55
153,260,-168
153,260,-168
153,260,23
153,261,-102
153,263,18
153,264,-98
153,264,-177
153,265,-100
153,268,13
153,272,17
153,278,-141
153,286,-99
153,287,-103
153,290,-106
153,295,29
153,295,-145
153,297,-73
153,299,-4
153,299,80
153,299,5
153,300,-83
153,302,70
153,303,21
153,303,-103
153,309,-28
153,314,101
153,317,-27
153,319,23
153,320,-33
153,320,23
153,321,-24
153,321,-34
153,321,-27
153,331,18
153,336,17
153,336,101
153,345,-101
153,364,-99
153,405,-99
153,418,-99
154,-63,16
154,-61,-11
154,-25,56
154,-21,19
154,-21,55
154,-21,31
154,-19,57
154,-18,18
154,1,1
154,1,1
154,1,1
154,1,1
154,1,1
154,16,15
154,27,21
154,27,21
154,65,139
154,66,139
154,66,43
154,67,50
154,69,28
154,70,54
154,73,142
154,73,37
154,78,34
154,78,39
154,83,47
154,89,37
154,100,97
154,100,86
154,102,93
155,-540,73
155,-530,76
155,-526,58
155,-518,58
155,-517,19
155,-512,36
155,-499,97
155,-498,26
155,-465,51
155,-463,112
155,-461,-12
155,-458,52
155,-452,109
155,-445,-20
155,-445,117
155,-445,126
155,-440,0
155,-440,120
155,-436,109
155,-435,-19
155,-428,111
155,-425,20
155,-425,-18
155,-421,5
155,-384,-96
155,-382,-124
155,-381,-142
155,-380,43
155,-379,38
155,-368,-179
155,-366,-141
155,-359,-100
155,-348,-186
155,-344,-132
155,-341,-186
155,-341,13
155,-339,-184
155,-336,-43
155,-318,-20
155,-311,-49
155,-311,6
155,-303,8
155,-300,-62
155,-300,22
155,-296,-62
155,-276,-8
155,-270,-17
155,-270,20
155,-264,142
155,-261,-33
155,-261,135
155,-259,135
155,-258,-52
155,-245,98
155,-243,98
155,-243,62
155,-226,141
155,-224,-21
155,-220,-73
155,-217,66
155,-216,-96
155,-206,-96
155,-197,-62
155,-183,-80
155,-180,9
155,-146,-68
155,-145,-60
155,-142,-62
155,-140,-95
155,-136,-21
155,-113,71
155,-112,60
155,-111,99
155,-110,-109
155,-110,56
155,-110,-114
155,-110,-150
155,-110,67
155,-109,-134
155,-109,-99
155,-107,102
155,-106,-151
155,-105,112
155,-104,51
155,-103,50
155,-102,104
155,-102,-88
155,-102,-129
155,-101,-99
155,-101,53
155,-100,-98
155,-100,-154
155,-100,114
155,-100,48
155,-100,-28
155,-100,12
155,-99,-28
155,-99,12
155,-99,-28
155,-99,12
155,-98,50
155,-98,-28
155,-97,-151
155,-96,-130
155,-96,-129
155,-95,12
155,-95,-150
155,-95,-89
155,-95,-136
155,-95,-54
155,-94,-111
155,-94,-14
155,-94,-44
155,-94,87
155,-93,72
155,-91,-28
155,-91,-113
155,-90,93
155,-90,90
155,-89,-87
155,-89,65
155,-89,14
155,-88,-25
155,-88,91
155,-88,-25
155,-88,69
155,-87,9
155,-86,-38
155,-86,-48
155,-85,-56
155,-83,-43
155,-83,-48
155,-82,8
155,-82,-20
155,-82,-14
155,-81,-37
155,-81,-47
155,-81,5
155,-81,-34
155,-79,0
155,-78,-1
155,-77,-2
155,-77,-2
155,-77,-15
155,-76,-36
155,-76,-12
155,-76,-2
155,-76,-4
155,-76,-27
155,-75,-33
155,-75,2
155,-75,-15
155,-74,-9
155,-74,-0
155,-74,-1
155,-74,59
155,-73,-112
155,-73,110
155,-73,57
155,-73,53
155,-72,90
155,-72,-147
155,-72,106
155,-71,107
155,-71,-41
155,-71,-41
155,-71,-3
155,-71,-36
155,-71,-4
155,-71,-4
155,-71,-4
155,-71,-4
155,-71,-3
155,-71,-38
155,-71,-40
155,-70,65
155,-70,-151
155,-70,-132
155,-70,111
155,-69,-88
155,-69,99
155,-69,53
155,-69,-29
155,-69,-0
155,-69,-153
155,-68,-113
155,-67,-151
155,-66,-31
155,-66,-31
155,-66,-31
155,-65,-26
155,-65,-49
155,-64,51
155,-64,-38
155,-64,-31
155,-64,-128
155,-63,-36
155,-63,-16
155,-63,-52
155,-63,3
155,-63,-19
155,-63,-19
155,-63,-27
155,-63,145
155,-62,-46
155,-62,8
155,-61,52
155,-60,-86
155,-60,-183
155,-59,53
155,-59,-38
155,-58,-129
155,-57,-131
155,-57,-185
155,-56,-91
155,-56,-183
155,-55,-41
155,-55,-28
155,-54,-93
155,-54,5
155,-53,-138
155,-52,-110
155,-51,-127
155,-51,-128
155,-51,-128
155,-51,-112
155,-50,-11
155,-50,-126
155,-50,107
155,-50,-125
155,-50,142
155,-49,70
155,-49,-124
155,-49,-153
155,-48,-103
155,-48,91
155,-47,67
155,-47,90
155,-47,108
155,-47,-92
155,-47,-132
155,-46,110
155,-41,-24
155,-32,-24
155,-32,70
155,-31,44
155,-30,-86
155,-28,90
155,-26,-93
155,-26,108
155,-26,-88
155,-25,53
155,-13,-146
155,-12,-146
155,-12,-153
155,-12,-153
155,-11,112
155,-11,107
155,-10,68
155,-10,103
155,-9,68
155,-7,-110
155,0,0
155,0,0
155,0,0
155,0,0
155,0,0
155,0,0
155,0,0
155,0,0
155,0,0
155,0,0
155,0,0
155,0,0
155,0,0
155,0,0
155,0,0
155,0,0
155,0,0
155,0,0
155,0,0
155,0,0
155,0,0
155,0,0
155,0,0
155,0,0
155,0,0
155,0,0
155,0,0
155,0,0
155,0,0
155,0,0
155,0,0
155,0,0
155,0,0
155,0,0
155,0,0
155,0,0
155,0,0
155,0,0
155,0,0
155,0,0
155,0,0
155,0,0
155,0,0
155,0,0
155,0,0
155,0,0
155,0,0
155,0,0
155,0,0
155,0,0
155,0,0
155,0,0
155,0,0
155,0,0
155,0,0
155,0,0
155,0,0
155,0,0
155,0,0
155,0,0
155,0,0
155,0,0
155,0,0
155,0,0
155,0,0
155,0,0
155,0,0
155,0,0
155,0,0
155,0,0
155,0,0
155,0,0
155,0,0
155,0,0
155,0,0
155,0,0
155,0,0
155,0,0
155,0,0
155,0,0
155,0,0
155,0,0
155,0,0
155,0,0
155,0,0
155,0,0
155,0,0
155,0,0
155,0,0
155,0,0
155,0,0
155,0,0
155,0,0
155,0,0
155,0,0
155,0,0
155,0,0
155,0,0
155,0,0
155,0,0
155,0,0
155,0,0
155,0,0
155,0,0
155,0,0
155,0,0
155,0,0
155,0,0
155,0,0
155,0,0
155,0,0
155,0,0
155,0,0
155,0,0
155,0,0
155,0,0
155,0,0
155,0,0
155,0,0
155,0,0
155,0,0
155,0,0
155,0,0
155,0,0
155,0,0
155,0,0
155,0,0
155,0,0
155,0,0
155,0,0
155,0,0
155,0,0
155,0,0
155,0,0
155,0,0
155,0,0
155,0,0
155,0,0
155,0,0
155,0,0
155,0,0
155,0,0
155,0,0
155,0,0
155,0,0
155,0,0
155,0,0
155,0,0
155,0,0
155,0,0
155,0,0
155,0,0
155,0,0
155,0,0
155,0,0
155,0,0
155,0,0
155,0,0
155,0,0
155,0,0
155,0,0
155,0,0
155,0,0
155,0,0
155,0,0
155,0,0
155,0,0
155,0,0
155,0,0
155,0,0
155,0,0
155,0,0
155,0,0
155,0,0
155,0,0
155,0,0
155,0,0
155,0,0
155,0,0
155,0,0
155,0,0
155,0,0
155,0,0
155,0,0
155,0,0
155,0,0
155,0,0
155,0,0
155,0,0
155,0,0
155,0,0
155,0,0
155,0,0
155,0,0
155,0,0
155,0,0
155,0,0
155,0,0
155,0,0
155,0,0
155,0,0
155,0,0
155,0,0
155,0,0
155,0,0
155,0,0
155,0,0
155,0,0
155,0,0
155,0,0
155,0,0
155,0,0
155,0,0
155,0,0
155,0,0
155,0,0
155,0,0
155,0,0
155,0,0
155,0,0
155,0,0
155,0,0
155,0,0
155,0,0
155,0,0
155,0,0
155,0,0
155,0,0
155,0,0
155,0,0
155,0,0
155,0,0
155,0,0
155,0,0
155,0,0
155,0,0
155,0,0
155,0,0
155,0,0
155,0,0
155,0,0
155,0,0
155,0,0
155,0,0
155,0,0
155,0,0
155,0,0
155,0,0
155,0,0
155,0,0
155,0,0
155,0,0
155,0,0
155,0,0
155,0,0
155,0,0
155,0,0
155,0,0
155,0,0
155,0,0
155,0,0
155,0,0
155,0,0
155,0,0
156,-1106,-720
156,-1104,-721
156,-1103,-721
156,-786,-480
156,-784,-482
156,-783,-481
156,-466,-240
156,-464,-242
156,-463,-241
156,0,0
156,0,0
156,0,0
156,0,0
156,0,0
156,0,0
156,0,0
156,0,0
156,0,0
156,0,0
156,0,0
156,0,0
156,0,0
156,0,0
156,0,0
156,0,0
156,0,0
156,0,0
156,0,0
156,0,0
156,0,0
156,0,0
156,0,0
156,0,0
156,0,0
156,0,0
156,0,0
156,0,0
156,0,0
156,0,0
156,0,0
156,0,0
156,0,0
156,0,0
156,0,0
156,0,0
156,0,0
156,0,0
156,0,0
156,0,0
156,0,0
156,0,0
157,-503,24
157,-502,-15
157,-501,-24
157,-499,13
157,-495,19
157,-493,16
157,-488,31
157,-487,71
157,-483,-10
157,-482,35
157,-482,-20
157,-482,52
157,-480,52
157,-480,-38
157,-479,81
157,-477,39
157,-475,73
157,-474,84
157,-472,82
157,-470,-43
157,-470,-23
157,-467,-58
157,-464,56
157,-463,-46
157,-462,25
157,-461,-25
157,-461,55
157,-460,-60
157,-459,-18
157,-458,89
157,-458,-10
157,-458,15
157,-457,98
157,-456,34
157,-454,-54
157,-454,68
157,-453,-1
157,-453,19
157,-453,8
157,-452,-0
157,-450,-35
157,-448,45
157,-447,-8
157,-447,100
157,-446,34
157,-444,-3
157,-442,32
157,-441,44
157,-441,69
157,-440,-6
157,-438,77
157,-438,-9
157,-432,84
157,-431,70
157,-429,-10
157,-429,-61
157,-427,-11
157,-427,95
157,-427,47
157,-424,94
157,-424,105
157,-424,110
157,-423,101
157,-423,-64
157,-422,54
157,-422,86
157,-421,-16
157,-421,-45
157,-421,91
157,-421,85
157,-420,98
157,-420,95
157,-420,106
157,-419,63
157,-418,-49
157,-418,50
157,-418,-13
157,-417,-13
157,-416,91
157,-414,103
157,-412,-67
157,-412,99
157,-412,-9
157,-412,94
157,-411,-54
157,-411,-67
157,-410,49
157,-409,-24
157,-407,-9
157,-407,49
157,-405,-13
157,-405,50
157,-405,-8
157,-404,-38
157,-402,46
157,-401,-22
157,-398,-2
157,-398,43
157,-397,-60
157,-396,-2
157,-395,41
157,-393,14
157,-390,-2
157,-389,35
157,-387,7
157,-387,-29
157,-387,31
157,-385,4
157,-385,10
157,-384,14
157,-382,-60
157,-381,-39
157,-381,21
157,-380,54
157,-378,-23
157,-378,33
157,-378,47
157,-375,59
157,-374,-52
157,-373,-24
157,-373,-47
157,-372,-38
157,-371,-57
157,-371,-20
157,-370,67
157,-369,65
157,-367,70
157,-365,31
157,-364,42
157,-364,57
157,-363,56
157,-362,51
157,-358,66
157,-356,19
157,-355,-30
157,-354,57
157,-351,87
157,-350,-42
157,-350,48
157,-350,57
157,-343,50
157,-341,-3
157,-341,54
157,-340,-24
157,-339,42
157,-339,58
157,-338,15
157,-68,26
157,-63,21
157,-62,71
157,-60,14
157,-60,91
157,-59,1
157,-59,17
157,-59,-11
157,-59,36
157,-59,45
157,-59,45
157,-59,59
157,-59,-13
157,-59,29
157,-58,22
157,-57,28
157,-56,18
157,-56,96
157,-55,8
157,-54,21
157,-54,11
157,-53,98
157,-51,23
157,-49,9
157,-47,99
157,-47,83
157,-43,-27
157,-42,-1
157,-42,72
157,-41,3
157,-38,-29
157,-35,80
157,-34,100
157,-34,-47
157,-31,-3
157,-30,-35
157,-29,-57
157,-28,81
157,-27,20
157,-20,-25
157,-20,-47
157,-19,-3
157,-19,38
157,-16,-59
157,-13,59
157,-13,35
157,-12,-59
157,-12,-58
157,-12,10
157,-12,26
157,-11,99
157,-10,-60
157,-8,60
157,-7,-2
157,-5,60
157,-4,43
157,-0,-60
157,0,0
157,0,0
157,0,0
157,5,-10
157,10,-59
157,10,-60
157,11,99
157,13,100
157,14,62
157,14,-68
157,15,-56
157,15,100
157,15,103
157,15,103
157,16,110
157,18,49
157,19,-44
157,19,76
157,19,-30
157,19,-35
157,20,-29
157,20,-37
157,20,94
157,20,-69
157,20,110
157,20,-13
157,21,91
157,21,98
157,23,-59
157,24,98
157,26,-53
157,27,94
157,27,101
157,27,-64
157,28,-52
157,29,59
157,29,104
157,29,61
157,34,48
157,37,-20
157,39,-60
157,42,-3
157,43,60
157,44,14
157,44,-59
157,46,35
157,50,0
157,53,19
157,55,-20
157,58,24
157,59,-14
157,59,-4
157,59,28
157,60,-36
157,61,51
157,69,48
157,69,11
157,70,80
157,71,45
157,71,66
157,72,-46
157,73,8
157,75,89
157,76,3
157,76,-59
157,78,71
157,78,80
157,79,16
157,80,27
157,80,75
157,81,19
157,81,71
157,82,-29
157,84,79
157,87,-21
157,88,73
157,88,4
157,88,79
157,95,-20
157,98,28
157,99,-39
157,99,-8
157,100,10
157,100,28
157,100,47
157,106,11
158,-391,25
158,-388,16
158,-381,44
158,-381,12
158,-380,52
158,-379,36
158,-379,61
158,-379,45
158,-377,71
158,-372,28
158,-367,85
158,-363,85
158,-360,78
158,-360,80
158,-360,86
158,-359,77
158,-359,-39
158,-358,80
158,-349,76
158,-347,62
158,-346,-31
158,-346,72
158,-342,61
158,-342,-29
158,-342,-27
158,-340,20
158,-339,-21
158,-338,58
158,-335,28
158,-334,62
158,-333,1
158,-333,30
158,-333,40
158,-328,17
158,-327,61
158,-326,1
158,-322,16
158,-321,1
158,-321,-4
158,-317,50
158,-317,35
158,-315,52
158,-314,9
158,-313,-12
158,-313,20
158,-312,-14
158,-312,59
158,-309,14
158,-309,-4
158,-308,19
158,-305,51
158,-304,14
158,-301,69
158,-301,89
158,-301,89
158,-300,21
158,-300,22
158,-300,56
158,-300,16
158,-299,-10
158,-298,12
158,-298,94
158,-297,5
158,-297,18
158,-296,38
158,-295,-9
158,-294,2
158,-294,24
158,-293,54
158,-293,-4
158,-293,54
158,-293,-15
158,-287,101
158,-287,-11
158,-287,85
158,-285,20
158,-285,22
158,-283,34
158,-283,83
158,-280,-5
158,-280,53
158,-280,35
158,-280,72
158,-277,15
158,-275,3
158,-274,46
158,-274,27
158,-272,28
158,-270,17
158,-268,40
158,-268,100
158,-267,3
158,-266,24
158,-265,77
158,-263,59
158,-262,26
158,-255,99
158,-243,73
158,-242,73
158,-241,86
158,-239,78
158,-236,73
158,-227,-33
158,-226,29
158,-226,70
158,-226,30
158,-225,20
158,-219,65
158,-219,50
158,-218,54
158,-218,59
158,-215,20
158,-210,27
159,-238,8
159,-228,-19
159,-227,15
159,-226,-13
159,-222,-27
159,-222,13
159,-220,28
159,-219,-19
159,-218,24
159,-214,-26
159,-211,7
159,-211,15
159,-199,-19
159,-188,-61
159,-186,-19
159,-184,23
159,-182,-57
159,-181,22
159,-180,-3
159,-180,32
159,-180,-17
159,-179,-31
159,-179,11
159,-169,19
159,-165,-60
159,-151,-59
159,-151,-69
159,-151,-50
159,-150,7
159,-150,-47
159,-150,21
159,-148,32
159,-146,-21
159,-145,-100
159,-144,-97
159,-144,-23
159,-143,-58
159,-142,-101
159,-140,-90
159,-140,-21
159,-139,-59
159,-138,20
159,-136,-25
159,-135,-50
159,-132,-97
159,-131,-7
159,-130,-101
159,-130,-72
159,-130,-19
159,-128,-97
159,-128,-31
159,-126,29
159,-126,6
159,-124,-17
159,-122,-13
159,-121,-99
159,-116,19
159,-112,-99
159,-112,-28
159,-112,-8
159,-111,-112
159,-111,-88
159,-107,-61
159,-101,60
159,-100,-131
159,-100,-79
159,-100,-21
159,-100,17
159,-100,-50
159,-99,-69
159,-99,-44
159,-98,49
159,-98,-88
159,-98,2
159,-97,-60
159,-90,62
159,-88,-112
159,-88,-88
159,-88,-19
159,-86,-69
159,-86,-23
159,-85,-49
159,-82,-139
159,-76,-99
159,-69,-152
159,-66,-0
159,-64,-103
159,-63,-2
159,-63,-19
159,-63,8
159,-61,-19
159,-60,58
159,-60,58
159,-60,62
159,-59,2
159,-57,-140
159,-56,14
159,-53,-144
159,-49,-73
159,-48,61
159,-47,26
159,-47,-144
159,-46,20
159,-45,-129
159,-43,-100
159,-40,21
159,-40,31
159,-40,60
159,-37,25
159,-36,-95
159,-35,-110
159,-33,-65
159,-32,-19
159,-31,-139
159,-30,-126
159,-29,-77
159,-28,-149
159,-28,-96
159,-27,-123
159,-25,-68
159,-25,-141
159,-21,-131
159,-21,-3
159,-19,-38
159,-18,-92
159,-18,-20
159,-18,60
159,-12,-149
159,-6,-140
159,-1,-139
159,0,0
159,1,-139
159,1,1
159,1,1
159,1,1
159,1,1
159,1,1
159,1,1
159,5,-50
159,5,-70
159,11,-89
159,13,-113
159,19,-140
159,19,-69
159,20,-120
159,20,57
159,21,-27
159,31,-112
159,31,-100
159,31,-104
159,34,-140
159,47,-153
159,49,-143
159,53,-62
159,54,-74
159,56,-92
159,58,-70
159,59,-127
159,60,-91
159,60,-64
159,60,60
159,60,-104
159,61,-71
159,62,-70
159,63,-112
159,64,-86
159,64,-106
159,65,-151
159,70,-114
159,72,-26
159,72,59
159,74,-137
159,79,-13
159,79,-18
159,80,61
159,88,-139
159,88,-138
159,89,-33
159,89,-23
159,90,-127
159,94,-14
159,100,33
159,100,5
159,113,-129
159,114,19
159,118,-140
159,126,-28
159,127,-8
159,128,-140
159,128,-110
159,130,-90
159,133,20
159,138,-28
159,138,-27
159,139,-45
159,139,-1
159,139,-104
159,140,-28
159,141,-121
159,141,-101
159,142,-128
159,147,-55
159,153,-55
159,154,-59
159,164,-60
159,171,-54
159,178,-58
159,179,-30
159,180,-62
159,181,-34
159,188,-26
159,194,-25
159,197,20
159,201,-15
159,205,19
159,206,-18
159,208,271
159,209,258
159,216,-24
159,217,247
159,218,-19
159,218,61
159,218,-16
159,219,1
159,219,222
159,220,18
159,220,205
159,220,208
159,221,1
159,222,42
159,223,259
159,227,55
159,228,57
159,228,59
159,231,249
159,231,268
159,240,60
159,245,259
159,245,58
159,259,80
159,259,103
159,259,156
159,259,227
159,259,277
159,259,297
159,259,93
159,260,222
159,260,61
159,260,248
159,261,129
159,261,57
159,262,238
159,269,113
159,270,221
159,272,90
159,276,135
159,279,300
159,280,221
159,282,220
159,287,230
159,289,312
159,290,293
159,291,275
159,294,278
159,299,252
159,300,255
159,300,264
159,301,260
159,305,265
159,306,313
159,309,272
159,311,230
159,311,294
159,321,298
159,327,218
159,333,227
159,336,219
159,338,261
159,339,317
159,340,230
159,340,223
159,342,227
159,361,300
159,373,268
159,373,249
159,376,260
159,381,299
159,388,248
159,390,259
159,392,271
159,397,299
159,406,259
159,408,248
159,417,299
159,420,293
159,422,248
159,433,272
160,-189,-100
160,-170,-179
160,-167,-120
160,-166,-117
160,-165,-124
160,-165,-116
160,-162,-122
160,-158,-124
160,-149,-176
160,-145,-180
160,-142,-217
160,-142,-214
160,-140,-193
160,-139,-205
160,-125,-177
160,-124,-219
160,-113,-215
160,-111,-180
160,-88,-7
160,-86,2
160,-83,22
160,-80,19
160,-78,-221
160,-74,6
160,-73,22
160,-71,-55
160,-67,-15
160,-64,-77
160,-64,-226
160,-63,-74
160,-63,-141
160,-63,-233
160,-62,24
160,-61,-161
160,-61,-8
160,-61,22
160,-61,-29
160,-61,-137
160,-60,-85
160,-59,-236
160,-59,-36
160,-59,-73
160,-58,-309
160,-57,-8
160,-56,-8
160,-56,-147
160,-53,-19
160,-49,-182
160,-44,-98
160,-44,-178
160,-43,-350
160,-42,-349
160,-41,22
160,-41,-366
160,-39,-185
160,-38,-286
160,-37,-22
160,-37,20
160,-36,-187
160,-36,-282
160,-34,-351
160,-33,-281
160,-32,-370
160,-32,-178
160,-32,-178
160,-29,-60
160,-28,-180
160,-28,-100
160,-27,-96
160,-26,-139
160,-26,-218
160,-24,-28
160,-24,-99
160,-24,-218
160,-22,-34
160,-21,-116
160,-21,-351
160,-21,-349
160,-21,-252
160,-20,-211
160,-20,-295
160,-20,-84
160,-18,-160
160,-16,-55
160,-16,-135
160,-15,-142
160,-15,-95
160,-14,-225
160,-14,-369
160,-14,-373
160,-14,-221
160,-12,-224
160,-10,-203
160,-7,-139
160,-7,-60
160,-5,-77
160,-4,-44
160,-3,-92
160,-2,-43
160,-2,-367
160,-2,-140
160,-1,-218
160,0,0
160,0,0
160,0,-68
160,0,-100
160,0,-87
160,1,1
160,1,1
160,1,1
160,1,1
160,1,1
160,3,-189
160,3,-31
160,4,-81
160,8,-41
160,8,-351
160,14,-179
160,14,-47
160,17,-295
160,17,-307
160,17,-217
160,18,-70
160,19,-235
160,19,-248
160,19,-123
160,20,-34
160,20,-79
160,21,-162
160,22,-212
160,22,-145
160,22,-57
160,23,-102
160,24,-191
160,24,-208
160,24,-306
160,26,-196
160,27,-72
160,27,-294
160,28,-199
160,28,-303
160,29,-42
160,30,-147
160,31,25
160,32,-90
160,32,-178
160,32,-109
160,32,-260
160,33,-139
160,33,-138
160,34,-215
160,34,-219
160,35,-60
160,35,-45
160,38,-86
160,38,-47
160,38,-124
160,39,-38
160,39,-137
160,40,-102
160,40,-33
160,40,-213
160,41,-33
160,42,-303
160,42,-293
160,43,-157
160,44,-96
160,44,-53
160,47,-82
160,47,-133
160,47,-184
160,49,-58
160,49,-108
160,50,-226
160,52,-105
160,53,-108
160,53,-219
160,53,-172
160,55,-305
160,55,-174
160,56,-294
160,57,-301
160,57,-272
160,57,-293
160,58,-170
160,58,-266
160,58,-233
160,58,-299
160,59,-71
160,59,-195
160,59,0
160,59,-228
160,61,-92
160,62,-385
160,63,-241
160,66,-21
160,67,-196
160,69,-257
160,70,-381
160,70,-216
160,70,-155
160,70,-136
160,71,-113
160,71,-257
160,74,19
160,75,-217
160,75,-156
160,76,-61
160,77,-166
160,78,-195
160,79,-169
160,79,-154
160,79,-163
160,82,-126
160,84,-378
160,85,-113
160,90,-219
160,90,-242
160,94,-218
160,94,-255
160,95,-33
160,95,-146
160,96,-259
160,96,14
160,96,-215
160,97,-342
160,98,-60
160,98,2
160,99,-171
160,99,-41
160,99,-219
160,100,-140
160,100,-301
160,100,-197
160,100,-180
160,101,-337
160,101,-346
160,101,-45
160,102,-318
160,102,-231
160,102,-240
160,104,-257
160,104,-31
160,106,-302
160,109,-101
160,110,-82
160,111,-317
160,111,-169
160,112,-251
160,113,-285
160,114,-221
160,114,-327
160,115,-273
160,115,-19
160,117,-157
160,118,-283
160,119,-319
160,120,-81
160,121,-260
160,121,-236
160,122,-88
160,125,-71
160,125,-282
160,125,-60
160,125,-166
160,125,-139
160,127,-77
160,127,-154
160,132,-217
160,134,-101
160,135,-65
160,139,-22
160,139,-250
160,139,-227
160,139,-192
160,139,-276
160,140,-272
160,140,-334
160,140,-100
160,141,-123
160,141,-333
160,142,-45
160,142,-301
160,142,-216
160,142,-259
160,142,-303
160,145,-95
160,146,-102
160,146,-102
160,146,-300
160,149,-299
160,150,-123
160,151,-124
160,154,-114
160,156,-96
160,159,-298
160,159,-59
160,159,-73
160,160,-103
160,161,-102
160,161,-260
160,162,-109
160,162,-115
160,162,-299
160,165,-81
160,173,-95
160,174,182
160,175,-60
160,177,-248
160,177,-254
160,178,-87
160,178,-237
160,179,-259
160,180,-74
160,180,174
160,184,-243
160,186,-107
160,191,167
160,192,-275
160,196,175
160,207,-285
160,207,-286
160,228,183
160,229,181
160,231,181
160,242,179
160,255,180
160,256,183
160,256,173
160,258,217
160,260,216
160,262,155
160,264,221
160,274,141
160,278,139
160,291,177
160,293,139
160,294,184
160,298,211
160,298,182
160,298,217
160,300,217
160,302,255
160,302,246
160,302,146
160,304,142
160,304,226
160,305,140
160,307,262
160,308,260
160,313,314
160,320,326
160,321,219
160,321,222
160,322,314
160,324,323
160,326,140
160,326,143
160,326,140
160,328,321
160,330,227
160,336,262
160,337,220
160,341,284
160,341,280
160,342,269
160,342,272
160,343,268
160,344,338
160,347,265
160,355,338
160,356,261
160,366,183
160,367,339
160,369,181
160,372,296
160,379,200
160,379,305
160,383,300
160,384,289
160,387,294
160,388,239
160,391,237
160,394,297
160,394,232
160,395,300
160,401,246
160,401,367
160,404,236
160,409,357
160,416,335
160,417,304
160,419,295
160,419,283
160,421,275
160,424,302
160,432,262
160,435,300
160,439,298
160,449,261
160,451,303
160,453,295
160,454,300
160,454,303
160,456,325
160,461,316
160,461,328
160,462,318
160,463,321
160,466,291
160,469,299
161,-217,-130
161,-214,148
161,-212,179
161,-212,-140
161,-211,139
161,-211,-106
161,-196,147
161,-196,139
161,-194,-140
161,-193,-134
161,-189,175
161,-186,-124
161,-156,141
161,-151,22
161,-151,5
161,-151,-11
161,-149,123
161,-145,-98
161,-142,5
161,-141,120
161,-141,19
161,-140,-74
161,-140,46
161,-140,-40
161,-140,-7
161,-140,85
161,-140,134
161,-140,32
161,-140,-14
161,-140,-37
161,-139,58
161,-138,-6
161,-137,62
161,-134,151
161,-132,97
161,-129,12
161,-129,17
161,-129,29
161,-127,-86
161,-126,126
161,-124,122
161,-124,-100
161,-123,-109
161,-123,115
161,-120,-86
161,-119,-60
161,-118,-70
161,-116,151
161,-115,90
161,-115,-103
161,-114,-74
161,-113,124
161,-101,-134
161,-101,-109
161,-100,-41
161,-99,47
161,-99,114
161,-98,-18
161,-98,132
161,-97,-87
161,-97,-92
161,-97,-1
161,-95,-60
161,-95,51
161,-94,35
161,-93,41
161,-93,-52
161,-93,-15
161,-92,75
161,-92,99
161,-92,99
161,-91,-45
161,-91,127
161,-90,3
161,-88,181
161,-87,-60
161,-85,25
161,-83,-50
161,-83,20
161,-82,-3
161,-82,-4
161,-81,102
161,-81,51
161,-81,-12
161,-78,-15
161,-78,36
161,-78,103
161,-77,16
161,-77,56
161,-77,36
161,-76,-58
161,-76,32
161,-75,21
161,-75,10
161,-73,-6
161,-72,18
161,-68,-58
161,-67,-1
161,-67,110
161,-65,89
161,-63,-50
161,-61,4
161,-61,-19
161,-61,51
161,-61,-99
161,-60,157
161,-60,149
161,-59,-52
161,-59,-112
161,-59,49
161,-55,39
161,-55,-2
161,-52,-57
161,-51,100
161,-48,20
161,-44,-61
161,-44,38
161,-43,62
161,-41,101
161,-39,19
161,-39,-11
161,-39,101
161,-37,-18
161,-37,90
161,-36,59
161,-36,36
161,-36,3
161,-35,55
161,-35,-139
161,-35,15
161,-32,-59
161,-31,-20
161,-30,-103
161,-30,100
161,-29,47
161,-28,-4
161,-27,181
161,-27,-69
161,-27,150
161,-25,51
161,-25,-16
161,-25,1
161,-25,-31
161,-24,77
161,-24,-49
161,-24,73
161,-23,127
161,-20,-71
161,-20,19
161,-20,-82
161,-19,91
161,-19,72
161,-18,21
161,-17,-35
161,-15,105
161,-14,90
161,-14,20
161,-13,-101
161,-8,112
161,-7,-59
161,-6,125
161,-6,122
161,-2,-110
161,-1,-76
161,-1,-50
161,-0,-91
161,0,0
161,0,0
161,1,124
161,2,143
161,6,-90
161,7,89
161,9,69
161,9,-80
161,11,-65
161,11,-29
161,11,98
161,12,-99
161,13,149
161,19,-36
161,19,-7
161,20,40
161,20,10
161,20,14
161,20,25
161,20,30
161,20,67
161,20,120
161,20,-24
161,20,50
161,21,-78
161,22,-50
161,22,67
161,22,75
161,23,91
161,29,121
161,29,-74
161,30,132
161,30,-104
161,35,-99
161,40,141
161,49,21
161,59,-122
161,60,-131
161,62,182
161,62,19
161,65,-139
161,67,20
161,69,164
161,70,141
161,71,-120
161,75,19
161,80,160
161,83,-139
161,86,148
161,87,-1
161,88,92
161,89,71
161,91,-101
161,91,-33
161,97,-48
161,98,-4
161,99,-9
161,99,-117
161,99,38
161,99,142
161,100,20
161,100,149
161,102,53
161,103,100
161,106,-58
161,106,88
161,107,-58
161,111,-13
161,111,101
161,112,63
161,116,21
161,135,56
161,135,65
161,136,-59
161,139,22
161,141,-18
161,141,61
161,141,-16
161,142,102
161,147,100
161,156,-59
161,180,96
161,181,22
161,181,48
161,181,-35
161,183,-54
161,187,22
161,190,21
161,194,20
161,199,22
161,209,19
161,219,32
161,220,60
161,226,60
161,262,58
161,284,61
161,292,61
161,299,-20
161,301,31
161,301,13
161,303,7
161,303,42
161,320,-21
161,347,-20
162,-537,79
162,-535,62
162,-534,25
162,-521,43
162,-519,62
162,-517,98
162,-504,27
162,-502,101
162,-499,88
162,-496,32
162,-466,68
162,-459,7
162,-453,17
162,-451,116
162,-446,133
162,-443,124
162,-433,101
162,-428,-18
162,-421,22
162,-380,-121
162,-379,46
162,-366,-137
162,-350,19
162,-348,-103
162,-345,-136
162,-340,-112
162,-340,3
162,-337,-42
162,-335,15
162,-322,-19
162,-317,14
162,-317,-36
162,-299,4
162,-297,-53
162,-274,-21
162,-273,14
162,-268,-61
162,-263,-36
162,-261,-5
162,-255,64
162,-254,86
162,-241,84
162,-227,84
162,-221,-61
162,-220,-20
162,-217,59
162,-204,-95
162,-199,-99
162,-191,-57
162,-180,-88
162,-139,-9
162,-114,90
162,-113,-99
162,-111,-148
162,-111,-134
162,-111,-86
162,-111,73
162,-110,91
162,-110,55
162,-110,-108
162,-109,-93
162,-109,-19
162,-109,69
162,-108,-151
162,-107,-104
162,-107,-134
162,-107,102
162,-107,-154
162,-106,91
162,-105,50
162,-102,53
162,-102,107
162,-101,-95
162,-99,50
162,-99,66
162,-97,-129
162,-97,-106
162,-96,-91
162,-96,-131
162,-95,-35
162,-95,-5
162,-95,-39
162,-94,-113
162,-93,-144
162,-92,73
162,-91,73
162,-91,49
162,-91,90
162,-90,94
162,-90,90
162,-90,104
162,-88,109
162,-88,-112
162,-87,-128
162,-87,-145
162,-87,-42
162,-87,-109
162,-87,69
162,-86,48
162,-84,-54
162,-79,5
162,-74,102
162,-73,92
162,-73,68
162,-73,-54
162,-72,15
162,-72,108
162,-71,69
162,-71,110
162,-70,-151
162,-70,-149
162,-70,-131
162,-70,70
162,-70,122
162,-70,105
162,-70,103
162,-69,94
162,-69,143
162,-69,-87
162,-69,-150
162,-69,62
162,-68,11
162,-67,-113
162,-67,-112
162,-67,-107
162,-67,91
162,-67,52
162,-66,-113
162,-66,-132
162,-65,95
162,-64,53
162,-59,-184
162,-59,-91
162,-58,48
162,-58,-130
162,-57,-15
162,-55,-4
162,-54,114
162,-54,-55
162,-53,-127
162,-53,-87
162,-53,-148
162,-52,107
162,-52,49
162,-52,-129
162,-52,89
162,-52,-144
162,-51,-183
162,-51,-96
162,-50,144
162,-50,88
162,-50,68
162,-50,106
162,-49,-126
162,-49,-111
162,-48,-152
162,-48,73
162,-48,-94
162,-48,90
162,-48,-134
162,-47,108
162,-47,-110
162,-47,111
162,-46,73
162,-46,-143
162,-46,89
162,-36,-5
162,-36,3
162,-35,92
162,-35,90
162,-33,-147
162,-32,-126
162,-32,113
162,-31,-108
162,-31,69
162,-30,-98
162,-30,-153
162,-30,54
162,-30,88
162,-29,92
162,-28,107
162,-27,-88
162,-26,107
162,-23,-87
162,-22,-92
162,-14,-87
162,-14,103
162,-13,-132
162,-13,-111
162,-11,-140
162,-10,96
162,-10,59
162,-9,-148
162,-9,110
162,-8,-106
162,-8,-90
162,-7,70
162,-6,-113
162,-6,-106
162,0,0
162,0,0
162,0,0
162,0,0
162,0,0
162,0,0
162,0,0
162,0,0
162,0,0
162,0,0
162,0,0
162,0,0
162,0,0
162,0,0
162,0,0
162,0,0
162,0,0
162,0,0
162,0,0
162,0,0
162,0,0
162,0,0
162,0,0
162,0,0
162,0,0
162,0,0
162,0,0
162,0,0
162,0,0
162,0,0
163,-287,321
163,-287,321
163,-285,323
163,-285,323
163,-283,325
163,-283,325
163,-281,327
163,-281,327
163,-7,42
163,-7,42
163,-5,44
163,-5,44
163,-3,46
163,-3,46
163,-1,48
163,-1,48
163,0,0
163,0,0
163,0,0
163,0,0
163,0,0
163,0,0
163,0,0
163,0,0
163,0,0
163,0,0
163,0,0
163,0,0
163,0,0
163,0,0
163,0,0
163,0,0
163,0,0
163,0,0
163,0,0
163,0,0
163,0,0
163,0,0
163,0,0
163,0,0
163,0,0
163,0,0
163,0,0
163,0,0
163,0,0
163,0,0
163,0,0
163,0,0
163,0,0
163,0,0
163,0,0
163,0,0
163,0,0
163,0,0
163,0,0
163,0,0
163,0,0
163,0,0
163,0,0
163,0,0
163,0,0
163,0,0
163,0,0
163,0,0
163,0,0
163,0,0
163,0,0
163,0,0
163,0,0
163,0,0
163,0,0
163,0,0
163,0,0
163,0,0
163,0,0
163,0,0
163,0,0
163,0,0
163,0,0
163,0,0
163,0,0
163,0,0
163,0,0
163,0,0
163,0,0
163,0,0
163,0,0
163,0,0
163,0,0
163,0,0
163,0,0
163,0,0
163,0,0
163,0,0
163,0,0
163,0,0
163,0,0
163,0,0
163,0,0
163,0,0
163,0,0
163,0,0
163,0,0
163,0,0
163,0,0
163,0,0
163,0,0
163,0,0
163,0,0
163,0,0
163,0,0
163,0,0
163,0,0
163,0,0
163,0,0
163,0,0
163,0,0
163,0,0
163,0,0
163,0,0
163,0,0
163,0,0
163,0,0
163,0,0
163,0,0
163,0,0
163,0,0
163,0,0
163,0,0
163,0,0
163,0,0
163,0,0
163,0,0
163,0,0
163,0,0
163,0,0
163,0,0
163,0,0
163,0,0
163,0,0
163,0,0
163,0,0
163,0,0
163,0,0
163,0,0
163,0,0
163,0,0
163,0,0
163,0,0
163,0,0
163,0,0
163,0,0
163,0,0
163,0,0
163,275,-279
163,275,-279
163,277,-277
163,277,-277
163,279,-275
163,279,-275
163,281,-273
163,281,-273
164,-260,-20
164,-190,139
164,-181,85
164,-180,99
164,-180,99
164,-179,94
164,-157,139
164,-149,-99
164,-141,-109
164,-137,-100
164,-112,113
164,-107,88
164,-107,179
164,-99,-54
164,-92,113
164,-91,88
164,-87,179
164,-86,179
164,-84,180
164,-72,90
164,-71,114
164,-71,-9
164,-69,-150
164,-68,68
164,-67,-30
164,-67,-125
164,-65,176
164,-65,173
164,-63,24
164,-63,174
164,-62,168
164,-62,171
164,-62,53
164,-61,65
164,-61,161
164,-60,-62
164,-52,-10
164,-51,-37
164,-50,-147
164,-49,-61
164,-48,114
164,-46,86
164,-28,22
164,-24,109
164,-23,-19
164,-23,103
164,-22,100
164,-22,-19
164,-22,-19
164,-22,-19
164,-21,109
164,-21,99
164,-20,116
164,-20,-20
164,-20,114
164,-19,-8
164,-19,-12
164,-19,-20
164,-18,106
164,-18,110
164,-18,-20
164,-14,-19
164,-13,102
164,-13,102
164,-4,99
164,0,0
164,0,0
164,0,0
164,0,0
164,0,0
164,0,0
164,0,0
164,0,0
164,0,0
164,0,0
164,0,0
164,0,0
164,0,0
164,0,0
164,0,0
164,0,0
164,0,0
164,0,0
164,0,0
164,0,0
164,0,0
164,0,0
164,0,0
164,0,0
164,0,0
164,0,0
164,0,0
164,0,0
164,0,0
164,0,0
164,0,0
164,0,0
164,0,0
164,0,0
164,0,0
164,0,0
164,0,0
164,0,0
164,0,0
164,0,0
164,0,0
164,0,0
164,0,0
164,0,0
164,0,0
164,0,0
164,0,0
164,0,0
164,0,0
164,0,0
164,0,0
164,0,0
164,0,0
164,0,0
164,0,0
164,0,0
164,0,0
164,0,0
164,0,0
164,0,0
164,0,0
164,0,0
164,0,0
164,0,0
164,0,0
164,0,0
164,0,0
164,0,0
164,0,0
164,0,0
164,0,0
164,0,0
164,0,0
164,0,0
164,0,0
164,0,0
164,0,0
164,0,0
164,0,0
164,0,0
164,0,0
164,0,0
164,0,0
164,0,0
164,0,0
164,0,0
164,0,0
164,0,0
164,0,0
164,0,0
164,0,0
164,0,0
164,0,0
164,0,0
164,0,0
164,0,0
164,0,0
164,0,0
164,0,0
164,0,0
164,0,0
164,0,0
164,0,0
164,0,0
164,0,0
164,0,0
164,0,0
164,0,0
164,0,0
164,0,0
164,0,0
164,0,0
164,0,0
164,0,0
164,0,0
164,0,0
164,0,0
164,0,0
164,0,0
164,0,0
164,0,0
164,0,0
164,0,0
164,0,0
164,0,0
164,0,0
164,0,0
164,0,0
164,0,0
164,0,0
164,0,0
164,0,0
164,0,0
164,0,0
164,0,0
164,0,0
164,0,0
164,0,0
164,0,0
164,0,0
164,0,0
164,0,0
164,0,0
164,0,0
164,0,0
164,0,0
164,0,0
164,0,0
164,0,0
164,0,0
164,0,0
164,0,0
164,0,0
164,0,0
164,0,0
164,0,0
164,0,0
164,0,0
164,0,0
164,0,0
164,0,0
164,0,0
164,0,0
164,0,0
164,0,0
164,0,0
164,0,0
164,0,0
164,0,0
164,0,0
164,0,0
164,0,0
164,0,0
164,0,0
164,0,0
164,0,0
164,0,0
164,0,0
164,0,0
164,0,0
164,0,0
164,0,0
164,0,0
164,0,0
164,0,0
164,0,0
164,0,0
164,0,0
164,0,0
164,0,0
164,0,0
164,0,0
164,0,0
164,0,0
164,0,0
164,0,0
164,0,0
164,0,0
164,0,0
164,0,0
164,0,0
164,0,0
164,0,0
164,0,0
164,0,0
164,0,0
164,0,0
164,0,0
164,0,0
164,0,0
164,0,0
164,0,0
164,0,0
164,0,0
164,0,0
164,0,0
164,0,0
164,0,0
164,0,0
164,0,0
164,0,0
164,0,0
164,0,0
164,0,0
164,0,0
164,0,0
164,0,0
164,0,0
164,0,0
164,0,0
164,0,0
164,0,0
164,0,0
164,0,0
164,0,0
164,0,0
164,0,0
164,0,0
164,0,0
164,0,0
164,0,0
164,0,0
164,0,0
164,0,0
164,0,0
164,0,0
164,0,0
164,0,0
164,0,0
164,0,0
164,0,0
164,0,0
164,0,0
164,0,0
164,0,0
164,0,0
164,0,0
164,0,0
164,0,0
164,0,0
164,0,0
164,0,0
164,5,-139
164,5,-133
164,10,99
164,11,59
164,17,-126
164,19,93
164,19,92
164,20,96
164,21,21
164,21,21
164,21,21
164,22,21
164,23,17
164,25,63
164,27,-95
164,29,1
164,30,141
164,30,-1
164,31,0
164,33,-125
164,34,-154
164,34,-5
164,38,15
164,38,141
164,39,-98
164,39,11
164,42,4
164,43,8
164,45,140
164,46,-0
164,47,8
164,47,13
164,49,-5
164,52,-5
164,53,1
164,58,17
164,58,17
164,59,-158
164,59,17
164,59,-83
164,62,18
164,62,18
164,62,18
164,62,16
164,63,18
164,63,19
164,63,21
164,64,20
164,66,19
164,68,20
164,69,-29
164,77,-183
164,89,-27
164,99,-150
164,99,-200
164,100,-227
164,101,-225
164,102,-226
164,102,-186
164,103,-226
164,103,-229
164,104,-228
164,104,-227
164,111,-126
164,114,-132
164,127,-119
164,128,-129
164,140,-149
164,211,-99
164,217,-99
164,218,-99
164,218,-102
164,221,-128
164,227,-181
164,233,-181
164,255,-218
164,255,-219
164,260,-192
164,260,-195
165,-1105,-720
165,-1105,-720
165,-1105,-720
165,-1105,-720
165,-785,-480
165,-785,-480
165,-785,-480
165,-785,-480
165,-639,-479
165,-639,-479
165,-485,-242
165,-485,-240
165,-485,-238
165,-465,-240
165,-465,-240
165,-465,-240
165,-465,-245
165,-465,-242
165,-465,-240
165,-465,-239
165,-463,-235
165,-455,-239
165,-454,-239
165,-454,-240
165,-454,-240
165,-453,-241
165,-319,-239
165,-319,-239
165,-139,234
165,0,0
165,0,0
165,0,0
165,0,0
165,0,0
165,0,0
165,0,0
165,0,0
165,0,0
165,0,0
165,0,0
165,0,0
165,0,0
165,0,0
165,0,0
165,0,0
165,0,0
165,0,0
165,0,0
165,0,0
165,0,0
165,0,0
165,0,0
165,0,0
165,0,0
165,0,0
165,0,0
165,0,0
165,0,0
165,0,0
165,0,0
165,0,0
165,0,0
165,0,0
165,0,0
165,0,0
165,0,0
165,0,0
165,0,0
165,0,0
165,0,0
165,0,0
165,0,0
165,0,0
165,0,0
165,0,0
165,0,0
165,0,0
165,0,0
165,0,0
165,0,0
165,0,0
165,0,0
165,0,0
165,0,0
165,0,0
165,0,0
165,0,0
165,0,0
165,0,0
165,0,0
165,0,0
165,0,0
165,0,0
165,0,0
165,0,0
165,0,0
165,0,0
165,0,0
165,0,0
165,0,0
165,0,0
165,0,0
165,0,0
165,0,0
165,0,0
165,0,0
165,0,0
165,0,0
165,0,0
165,0,0
165,0,0
165,0,0
165,0,0
165,0,0
165,0,0
165,0,0
165,0,0
165,0,0
165,0,0
165,0,0
165,0,0
165,0,0
165,0,0
165,0,0
165,0,0
165,0,0
165,0,0
165,0,0
165,0,0
165,0,0
165,0,0
165,0,0
165,0,0
165,0,0
165,0,0
165,0,0
165,0,0
165,0,0
165,0,0
165,0,0
165,0,0
165,0,0
165,0,0
165,0,0
165,0,0
165,0,0
165,0,0
165,0,0
165,0,0
165,0,0
165,0,0
165,0,0
165,0,0
165,0,0
165,0,0
165,0,0
165,0,0
165,0,0
165,1,1
165,1,1
166,-301,-162
166,-298,-173
166,-296,-179
166,-296,-153
166,-296,-151
166,-292,-145
166,-291,-159
166,-290,-175
166,-289,212
166,-284,203
166,-280,-141
166,-280,200
166,-277,-139
166,-277,190
166,-276,-144
166,-275,207
166,-271,194
166,-269,206
166,-264,-179
166,-261,-188
166,-254,-140
166,-250,-174
166,-225,-185
166,-221,-202
166,-220,-232
166,-219,-219
166,-219,-120
166,-217,-241
166,-217,-189
166,-214,-105
166,-209,-145
166,-209,-149
166,-208,-134
166,-206,123
166,-203,92
166,-200,113
166,-198,80
166,-198,-144
166,-197,108
166,-194,114
166,-194,80
166,-194,-262
166,-193,123
166,-192,101
166,-191,90
166,-191,-144
166,-190,-144
166,-188,-191
166,-188,-148
166,-186,-166
166,-181,-95
166,-180,-266
166,-179,-182
166,-172,-191
166,-171,-261
166,-171,-165
166,-170,-224
166,-165,62
166,-163,-81
166,-160,140
166,-152,-90
166,-152,-90
166,-151,-257
166,-149,-237
166,-147,-69
166,-143,-235
166,-143,-76
166,-142,-222
166,-140,153
166,-139,-223
166,-139,-235
166,-139,171
166,-139,-75
166,-136,30
166,-135,-220
166,-128,217
166,-120,219
166,-115,-87
166,-114,24
166,-108,220
166,-93,-12
166,-88,-60
166,-85,-22
166,-84,25
166,-81,18
166,-80,-19
166,-70,-63
166,-63,212
166,-63,-26
166,-60,-69
166,-59,199
166,-58,-57
166,-53,-93
166,-26,22
166,-18,-115
166,-18,65
166,-17,83
166,-16,-124
166,-15,-131
166,-9,161
166,-5,-142
166,-5,167
166,-4,97
166,0,0
166,0,0
166,0,0
166,3,152
166,6,160
166,7,100
166,20,104
166,27,-136
166,32,141
166,35,100
166,43,137
166,44,97
166,46,-139
166,49,100
166,55,132
166,56,-110
166,59,-151
166,59,-120
166,59,-131
166,61,-130
166,61,-108
166,78,98
166,79,-182
166,95,-95
166,98,-184
166,101,-84
166,102,119
166,106,135
166,121,-54
166,126,-57
166,132,147
166,135,-58
166,138,-205
166,140,-202
166,140,-193
166,141,163
166,143,-196
166,144,-57
166,144,-64
166,151,-194
166,152,-59
166,156,176
166,159,-206
166,161,-196
166,164,-54
166,167,-56
166,167,-57
166,204,183
166,215,188
166,222,203
166,254,225
166,256,228
166,257,228
166,260,241
167,-343,-218
167,-340,-212
167,-337,-188
167,-335,-179
167,-327,-180
167,-294,-180
167,-287,-178
167,-282,-180
167,-278,-182
167,-256,-217
167,-256,-223
167,-248,-179
167,-241,-179
167,-229,-221
167,-222,-99
167,-222,-102
167,-222,-140
167,-222,-149
167,-220,-224
167,-220,-226
167,-219,-261
167,-219,-172
167,-219,-122
167,-201,-179
167,-192,-99
167,-189,-182
167,-189,-178
167,-189,-182
167,-187,-98
167,-183,-183
167,-181,-223
167,-181,-203
167,-180,-217
167,-178,-181
167,-178,-191
167,-177,-263
167,-173,-219
167,-169,-263
167,-169,-220
167,-166,-260
167,-160,-259
167,-152,-260
167,-148,-103
167,-144,-97
167,-142,-228
167,-141,-239
167,-141,-185
167,-141,-86
167,-141,-192
167,-140,-203
167,-140,-232
167,-139,-217
167,-139,-263
167,-139,-78
167,-138,-254
167,-137,-251
167,-129,-56
167,-126,-61
167,-125,-60
167,-124,-262
167,-124,-59
167,-124,-60
167,-123,-260
167,-121,-179
167,-103,-181
167,-101,-254
167,-101,-110
167,-100,-255
167,-100,-250
167,-99,-58
167,-99,-120
167,-98,-246
167,-98,-280
167,-97,-248
167,-97,-279
167,-97,-231
167,-97,-277
167,-95,-179
167,-94,-234
167,-94,-182
167,-91,-100
167,-89,-220
167,-87,-229
167,-85,-100
167,-84,-222
167,-82,-222
167,-79,-222
167,-76,-58
167,-75,-220
167,-75,-178
167,-75,-178
167,-70,-227
167,-67,-138
167,-65,-245
167,-65,-132
167,-64,-146
167,-63,-99
167,-61,-163
167,-61,-237
167,-61,-220
167,-61,-195
167,-61,-242
167,-61,-307
167,-61,-269
167,-60,-278
167,-60,-138
167,-60,-181
167,-60,-149
167,-60,-260
167,-59,-247
167,-59,-263
167,-59,-164
167,-59,-134
167,-59,-160
167,-57,-306
167,-56,-103
167,-55,-137
167,-55,-147
167,-53,-135
167,-51,-144
167,-46,-181
167,-43,-340
167,-42,-337
167,-41,-178
167,-39,-339
167,-32,-100
167,-32,-55
167,-30,-300
167,-29,-178
167,-28,-101
167,-27,-299
167,-26,-344
167,-25,-331
167,-24,-103
167,-24,-345
167,-24,-348
167,-24,-262
167,-23,-55
167,-23,-217
167,-23,-184
167,-22,-97
167,-22,-243
167,-21,-123
167,-21,-265
167,-21,-257
167,-21,-37
167,-21,-147
167,-21,-161
167,-20,-161
167,-20,-256
167,-20,-225
167,-20,-52
167,-20,-125
167,-20,-203
167,-19,-147
167,-19,-279
167,-17,-143
167,-16,-156
167,-12,-217
167,-7,-140
167,-5,-221
167,-2,-141
167,0,0
167,0,0
167,0,0
167,0,0
167,1,1
167,1,1
167,1,1
167,1,1
167,1,1
167,14,-138
167,17,-145
167,19,-140
167,20,-139
167,21,-140
167,26,-137
167,28,-219
167,34,-218
167,40,-218
167,49,-222
167,56,-140
167,58,-188
167,60,-147
167,60,-91
167,61,-194
167,62,-84
167,63,-219
167,63,-148
167,65,-42
167,65,-285
167,66,-47
167,66,-28
167,68,-291
167,70,-270
167,72,-100
167,73,-297
167,73,-28
167,79,-20
167,79,-301
167,80,-263
167,84,-223
167,87,-262
167,92,-103
167,92,-222
167,93,-293
167,94,-180
167,95,-295
167,99,-246
167,100,-145
167,100,-128
167,100,-106
167,100,-237
167,101,-228
167,101,-174
167,101,-236
167,102,-30
167,102,-164
167,102,-36
167,102,-104
167,120,-25
167,129,-62
167,135,-41
167,142,-37
167,152,-18
167,159,-18
167,184,-27
167,191,-51
167,199,-20
167,205,-58
167,205,-58
167,209,-62
167,211,-23
167,211,-54
167,216,-31
168,-6,-240
168,-6,-240
168,-6,0
168,-6,0
168,-6,240
168,-6,240
168,-4,-240
168,-4,2
168,-4,242
168,-3,-237
168,-2,-240
168,-2,-240
168,-2,-238
168,-2,0
168,-2,0
168,-2,240
168,-2,240
168,-2,2
168,-2,242
168,-1,-238
168,-1,-238
168,-1,-238
168,-1,2
168,-1,2
168,-1,2
168,-1,242
168,-1,242
168,-1,242
168,-1,-247
168,-0,-238
168,-0,-248
168,0,-240
168,0,-240
168,0,-237
168,0,0
168,0,0
168,0,0
168,0,0
168,0,0
168,0,0
168,0,0
168,0,0
168,0,0
168,0,0
168,0,0
168,0,0
168,0,0
168,0,0
168,0,0
168,0,0
168,0,0
168,0,0
168,0,0
168,0,0
168,0,0
168,0,0
168,0,0
168,0,0
168,0,0
168,0,0
168,0,0
168,0,0
168,0,0
168,0,0
168,0,0
168,0,0
168,0,0
168,0,0
168,0,0
168,0,0
168,0,0
168,0,0
168,0,0
168,0,0
168,0,0
168,0,0
168,0,0
168,0,0
168,0,0
168,0,0
168,0,0
168,0,0
168,0,0
168,0,0
168,0,0
168,0,0
168,0,0
168,0,0
168,0,0
168,0,0
168,0,0
168,0,0
168,0,0
168,0,0
168,0,0
168,0,0
168,0,0
168,0,0
168,0,0
168,0,0
168,0,0
168,0,0
168,0,0
168,0,0
168,0,0
168,0,0
168,0,0
168,0,0
168,0,0
168,0,0
168,0,0
168,0,0
168,0,-238
168,0,2
168,0,2
168,0,2
168,0,242
168,0,242
168,0,242
168,2,-240
168,2,-240
168,2,-238
168,2,0
168,2,0
168,2,240
168,2,240
168,2,2
168,2,242
168,3,-237
168,4,-240
168,4,2
168,4,242
168,6,-240
168,6,-240
168,6,0
168,6,0
168,6,240
168,6,240
169,-378,-15
169,-339,59
169,-338,-18
169,-338,59
169,-337,-39
169,-332,-48
169,-329,-8
169,-328,8
169,-322,-49
169,-320,-27
169,-320,1
169,-320,-49
169,-320,-0
169,-316,-46
169,-315,19
169,-314,-40
169,-305,-18
169,-303,-21
169,-300,65
169,-300,54
169,-300,58
169,-297,61
169,-273,62
169,-263,-59
169,-261,259
169,-260,243
169,-259,-60
169,-257,-15
169,-233,-15
169,-225,-9
169,-225,1
169,-216,213
169,-215,-3
169,-214,-12
169,-213,59
169,-212,-12
169,-207,213
169,-203,-25
169,-202,-15
169,-201,60
169,-199,-15
169,-192,-15
169,-189,-137
169,-186,138
169,-186,-27
169,-186,-26
169,-186,148
169,-185,164
169,-185,181
169,-185,-19
169,-185,-43
169,-185,-137
169,-184,171
169,-183,-21
169,-182,-91
169,-181,60
169,-181,183
169,-180,60
169,-180,-148
169,-180,-21
169,-179,-37
169,-179,-45
169,-178,146
169,-178,133
169,-177,142
169,-177,-109
169,-177,-91
169,-176,188
169,-176,224
169,-175,197
169,-175,202
169,-175,198
169,-175,198
169,-175,124
169,-175,216
169,-174,193
169,-165,136
169,-149,23
169,-146,135
169,-144,-77
169,-139,25
169,-138,135
169,-138,151
169,-138,135
169,-135,18
169,-135,135
169,-133,21
169,-133,-72
169,-129,-72
169,-124,-100
169,-119,-19
169,-115,-19
169,-114,-101
169,-99,-98
169,-95,-29
169,-95,101
169,-95,60
169,-87,144
169,-85,64
169,-83,-100
169,-81,139
169,-69,-182
169,-67,148
169,-66,142
169,-65,33
169,-65,149
169,-65,23
169,-65,37
169,-65,42
169,-65,158
169,-64,45
169,-64,153
169,-64,56
169,-64,45
169,-61,146
169,-61,24
169,-61,26
169,-61,4
169,-60,136
169,-60,17
169,-60,31
169,-57,-175
169,-56,-187
169,-55,33
169,-55,34
169,-55,142
169,-55,52
169,-49,54
169,-49,54
169,-48,55
169,-44,135
169,-44,-25
169,-43,-140
169,-42,135
169,-38,59
169,-34,136
169,-34,136
169,-33,144
169,-32,144
169,-31,-7
169,-30,-25
169,-27,59
169,-27,-140
169,-25,-25
169,-25,60
169,-24,112
169,-24,87
169,-24,-2
169,-23,106
169,-22,-26
169,-22,-141
169,-19,-161
169,-19,144
169,-18,-1
169,-16,122
169,-15,136
169,-15,122
169,0,0
169,0,0
169,0,0
169,0,0
169,1,1
169,1,1
169,1,1
169,1,1
169,1,1
169,1,1
169,14,60
169,15,-97
169,17,65
169,20,54
169,21,55
169,21,-38
169,23,17
169,23,17
169,23,65
169,24,-193
169,24,-92
169,25,-196
169,26,20
169,29,57
169,31,-152
169,31,-215
169,32,-70
169,35,-65
169,38,-55
169,38,-64
169,40,-179
169,40,-204
169,40,-145
169,40,-172
169,46,-200
169,52,-178
169,53,-200
169,54,135
169,55,-153
169,56,143
169,59,-204
169,60,-188
169,60,135
169,60,-96
169,60,66
169,61,-100
169,61,133
169,62,59
169,64,-200
169,65,-37
169,75,-45
169,75,-53
169,78,-25
169,83,-33
169,83,60
169,87,55
169,88,59
169,90,-30
169,91,-177
169,91,-223
169,92,-217
169,93,-43
169,95,-183
169,98,-225
169,100,-141
169,100,-189
169,101,-258
169,101,-125
169,102,-188
169,103,-261
169,104,67
169,105,-253
169,106,-254
169,106,-260
169,108,-86
169,109,55
169,110,-216
169,110,-75
169,112,-88
169,114,55
169,123,-74
169,128,56
169,134,-80
169,137,20
169,140,-220
169,140,23
169,140,22
169,144,-117
169,146,15
169,147,-221
169,149,23
169,149,60
169,149,-220
169,150,-219
169,150,-219
169,154,-225
169,155,-223
169,158,-139
169,162,-118
169,164,-109
169,164,-61
169,167,-112
169,169,-111
169,172,-133
169,173,-134
169,174,-115
169,180,-253
169,180,-253
169,180,-72
169,181,-190
169,183,-184
169,185,-252
169,185,-257
169,189,-181
169,189,-181
169,192,59
169,216,12
169,218,49
169,219,55
169,220,-125
169,221,-134
169,230,-128
169,231,-129
169,232,-135
169,232,-145
169,232,-145
169,232,-16
169,235,-147
169,244,-181
169,254,-181
169,259,-161
169,261,-181
169,264,-3
169,264,-9
169,265,-8
169,267,-140
169,267,-5
169,269,-140
169,273,-72
169,273,-83
169,278,-20
169,280,-80
169,281,-75
169,281,-80
169,283,-20
169,284,-140
169,286,-19
169,286,-20
169,291,-183
169,291,-181
169,294,-139
169,294,-139
169,296,-80
169,300,-71
169,302,-68
169,303,-176
169,306,-80
169,306,-84
169,309,-178
169,313,-88
169,320,-80
169,320,-80
169,331,-92
169,332,-68
170,-402,410
170,-386,417
170,-385,419
170,-383,420
170,-382,419
170,-380,423
170,-380,423
170,-379,419
170,-377,420
170,-376,419
170,-374,417
170,-360,410
170,-82,50
170,-66,57
170,-65,59
170,-63,60
170,-62,59
170,-60,63
170,-60,63
170,-59,59
170,-57,60
170,-56,59
170,-54,57
170,-40,50
170,0,0
170,0,0
170,0,0
170,0,0
170,0,0
170,0,0
170,0,0
170,0,0
170,0,0
170,0,0
170,0,0
170,0,0
170,0,0
170,0,0
170,0,0
170,0,0
170,0,0
170,0,0
170,0,0
170,0,0
170,0,0
170,0,0
170,0,0
170,0,0
170,0,0
170,0,0
170,0,0
170,0,0
170,0,0
170,0,0
170,0,0
170,0,0
170,0,0
170,0,0
170,0,0
170,0,0
170,0,0
170,0,0
170,0,0
170,0,0
170,0,0
170,0,0
170,0,0
170,0,0
170,0,0
170,0,0
170,0,0
170,0,0
170,0,0
170,0,0
170,0,0
170,0,0
170,0,0
170,0,0
170,0,0
170,0,0
170,0,0
170,0,0
170,0,0
170,0,0
170,0,0
170,0,0
170,0,0
170,0,0
170,0,0
170,0,0
170,0,0
170,0,0
170,0,0
170,0,0
170,0,0
170,0,0
170,0,0
170,0,0
170,0,0
170,0,0
170,0,0
170,0,0
170,1,1
170,1,1
170,1,1
170,1,1
170,1,1
170,1,1
170,1,1
170,1,1
170,1,1
170,1,1
170,1,1
170,1,1
170,318,-350
170,335,-341
170,337,-344
170,337,-345
170,338,-346
170,338,-341
170,338,-344
170,339,-345
170,339,-349
170,339,-350
170,340,-340
170,340,-337
170,340,-349
170,341,-341
170,341,-345
170,342,-347
170,344,-341
170,360,-350
171,-251,251
171,-249,194
171,-248,194
171,-241,247
171,-233,221
171,-232,235
171,-231,190
171,-227,238
171,-219,209
171,-209,250
171,-200,250
171,-198,195
171,-194,217
171,-194,201
171,-193,217
171,-188,201
171,-186,207
171,-184,194
171,-169,363
171,-166,354
171,-165,369
171,-149,356
171,-149,376
171,-139,215
171,-137,377
171,-137,377
171,-137,341
171,-136,367
171,-136,373
171,-133,209
171,-131,214
171,-122,356
171,-122,370
171,-121,-87
171,-116,351
171,-110,218
171,-103,247
171,-103,313
171,-101,277
171,-97,179
171,-97,247
171,-90,77
171,-85,69
171,-84,239
171,-80,224
171,-78,299
171,-73,227
171,-73,227
171,-71,84
171,-71,84
171,-66,85
171,-66,142
171,-62,217
171,-59,124
171,-59,330
171,-37,339
171,-21,314
171,-20,165
171,-20,140
171,-19,287
171,-11,273
171,-8,279
171,-3,265
171,0,0
171,0,0
171,0,0
171,0,0
171,0,0
171,0,0
171,0,0
171,0,0
171,0,0
171,0,0
171,0,0
171,0,0
171,0,0
171,0,0
171,0,0
171,0,0
171,0,0
171,0,0
171,0,0
171,0,0
171,0,0
171,0,0
171,0,0
171,0,0
171,0,0
171,0,0
171,0,0
171,0,0
171,0,0
171,0,0
171,0,0
171,0,0
171,0,0
171,0,0
171,0,0
171,0,0
171,0,0
171,0,0
171,0,0
171,0,0
171,0,0
171,0,0
171,0,0
171,0,0
171,0,0
171,0,0
171,0,0
171,0,0
171,0,0
171,0,0
171,0,0
171,0,0
171,0,0
171,0,0
171,0,0
171,0,0
171,0,0
171,0,0
171,0,0
171,0,0
171,0,0
171,0,0
171,0,0
171,0,0
171,0,0
171,0,0
171,0,0
171,0,0
171,0,0
171,0,0
171,0,0
171,0,0
171,0,0
171,0,0
171,0,0
171,0,0
171,0,0
171,0,0
171,0,0
171,0,0
171,0,0
171,0,0
171,0,0
171,0,0
171,0,0
171,0,0
171,0,0
171,0,0
171,0,0
171,0,0
171,0,0
171,0,0
171,0,0
171,0,0
171,0,0
171,0,0
171,0,0
171,0,0
171,0,0
171,0,0
171,0,0
171,0,0
171,0,0
171,0,0
171,0,0
171,0,0
171,0,0
171,0,0
171,0,0
171,0,0
171,0,0
171,0,0
171,0,0
171,0,0
171,0,0
171,0,0
171,0,0
171,0,0
171,0,0
171,0,0
171,0,0
171,0,0
171,0,0
171,0,0
171,0,0
171,0,0
171,0,0
171,0,0
171,0,0
171,0,0
171,0,0
171,0,0
171,0,0
171,0,0
171,0,0
171,0,0
171,0,0
171,0,0
171,0,0
171,0,0
171,0,0
171,0,0
171,0,0
171,0,0
171,0,0
171,0,0
171,0,0
171,0,0
171,0,0
171,0,0
171,0,0
171,0,0
171,0,0
171,0,0
171,0,0
171,0,0
171,0,0
171,0,0
171,0,0
171,0,0
171,0,0
171,0,0
171,0,0
171,0,0
171,0,0
171,0,0
171,0,0
171,0,0
171,0,0
171,0,0
171,0,0
171,0,0
171,0,0
171,0,0
171,0,0
171,0,0
171,0,0
171,0,0
171,0,0
171,0,0
171,0,0
171,0,0
171,0,0
171,0,0
171,0,0
171,0,0
171,0,0
171,0,0
171,0,0
171,0,0
171,0,0
171,0,0
171,0,0
171,0,0
171,0,0
171,0,0
171,0,0
171,0,0
171,0,0
171,0,0
171,0,0
171,0,0
171,0,0
171,0,0
171,0,0
171,0,0
171,0,0
171,0,0
171,0,0
171,0,0
171,0,0
171,0,0
171,0,0
171,0,0
171,0,0
171,0,0
171,0,0
171,0,0
171,0,0
171,3,179
171,4,279
171,5,279
171,19,108
171,19,6
171,20,138
171,29,191
171,30,194
171,33,180
171,36,-21
171,37,20
171,41,372
171,42,299
171,46,207
171,48,204
171,51,359
171,51,261
171,51,206
171,52,350
171,55,264
171,55,-101
171,58,271
171,58,99
171,59,270
171,59,-101
171,59,66
171,60,277
171,60,22
171,60,176
171,61,125
171,61,266
171,61,265
171,62,327
171,62,-3
171,64,27
171,67,23
171,71,26
171,81,-100
171,81,-100
171,83,-100
171,83,-100
171,84,-102
171,91,-98
171,93,-98
171,93,219
171,95,-97
171,95,-97
171,95,-97
171,95,-98
171,95,-97
171,95,-97
171,95,-98
171,100,-3
171,100,-2
171,100,-1
171,100,-1
171,102,253
171,111,41
171,118,-79
171,118,-79
171,118,-79
171,118,-79
171,118,-78
171,118,-80
171,118,-78
171,118,-79
171,118,-80
171,118,-79
171,118,-80
171,118,-78
171,118,-79
171,118,-78
171,118,-79
171,118,-80
171,118,-79
171,119,-75
171,119,-75
171,119,-75
171,119,-75
171,122,-81
171,125,-85
171,125,-91
171,126,-83
171,126,-83
171,126,-87
171,126,-85
171,127,-85
171,130,-88
171,130,-86
171,131,-86
171,133,-93
171,133,-85
171,133,-80
171,137,-89
171,140,-88
171,140,-87
171,149,-94
171,157,-140
171,159,-140
171,159,-140
171,159,-140
171,160,-100
171,161,-140
171,189,-157
171,262,-58
171,264,-61
171,269,-62
171,327,-19
172,-94,-220
172,-91,-221
172,-72,-257
172,-68,-261
172,-62,-322
172,-61,-326
172,-60,14
172,-59,-280
172,-59,-205
172,-58,25
172,-58,-318
172,-58,55
172,-53,-58
172,-52,-174
172,-47,-131
172,-47,-261
172,-45,-60
172,-44,-260
172,-43,-153
172,-33,-260
172,-32,62
172,-31,46
172,-31,75
172,-29,70
172,-28,-140
172,-24,46
172,-23,-139
172,-22,-169
172,-19,62
172,-18,-294
172,-17,-167
172,-17,-139
172,-16,46
172,-15,70
172,-11,71
172,-9,-298
172,-5,46
172,-5,-299
172,0,0
172,0,0
172,0,0
172,1,-151
172,3,-170
172,4,-118
172,8,-130
172,29,-220
172,39,-101
172,39,-220
172,41,-101
172,55,-255
172,55,-263
172,58,-253
172,59,-202
172,59,-196
172,61,-139
172,62,-137
172,98,-169
172,99,-169
172,120,-184
172,125,-179
172,135,-211
172,136,-194
172,136,-188
172,138,-210
172,146,-212
173,-463,-14
173,-462,-20
173,-460,275
173,-459,19
173,-459,38
173,-459,269
173,-444,242
173,-442,301
173,-439,20
173,-436,247
173,-435,236
173,-428,311
173,-428,247
173,-427,248
173,-423,309
173,-422,16
173,-422,-2
173,-421,224
173,-400,-14
173,-399,-18
173,-395,219
173,-392,-24
173,-391,-18
173,-388,59
173,-388,62
173,-384,72
173,-382,65
173,-380,214
173,-379,-35
173,-379,-53
173,-379,61
173,-378,-33
173,-378,56
173,-374,62
173,-373,56
173,-372,-20
173,-372,273
173,-370,274
173,-370,109
173,-366,62
173,-366,179
173,-365,270
173,-364,130
173,-362,122
173,-361,276
173,-359,-19
173,-359,284
173,-357,-61
173,-354,60
173,-353,276
173,-350,178
173,-346,-12
173,-346,63
173,-345,119
173,-344,178
173,-341,67
173,-341,170
173,-341,-22
173,-339,79
173,-338,239
173,-338,176
173,-337,-59
173,-336,-19
173,-332,62
173,-331,178
173,-326,220
173,-324,60
173,-323,-1
173,-321,179
173,-319,131
173,-319,110
173,-316,7
173,-315,-5
173,-315,7
173,-312,-2
173,-309,56
173,-308,56
173,-304,3
173,-304,55
173,-304,50
173,-302,54
173,-301,190
173,-300,40
173,-300,-48
173,-298,0
173,-298,-52
173,-297,210
173,-297,131
173,-295,-60
173,-292,141
173,-290,-17
173,-278,221
173,-277,140
173,-277,135
173,-272,0
173,-266,-56
173,-264,151
173,-262,217
173,-262,-62
173,-262,-17
173,-261,14
173,-261,-64
173,-261,178
173,-260,172
173,-259,145
173,-256,-72
173,-254,-8
173,-253,-4
173,-250,72
173,-249,-61
173,-246,4
173,-246,72
173,-245,75
173,-245,15
173,-241,139
173,-241,85
173,-239,-2
173,-238,90
173,-230,90
173,-229,82
173,-228,18
173,-224,1
173,-219,47
173,-219,84
173,-219,73
173,-219,6
173,-217,75
173,-215,167
173,-214,-3
173,-212,83
173,-212,179
173,-212,174
173,-210,173
173,-209,172
173,-202,75
173,-198,0
173,-195,90
173,-192,89
173,-191,77
173,-191,80
173,-190,-8
173,-189,-9
173,-188,95
173,-186,-11
173,-183,-1
173,-181,-42
173,-181,-37
173,-180,109
173,-177,10
173,-177,-8
173,-175,-1
173,-175,109
173,-173,10
173,-166,124
173,-165,36
173,-165,124
173,-164,-84
173,-161,25
173,-161,-1
173,-160,-5
173,-160,-81
173,-159,117
173,-159,41
173,-158,-69
173,-157,15
173,-154,-71
173,-154,39
173,-153,-83
173,-153,-82
173,-152,38
173,-151,2
173,-151,-74
173,-150,25
173,-144,-60
173,-142,101
173,-140,80
173,-134,-49
173,-134,-52
173,-133,138
173,-132,-48
173,-132,66
173,-131,44
173,-130,34
173,-130,-44
173,-127,-42
173,-126,26
173,-121,141
173,-120,-47
173,-119,-31
173,-119,51
173,-112,-101
173,-109,-48
173,-108,37
173,-106,-49
173,-103,-40
173,-102,-109
173,-102,52
173,-100,91
173,-98,-71
173,-96,-50
173,-96,91
173,-95,-34
173,-95,-41
173,-95,96
173,-95,32
173,-95,136
173,-92,98
173,-92,38
173,-90,-105
173,-89,45
173,-85,-37
173,-85,100
173,-81,52
173,-80,-44
173,-80,134
173,-77,28
173,-77,43
173,-74,-38
173,-73,37
173,-73,-30
173,-71,36
173,-69,141
173,-66,-42
173,-65,-40
173,-64,140
173,-64,40
173,-63,42
173,-56,136
173,-54,137
173,-53,139
173,-52,-33
173,-48,98
173,-48,106
173,-45,102
173,-43,-45
173,-41,-36
173,-41,27
173,-40,41
173,-40,98
173,-39,52
173,-38,35
173,-37,44
173,-35,38
173,-33,142
173,-33,-32
173,-31,185
173,-30,-33
173,-30,-48
173,-28,-41
173,-26,178
173,-25,142
173,-23,98
173,-23,191
173,-20,-13
173,-19,174
173,-18,57
173,-18,40
173,-14,101
173,-11,97
173,-9,182
173,-9,184
173,-8,-61
173,-7,-18
173,-6,99
173,-6,-60
173,-6,38
173,-5,-61
173,-3,27
173,0,0
173,0,0
173,0,0
173,0,0
173,0,0
173,0,0
173,0,0
173,0,0
173,0,0
173,0,0
173,1,1
173,1,1
173,1,1
173,1,1
173,1,1
173,3,46
173,4,54
173,11,41
173,18,-27
173,18,-28
173,23,-25
173,24,70
173,25,76
173,25,38
173,30,27
173,33,-60
173,34,77
173,36,42
173,38,59
173,40,48
173,42,95
173,44,46
173,44,-21
173,47,34
173,52,41
173,52,-52
173,54,-29
173,54,98
173,55,67
173,55,-53
173,56,87
173,57,-35
173,58,79
173,58,-47
173,59,73
173,60,78
173,63,70
173,66,76
173,69,93
173,73,86
173,79,87
173,92,23
173,93,79
173,96,99
173,98,12
173,98,12
173,99,70
173,100,79
173,101,32
173,103,60
173,103,97
173,107,17
173,107,90
173,108,79
173,110,16
173,120,75
173,120,65
173,127,79
173,132,84
173,132,74
173,139,84
173,140,79
173,141,73
173,144,63
173,154,81
173,155,90
173,157,89
173,162,95
173,164,77
173,172,75
173,178,81
173,184,61
173,186,78
173,195,79
173,197,74
173,199,65
173,200,94
173,211,82
173,212,92
173,215,72
173,221,27
173,230,21
173,235,83
173,238,69
173,247,72
173,248,74
173,251,83
173,256,21
173,256,22
173,259,93
173,259,29
173,263,99
173,278,58
173,279,94
173,288,60
173,290,95
173,295,98
173,297,58
173,315,100
173,324,103
173,325,100
173,337,119
173,342,131
173,344,139
173,345,129
173,386,173
173,413,181
174,-85,-3
174,-82,-1
174,-59,-9
174,-56,22
174,-55,-2
174,-52,61
174,-49,40
174,-48,99
174,-45,39
174,-45,60
174,-43,45
174,-43,44
174,-41,98
174,-41,-31
174,-41,-3
174,-41,45
174,-39,27
174,-35,42
174,-34,30
174,-34,-43
174,-27,-168
174,-25,-191
174,-25,-128
174,-25,86
174,-24,-208
174,-24,77
174,-24,60
174,-23,2
174,-22,-0
174,-22,25
174,-22,-105
174,-22,-179
174,-21,-148
174,-21,-148
174,-21,4
174,-21,75
174,-20,-186
174,-20,59
174,-19,-114
174,-19,-131
174,-19,26
174,-19,-154
174,-18,-103
174,-18,67
174,-18,46
174,-18,-108
174,-18,1
174,-17,-58
174,-17,-203
174,-17,-195
174,-17,-169
174,-16,67
174,-12,-181
174,-12,77
174,-5,-78
174,-4,-86
174,-4,77
174,1,1
174,1,1
174,1,1
174,1,1
174,1,1
174,1,1
174,2,119
174,3,19
174,3,-75
174,3,-180
174,4,114
174,6,26
174,7,110
174,8,80
174,10,-174
174,11,-84
174,12,74
174,15,30
174,16,-168
174,16,61
174,17,-158
174,18,63
174,18,85
174,18,52
174,18,-97
174,19,69
174,19,-153
174,20,-93
174,20,40
174,21,-200
174,22,36
174,23,118
174,23,-169
174,23,-156
174,23,65
174,24,-163
174,24,23
174,25,139
174,25,39
174,26,72
174,26,-161
174,26,-98
174,26,148
174,28,-13
174,31,-99
174,32,137
174,34,22
174,35,157
174,35,-198
174,36,144
174,37,-139
174,39,20
174,39,155
174,40,167
174,41,-209
174,41,164
174,42,-101
174,42,-203
174,43,-190
174,46,149
174,48,-177
174,48,-187
174,49,-187
174,49,17
174,50,-18
174,52,-198
174,52,141
174,54,251
174,54,-138
174,55,136
174,55,-140
174,55,-144
174,56,190
174,56,-93
174,56,22
174,56,-152
174,57,-160
174,57,260
174,58,-93
174,58,-77
174,59,147
174,59,97
174,59,-137
174,59,17
174,60,181
174,60,252
174,61,198
174,61,-109
174,61,185
174,62,144
174,62,-23
174,62,244
174,63,-62
174,63,-83
174,63,92
174,64,16
174,64,-150
174,64,53
174,66,-20
174,68,-165
174,68,56
174,68,12
174,68,-0
174,69,-68
174,69,209
174,72,139
174,72,119
174,73,-145
174,75,4
174,75,115
174,77,126
174,77,119
174,78,-94
174,78,-91
174,78,-134
174,79,220
174,80,137
174,81,-100
174,83,121
174,84,-150
174,84,121
174,85,133
174,87,-59
174,87,-106
174,90,-9
174,90,112
174,90,-147
174,90,-105
174,91,220
174,92,129
174,92,14
174,93,109
174,93,144
174,94,-142
174,94,-93
174,95,107
174,96,-8
174,97,-109
174,97,-61
174,97,-55
174,98,202
174,98,-118
174,98,145
174,99,66
174,99,88
174,99,101
174,100,34
174,100,189
174,100,-54
174,100,158
174,100,215
174,101,64
174,101,103
174,102,3
174,102,172
174,102,-41
174,103,42
174,103,67
174,103,73
174,104,129
174,104,47
174,104,142
174,104,117
174,105,-3
174,105,61
174,105,51
174,106,-18
174,109,-48
174,109,-30
174,109,24
174,111,137
174,112,-14
174,112,179
174,112,51
174,112,142
174,112,38
174,116,102
174,116,5
174,116,22
174,117,-54
174,117,18
174,119,-43
174,119,38
174,119,21
174,120,-58
174,120,-39
174,121,59
174,121,46
174,121,185
174,122,-54
174,122,66
174,123,1
174,123,55
174,123,62
174,123,138
174,123,173
174,123,19
174,123,-25
174,124,-60
174,127,17
174,128,7
174,128,-14
174,128,95
174,129,-13
174,129,-141
174,129,-14
174,129,-56
174,131,-51
174,131,-103
174,135,69
174,135,89
174,135,72
174,136,17
174,136,-130
174,137,127
174,137,-129
174,138,-73
174,138,-130
174,139,-129
174,139,118
174,140,-143
174,140,161
174,140,-55
174,141,-60
174,141,115
174,143,-61
174,147,-91
174,148,-139
174,149,-142
174,152,-56
174,153,-144
174,154,139
174,158,-60
174,158,-146
174,161,-65
174,162,-137
174,168,20
174,170,54
174,173,64
174,174,40
174,178,34
174,179,-40
174,179,-37
174,179,-44
174,180,-43
174,182,119
174,189,-50
174,191,63
174,195,104
174,202,58
174,204,96
174,205,58
174,209,62
174,249,57
174,250,53
174,252,57
174,253,54
174,253,53
174,257,44
174,260,37
174,260,41
174,261,36
174,262,35
174,264,35
174,267,39
175,-97,294
175,-68,306
175,-62,294
175,-59,268
175,-55,300
175,-52,294
175,-26,262
175,-26,215
175,-22,215
175,-22,220
175,-21,245
175,-20,290
175,-14,224
175,-11,42
175,-11,53
175,-11,35
175,-2,43
175,-2,299
175,-1,37
175,0,0
175,0,0
175,0,0
175,0,0
175,0,0
175,0,0
175,0,0
175,0,0
175,0,0
175,0,0
175,0,0
175,0,0
175,0,0
175,0,0
175,0,0
175,0,0
175,0,0
175,0,0
175,0,0
175,0,0
175,0,0
175,0,0
175,0,0
175,0,0
175,0,0
175,0,0
175,0,0
175,0,0
175,0,0
175,0,0
175,0,0
175,0,0
175,0,0
175,0,0
175,0,0
175,0,0
175,0,0
175,0,0
175,0,0
175,0,0
175,0,0
175,0,0
175,0,0
175,0,0
175,0,0
175,0,0
175,0,0
175,0,0
175,0,0
175,0,0
175,0,0
175,0,0
175,0,0
175,0,0
175,0,0
175,0,0
175,0,0
175,0,0
175,0,0
175,0,0
175,0,0
175,0,0
175,0,0
175,0,0
175,0,0
175,0,0
175,0,0
175,0,0
175,0,0
175,0,0
175,0,0
175,0,0
175,0,0
175,0,0
175,0,0
175,0,0
175,0,0
175,0,0
175,0,0
175,0,0
175,0,0
175,0,0
175,0,0
175,0,0
175,0,0
175,0,0
175,0,0
175,0,0
175,0,0
175,0,0
175,0,0
175,0,0
175,0,0
175,0,0
175,0,0
175,0,0
175,0,0
175,0,0
175,0,0
175,0,0
175,0,0
175,0,0
175,0,0
175,0,0
175,0,0
175,0,0
175,0,0
175,0,0
175,0,0
175,0,0
175,0,0
175,0,0
175,0,0
175,0,0
175,0,0
175,0,0
175,0,0
175,0,0
175,0,0
175,0,0
175,0,0
175,0,0
175,0,0
175,0,0
175,0,0
175,0,0
175,0,0
175,0,0
175,0,0
175,0,0
175,0,0
175,0,0
175,0,0
175,0,0
175,0,0
175,0,0
175,0,0
175,0,0
175,0,0
175,0,0
175,0,0
175,0,0
175,0,0
175,0,0
175,0,0
175,0,0
175,0,0
175,0,0
175,0,0
175,0,0
175,0,0
175,0,0
175,0,0
175,0,0
175,0,0
175,0,0
175,0,0
175,0,0
175,0,0
175,0,0
175,0,0
175,0,0
175,0,0
175,0,0
175,0,0
175,0,0
175,0,0
175,0,0
175,0,0
175,0,0
175,0,0
175,0,0
175,0,0
175,0,0
175,0,0
175,0,0
175,0,0
175,0,0
175,0,0
175,0,0
175,0,0
175,0,0
175,0,0
175,0,0
175,0,0
175,0,0
175,0,0
175,0,0
175,0,0
175,0,0
175,0,0
175,0,0
175,0,0
175,0,0
175,0,0
175,0,0
175,0,0
175,0,0
175,0,0
175,0,0
175,0,0
175,0,0
175,0,0
175,0,0
175,0,0
175,0,0
175,0,0
175,0,0
175,0,0
175,0,0
175,0,0
175,0,0
175,0,0
175,0,0
175,0,0
175,0,0
175,0,0
175,0,0
175,0,0
175,0,0
175,0,0
175,0,0
175,0,0
175,0,0
175,0,0
175,0,0
175,0,0
175,0,0
175,0,0
175,0,0
175,0,0
175,0,0
175,0,0
175,0,0
175,0,0
175,0,0
175,0,0
175,0,0
175,0,0
175,0,0
175,0,0
175,0,0
175,0,0
175,0,0
175,0,0
175,0,0
175,0,0
175,0,0
175,0,0
175,0,0
175,0,0
175,0,0
175,0,0
175,0,0
175,0,0
175,0,0
175,0,0
175,0,0
175,0,0
175,0,0
175,0,0
175,1,37
175,7,52
175,7,47
175,12,41
175,12,32
175,17,58
175,17,57
175,19,-13
175,19,-20
175,21,-15
175,23,-17
175,26,-25
175,26,-25
175,27,315
175,29,327
175,32,319
175,32,320
175,33,59
175,33,319
175,34,321
175,37,332
175,40,320
175,42,322
175,44,308
175,46,331
175,46,333
175,47,308
175,47,313
175,47,11
175,47,15
175,48,25
175,48,2
175,49,-2
175,50,330
175,51,328
175,53,63
175,54,320
175,56,58
175,57,21
175,59,272
175,60,-44
175,60,54
175,60,78
175,60,9
175,61,126
175,61,76
175,61,-49
175,61,74
175,61,-17
175,62,92
175,62,64
175,64,58
175,66,15
175,68,24
175,68,137
175,69,24
175,76,99
175,77,259
175,87,-59
175,94,103
175,94,-60
175,96,216
175,97,-66
175,98,227
175,98,100
175,99,188
175,99,225
175,100,164
175,100,251
175,100,-64
175,100,140
175,100,-56
175,101,110
175,101,227
175,102,219
175,102,99
175,103,139
175,103,139
175,104,-92
175,104,144
175,106,14
175,106,-94
175,107,97
175,110,140
175,112,259
175,113,-78
175,113,-78
175,113,-79
175,114,-82
175,120,-77
175,120,-83
175,123,-99
175,125,-77
175,125,-86
175,126,-84
175,127,60
175,127,-20
175,129,139
175,130,217
175,138,20
175,139,89
175,140,-126
175,140,-121
175,141,202
175,143,-27
175,144,275
175,150,-139
175,152,274
175,154,286
175,154,281
175,156,179
175,157,278
175,160,280
175,162,286
175,162,219
175,165,271
175,165,274
175,169,141
175,172,287
175,172,286
175,172,60
175,173,-87
175,173,-92
175,173,-94
175,173,134
175,174,131
175,174,-139
175,174,-112
175,175,61
175,175,-21
175,175,-192
175,176,153
175,176,-21
175,178,22
175,178,16
175,178,172
175,179,-106
175,179,-176
175,180,-107
175,180,-168
175,180,-181
175,180,-107
175,180,-107
175,180,-106
175,180,229
175,180,140
175,180,-113
175,181,-187
175,181,20
175,182,-51
175,183,138
175,184,133
175,184,89
175,185,148
175,185,136
175,186,-107
175,186,157
175,186,156
175,186,158
175,188,-117
175,190,-89
175,191,-119
175,191,-119
175,191,299
175,192,-116
175,192,-119
175,195,301
175,212,-21
175,216,258
175,217,66
175,217,-107
175,218,-99
175,219,141
175,219,-46
175,220,329
175,221,329
175,221,-131
175,222,-154
175,226,141
175,228,339
175,240,-179
175,252,299
175,253,-95
175,255,260
175,256,-55
175,256,100
175,256,133
175,256,93
175,257,-53
175,257,93
175,258,-174
175,258,-60
175,259,260
175,260,304
175,260,110
175,260,91
175,260,98
175,260,295
175,260,19
175,260,-69
175,260,106
175,260,88
175,261,-43
175,261,-75
175,261,238
175,261,-58
175,261,-201
175,261,2
175,261,-60
175,262,20
175,262,100
175,262,106
175,263,-253
175,263,99
175,264,-53
175,264,94
175,264,-60
175,265,105
175,265,-65
175,265,-60
175,267,100
175,267,103
175,267,-56
175,267,-58
175,267,57
175,268,299
175,268,-227
175,279,-226
175,280,-216
175,287,-259
175,288,-222
175,289,-218
175,290,16
175,291,60
175,291,55
175,291,-139
175,295,25
175,295,-24
175,295,-218
175,296,12
175,296,-139
175,296,-255
175,296,-239
175,299,296
175,300,68
175,300,-33
175,300,-17
175,300,-16
175,300,60
175,300,11
175,301,-225
175,301,28
175,301,20
175,302,-243
175,303,26
175,303,-256
175,303,19
175,304,26
175,304,219
175,304,94
175,305,-20
175,305,-20
175,306,264
175,306,33
175,309,64
175,317,15
175,317,15
175,318,14
175,321,219
175,324,-259
175,325,-139
175,331,-139
175,333,-124
175,335,-155
175,337,-13
175,338,20
175,340,70
175,340,-300
175,340,18
175,340,-271
175,341,188
175,341,49
175,341,161
175,341,-155
175,342,-124
175,342,-124
175,344,-152
175,345,-124
175,347,-152
175,351,141
175,354,-339
175,372,-342
175,379,-132
175,379,-120
175,379,81
175,379,55
175,379,126
175,384,-306
175,387,20
175,394,101
175,396,21
175,401,98
175,405,101
175,405,137
175,406,143
175,408,19
175,410,102
175,411,104
175,417,111
175,420,128
175,421,132
175,421,133
176,-337,-107
176,-333,-101
176,-320,-98
176,-309,-52
176,-301,-53
176,-301,-64
176,-300,-247
176,-300,-71
176,-298,-277
176,-291,-58
176,-276,-58
176,-271,-97
176,-269,-302
176,-268,-57
176,-263,-307
176,-261,-96
176,-261,-90
176,-260,-43
176,-260,-108
176,-259,-77
176,-259,-281
176,-259,-280
176,-259,-269
176,-258,-218
176,-258,-344
176,-257,-301
176,-256,-11
176,-255,-64
176,-255,-333
176,-255,-16
176,-251,-305
176,-249,-217
176,-249,-57
176,-243,-298
176,-240,-65
176,-233,-59
176,-232,-294
176,-231,-264
176,-231,-295
176,-228,-313
176,-226,-213
176,-226,-252
176,-225,-270
176,-223,-301
176,-222,-45
176,-222,173
176,-221,-44
176,-221,21
176,-221,170
176,-220,-95
176,-220,24
176,-219,-340
176,-218,-258
176,-218,-195
176,-217,-75
176,-217,40
176,-215,-71
176,-214,-261
176,-213,179
176,-213,-226
176,-212,-343
176,-204,180
176,-203,22
176,-198,20
176,-196,-103
176,-194,-182
176,-194,-259
176,-189,-237
176,-187,-248
176,-187,142
176,-186,-217
176,-184,-243
176,-183,-34
176,-183,-271
176,-183,229
176,-182,1
176,-182,36
176,-181,-54
176,-180,-206
176,-179,-242
176,-178,5
176,-177,42
176,-177,-102
176,-175,-104
176,-174,-257
176,-173,61
176,-173,61
176,-167,-337
176,-166,-22
176,-161,156
176,-160,-261
176,-158,-95
176,-158,169
176,-157,-219
176,-157,-261
176,-156,-20
176,-155,-219
176,-152,-265
176,-152,-328
176,-149,-304
176,-148,175
176,-148,156
176,-148,-295
176,-145,170
176,-144,-239
176,-144,-244
176,-143,-84
176,-143,-250
176,-142,-209
176,-142,-293
176,-141,203
176,-140,-17
176,-140,-185
176,-138,-338
176,-137,-231
176,-136,-12
176,-136,-247
176,-135,169
176,-131,-25
176,-129,165
176,-126,-62
176,-126,-62
176,-124,153
176,-122,24
176,-121,-180
176,-117,-62
176,-116,-62
176,-116,20
176,-115,219
176,-114,-185
176,-114,171
176,-110,169
176,-109,-178
176,-106,-260
176,-104,48
176,-104,-308
176,-103,-300
176,-103,48
176,-102,-308
176,-101,-168
176,-101,-16
176,-98,-20
176,-98,-39
176,-98,1
176,-98,56
176,-97,57
176,-97,-262
176,-95,-71
176,-94,-218
176,-94,-219
176,-94,-298
176,-93,-302
176,-91,-168
176,-88,-177
176,-86,-65
176,-82,62
176,-82,216
176,-78,224
176,-75,21
176,-75,-60
176,-74,176
176,-69,174
176,-68,58
176,-68,221
176,-64,-19
176,-64,204
176,-63,58
176,-63,57
176,-62,26
176,-62,200
176,-62,-169
176,-62,33
176,-61,-46
176,-61,170
176,-61,54
176,-60,352
176,-60,-170
176,-60,54
176,-60,-33
176,-59,37
176,-59,197
176,-58,84
176,-58,-57
176,-57,-37
176,-56,-64
176,-55,212
176,-54,-19
176,-53,66
176,-50,-213
176,-50,-211
176,-48,-202
176,-47,-201
176,-46,-202
176,-43,178
176,-38,-194
176,-37,299
176,-37,179
176,-37,-205
176,-33,16
176,-32,22
176,-29,24
176,-28,295
176,-26,-5
176,-23,-206
176,-23,263
176,-21,266
176,-21,-2
176,-21,-26
176,-19,327
176,-19,6
176,-18,280
176,-17,24
176,-16,268
176,-14,-21
176,-13,19
176,-8,307
176,-6,-155
176,-4,-145
176,-2,-19
176,-0,-204
176,0,0
176,0,0
176,0,0
176,0,0
176,0,0
176,0,0
176,0,-212
176,1,1
176,1,1
176,1,1
176,1,1
176,1,1
176,1,1
176,1,179
176,2,259
176,2,-114
176,3,-140
176,3,-21
176,3,-19
176,3,-207
176,4,-176
176,5,-121
176,6,183
176,7,149
176,7,-154
176,8,23
176,8,-154
176,9,178
176,10,263
176,10,20
176,10,-133
176,10,101
176,10,111
176,10,138
176,11,102
176,11,152
176,12,-149
176,14,109
176,15,155
176,16,120
176,17,187
176,18,71
176,19,184
176,19,16
176,20,-257
176,20,-257
176,21,208
176,21,243
176,23,220
176,24,186
176,28,215
176,41,-100
176,41,98
176,41,-100
176,46,64
176,54,225
176,58,54
176,58,241
176,63,247
176,65,-8
176,65,61
176,66,60
176,66,-3
176,67,-12
176,69,-264
176,70,-50
176,73,-283
176,79,121
176,80,111
176,80,-12
176,82,-48
176,82,126
176,84,-24
176,85,-28
176,87,0
176,88,264
176,89,-283
176,90,-41
176,92,115
176,96,-271
176,97,-16
176,98,-74
176,98,50
176,99,-240
176,99,-251
176,99,-278
176,99,249
176,99,262
176,100,243
176,100,-186
176,100,-234
176,100,246
176,100,-195
176,102,-77
176,103,63
176,104,-195
176,104,-275
176,105,55
176,105,121
176,106,-39
176,107,-174
176,107,16
176,107,-31
176,108,126
176,110,-218
176,111,13
176,112,-126
176,113,-228
176,113,124
176,116,-30
176,117,-284
176,119,-6
176,121,-174
176,121,5
176,121,108
176,122,10
176,122,5
176,123,-292
176,124,-124
176,125,-128
176,127,-182
176,128,-29
176,128,-277
176,129,-21
176,129,-285
176,129,-120
176,129,-22
176,129,-122
176,129,215
176,130,-121
176,133,208
176,135,217
176,135,137
176,137,-128
176,138,229
176,139,-124
176,140,47
176,142,-110
176,145,-114
176,146,210
176,147,167
176,151,-114
176,152,178
176,152,261
176,153,170
176,155,258
176,155,216
176,156,216
176,156,-125
176,167,262
176,175,41
176,176,235
176,177,-31
176,178,238
176,178,26
176,181,-43
176,182,30
176,182,17
176,185,39
176,186,260
176,190,-76
176,196,100
176,197,-76
176,204,17
176,205,-69
176,206,20
176,211,52
176,216,7
176,217,270
176,217,53
176,218,22
176,218,120
176,220,-7
176,220,85
176,220,49
176,220,31
176,221,285
176,222,85
176,222,61
176,223,-72
176,225,29
176,225,-57
176,228,-88
176,229,-41
176,232,-31
176,233,63
176,237,140
176,238,63
176,239,-71
176,240,-57
176,242,-57
176,243,-82
176,245,61
176,246,-66
176,250,-67
176,250,-65
176,252,103
176,253,152
176,254,99
176,255,57
176,257,41
176,258,66
176,259,63
176,259,111
176,260,23
176,263,60
176,263,133
176,265,99
176,267,68
176,276,19
176,288,100
176,290,141
176,291,140
176,293,-104
176,296,76
176,298,151
176,298,94
176,302,56
176,302,-14
176,303,-1
176,303,225
176,304,11
176,306,-21
176,315,21
176,328,-104
176,332,-109
176,333,-75
176,336,-84
176,340,-34
176,341,-40
176,344,-83
176,348,-66
176,349,-64
176,360,-59
176,363,-63
176,365,-139
176,381,-107
176,384,-116
176,391,-59
176,407,-57
177,-474,-30
177,-472,-10
177,-459,-55
177,-455,-68
177,-453,-57
177,-453,-57
177,-452,43
177,-444,28
177,-431,-214
177,-430,-181
177,-430,-265
177,-428,-231
177,-424,-268
177,-421,303
177,-420,-200
177,-420,-200
177,-419,74
177,-419,74
177,-416,-172
177,-412,309
177,-407,31
177,-405,55
177,-405,42
177,-404,-99
177,-404,52
177,-403,55
177,-403,-179
177,-403,-179
177,-402,-31
177,-401,-34
177,-401,-34
177,-401,-29
177,-401,-33
177,-398,-99
177,-396,-27
177,-393,-224
177,-390,-188
177,-387,-273
177,-384,43
177,-384,175
177,-384,175
177,-383,110
177,-381,192
177,-381,192
177,-380,95
177,-380,348
177,-380,348
177,-380,31
177,-380,31
177,-379,152
177,-379,-10
177,-379,-10
177,-379,224
177,-378,217
177,-378,146
177,-378,146
177,-374,-180
177,-374,-180
177,-374,-272
177,-370,288
177,-369,12
177,-369,26
177,-365,-200
177,-365,276
177,-358,-188
177,-357,339
177,-357,339
177,-355,43
177,-354,-138
177,-353,31
177,-352,43
177,-352,328
177,-350,-139
177,-349,322
177,-346,284
177,-345,-267
177,-344,376
177,-342,230
177,-342,230
177,-342,288
177,-341,-156
177,-341,285
177,-341,287
177,-341,-180
177,-340,-214
177,-340,-214
177,-336,-175
177,-333,385
177,-329,-232
177,-329,282
177,-329,-207
177,-328,-267
177,-325,365
177,-321,-288
177,-321,-282
177,-319,366
177,-318,421
177,-314,292
177,-314,420
177,-311,-289
177,-309,-340
177,-308,277
177,-302,-337
177,-300,351
177,-300,351
177,-299,314
177,-299,314
177,-289,351
177,-285,330
177,-284,-295
177,-281,-279
177,-277,-341
177,-277,-341
177,-259,393
177,-259,407
177,-256,-340
177,-256,-340
177,-250,-338
177,-250,-338
177,-226,367
177,-226,452
177,-220,406
177,-220,406
177,-219,435
177,-219,435
177,-219,464
177,-218,372
177,-209,380
177,-209,380
177,-209,-340
177,-209,-340
177,-202,396
177,-200,405
177,-195,396
177,-192,475
177,-188,368
177,-185,-346
177,-177,-332
177,-173,423
177,-171,475
177,-171,365
177,-171,381
177,-171,381
177,-137,409
177,-133,-396
177,-129,428
177,-128,-368
177,-128,-357
177,-126,403
177,-123,408
177,-122,445
177,-121,-385
177,-121,404
177,-120,-394
177,-119,-386
177,-119,410
177,-117,-373
177,-115,-389
177,-115,397
177,-114,428
177,-113,-388
177,-109,440
177,-108,427
177,-108,442
177,-74,-419
177,-74,-419
177,-69,421
177,-63,454
177,-63,454
177,-61,425
177,-42,-405
177,-37,-400
177,-26,-342
177,-26,-342
177,-23,418
177,-23,418
177,-16,416
177,-16,416
177,-12,-322
177,-6,-281
177,-5,-271
177,-4,-318
177,-3,-298
177,-1,-283
177,0,0
177,0,0
177,0,0
177,1,1
177,12,-303
177,13,421
177,13,421
177,20,421
177,20,421
177,29,-341
177,29,-341
177,36,-460
177,42,-393
177,43,-389
177,50,420
177,50,420
177,61,444
177,61,444
177,65,421
177,68,419
177,69,-419
177,69,-419
177,114,378
177,118,442
177,118,390
177,119,-353
177,120,396
177,121,390
177,123,-364
177,124,442
177,124,-403
177,126,435
177,128,-353
177,130,365
177,134,461
177,135,445
177,136,440
177,137,-391
177,140,415
177,140,415
177,148,369
177,152,449
177,160,431
177,163,452
177,171,368
177,177,-341
177,179,-342
177,185,381
177,185,381
177,186,-343
177,190,-340
177,191,405
177,193,393
177,194,368
177,204,-340
177,204,-340
177,217,422
177,218,455
177,218,455
177,220,430
177,220,430
177,226,411
177,236,-342
177,236,-342
177,247,-342
177,247,-342
177,259,417
177,259,411
177,260,-341
177,268,-284
177,273,-339
177,288,-345
177,288,-263
177,291,-334
177,294,-274
177,300,-271
177,301,310
177,301,310
177,301,322
177,301,322
177,304,373
177,304,373
177,307,-288
177,309,280
177,314,357
177,315,289
177,317,361
177,319,370
177,321,354
177,324,-284
177,325,364
177,327,421
177,329,-209
177,330,284
177,330,-232
177,331,421
177,334,284
177,337,-256
177,339,-218
177,339,-218
177,341,226
177,341,226
177,344,-266
177,345,-184
177,348,-185
177,348,300
177,348,300
177,353,288
177,356,-141
177,358,269
177,360,281
177,361,-196
177,367,-271
177,367,-7
177,368,-33
177,370,-196
177,370,-196
177,373,206
177,373,280
177,376,180
177,376,180
177,376,143
177,376,143
177,377,36
177,377,42
177,378,41
177,379,202
177,379,95
177,379,188
177,379,17
177,379,101
177,380,125
177,380,48
177,380,40
177,380,348
177,380,348
177,380,227
177,380,-221
177,380,-151
177,381,-8
177,381,-8
177,382,161
177,382,161
177,387,105
177,388,-271
177,389,34
177,389,-180
177,389,-180
177,389,-192
177,390,39
177,390,371
177,390,40
177,391,347
177,392,-101
177,393,383
177,393,51
177,394,-182
177,394,-182
177,395,329
177,398,-100
177,398,31
177,400,-37
177,401,51
177,402,-46
177,406,-260
177,406,-260
177,409,-20
177,409,-20
177,413,-174
177,415,-252
177,417,-183
177,418,304
177,418,312
177,420,67
177,420,67
177,424,-262
177,428,-23
177,428,-23
177,430,-46
177,431,-210
177,432,-230
177,444,-36
177,445,-62
177,445,-62
177,452,49
177,465,63
177,468,10
178,-316,-175
178,-314,-155
178,-301,-128
178,-301,-159
178,-296,-105
178,-296,-105
178,-290,-95
178,-289,-95
178,-285,-154
178,-280,-166
178,-257,-98
178,-257,-98
178,-254,-96
178,-254,-96
178,-250,296
178,-243,295
178,-240,347
178,-239,312
178,-222,153
178,-220,166
178,-207,139
178,-185,296
178,-185,296
178,-184,292
178,-180,189
178,-180,189
178,-180,-93
178,-180,-93
178,-180,224
178,-180,224
178,-180,183
178,-179,224
178,-179,224
178,-179,-109
178,-178,-105
178,-177,170
178,-176,253
178,-174,-100
178,-174,-100
178,-174,305
178,-172,118
178,-171,181
178,-167,-93
178,-166,-140
178,-166,-78
178,-164,-140
178,-159,-79
178,-153,-77
178,-149,-19
178,-147,124
178,-144,174
178,-140,98
178,-139,150
178,-131,107
178,-129,-124
178,-128,-95
178,-128,115
178,-123,-112
178,-120,-81
178,-116,-104
178,-109,-147
178,-106,-86
178,-106,115
178,-105,68
178,-103,36
178,-101,137
178,-101,-0
178,-100,139
178,-100,62
178,-93,-129
178,-90,6
178,-86,109
178,-79,31
178,-79,-35
178,-79,36
178,-76,66
178,-76,-4
178,-76,-4
178,-76,-4
178,-75,-28
178,-71,81
178,-70,89
178,-70,70
178,-70,84
178,-70,70
178,-70,-125
178,-69,-67
178,-69,-87
178,-68,73
178,-68,70
178,-68,-67
178,-68,-68
178,-68,-68
178,-67,-69
178,-63,139
178,-61,-16
178,-59,-40
178,-59,59
178,-58,36
178,-57,24
178,-56,30
178,-54,-62
178,-51,12
178,-49,-10
178,-47,-183
178,-44,-159
178,-43,-165
178,-41,69
178,-41,-183
178,-39,75
178,-36,60
178,-35,89
178,-32,60
178,-30,81
178,-29,-175
178,-27,139
178,-24,-101
178,-23,-50
178,-22,-69
178,-21,-24
178,-20,53
178,-18,-52
178,-17,59
178,-16,-61
178,-9,74
178,-7,-122
178,0,0
178,0,0
178,0,0
178,0,0
178,0,0
178,0,0
178,0,0
178,0,0
178,0,0
178,0,0
178,0,0
178,0,0
178,0,0
178,0,0
178,0,0
178,1,1
178,3,8
178,4,-180
178,4,-9
178,6,-133
178,15,70
178,19,-101
178,19,56
178,19,90
178,20,139
178,20,-28
178,20,50
178,20,-49
178,25,60
178,30,-60
178,31,-74
178,36,88
178,36,83
178,41,-90
178,43,59
178,44,76
178,45,-62
178,47,29
178,49,-13
178,49,58
178,52,74
178,56,141
178,57,-96
178,58,-67
178,59,43
178,59,-36
178,60,-21
178,60,12
178,60,16
178,61,-34
178,67,105
178,67,-50
178,68,68
178,68,69
178,69,90
178,70,70
178,70,66
178,71,69
178,74,3
178,74,67
178,75,29
178,76,68
178,78,-76
178,81,-20
178,81,20
178,82,-5
178,83,-52
178,85,65
178,89,-63
178,92,-36
178,93,112
178,93,0
178,94,60
178,96,125
178,97,128
178,97,60
178,99,-53
178,99,-134
178,100,21
178,101,-13
178,106,-148
178,114,106
178,114,-114
178,116,-126
178,120,-101
178,125,-148
178,130,-127
178,132,70
178,134,82
178,134,83
178,139,-51
178,139,132
178,142,-104
178,145,-85
178,147,124
178,153,180
178,154,-78
178,154,-84
178,156,178
178,161,-141
178,163,-141
178,166,118
178,175,257
178,175,257
178,176,311
178,176,311
178,176,287
178,176,306
178,176,190
178,176,181
178,178,178
178,178,178
178,178,-100
178,179,-110
178,181,221
178,181,221
178,184,305
178,184,305
178,185,-95
178,185,-95
178,188,-99
178,210,138
178,220,160
178,222,148
178,229,306
178,232,-102
178,232,-102
178,238,283
178,242,-99
178,242,-99
178,250,315
178,251,-99
178,276,-161
178,283,-167
178,289,-104
178,297,-99
178,298,-106
178,298,-106
178,299,-162
178,306,-165
178,310,-103
178,350,-159
178,699,700
178,699,688
178,706,550
178,711,-576
178,713,-588
178,717,-601
178,717,-559
178,721,554
178,724,707
178,725,644
178,729,-70
178,729,639
178,733,-575
178,736,-9
178,736,-9
178,737,-95
178,737,-609
178,739,-581
178,739,-557
178,740,-546
178,740,-99
178,741,-58
178,741,110
178,741,86
178,742,-583
178,744,-9
178,745,94
178,745,98
178,748,-606
178,748,539
178,749,-17
178,750,-608
178,763,-557
178,765,-595
178,766,60
178,768,-582
178,769,-100
178,769,5
178,769,8
178,770,-560
178,771,662
178,771,-7
178,778,41
178,779,539
178,781,38
178,782,-100
178,784,-22
178,789,114
178,790,-8
178,791,-112
178,796,571
178,805,98
178,807,21
178,807,652
178,807,112
178,809,-113
178,810,-100
178,810,-72
178,810,-72
178,815,23
178,820,99
178,822,-100
178,823,-24
178,824,579
178,828,-7
178,828,10
178,829,-564
178,829,-564
178,830,9
178,830,-592
178,830,-592
178,830,-70
178,831,112
178,831,-112
178,832,621
178,835,-59
178,843,-556
178,843,-556
178,851,92
178,851,92
178,851,92
178,853,-575
178,854,-576
178,854,-97
178,855,20
178,855,-577
178,856,-578
178,857,-579
178,857,-542
178,857,-542
178,858,-580
178,859,-581
178,859,77
178,859,-108
178,860,18
178,861,-608
178,861,-608
178,861,579
178,864,96
178,867,623
178,870,476
178,871,-580
178,871,-580
178,871,68
178,880,-604
178,880,-604
178,882,649
178,883,565
178,890,-593
178,890,-593
178,893,718
178,899,501
178,899,524
178,900,-586
178,900,-586
178,901,667
178,901,696
179,-1,-366
179,-1,34
179,-1,434
179,-1,-370
179,-1,29
179,-1,430
179,-1,-371
179,-1,28
179,-1,429
179,-0,-368
179,-0,32
179,-0,433
179,0,-367
179,0,0
179,0,0
179,0,0
179,0,0
179,0,0
179,0,0
179,0,0
179,0,0
179,0,0
179,0,0
179,0,0
179,0,0
179,0,0
179,0,0
179,0,0
179,0,0
179,0,0
179,0,0
179,0,0
179,0,0
179,0,0
179,0,0
179,0,0
179,0,0
179,0,0
179,0,0
179,0,0
179,0,0
179,0,0
179,0,0
179,0,0
179,0,0
179,0,0
179,0,0
179,0,0
179,0,0
179,0,0
179,0,0
179,0,0
179,0,0
179,0,0
179,0,0
179,0,0
179,0,0
179,0,0
179,0,0
179,0,0
179,0,0
179,0,0
179,0,0
179,0,0
179,0,0
179,0,0
179,0,0
179,0,0
179,0,-367
179,1,1
179,1,1
179,1,1
179,1,1
179,1,1
179,1,1
179,1,1
179,1,1
179,1,1
179,1,1
179,1,1
179,1,1
179,1,1
179,1,1
179,1,1
179,1,1
179,1,1
179,1,1
179,1,1
179,1,1
179,1,1
179,1,1
179,1,1
179,1,1
179,1,1
179,1,1
179,1,1
179,1,1
179,1,1
179,1,1
179,1,1
179,1,1
179,1,1
179,1,1
179,1,1
179,1,1
179,1,1
179,1,1
179,1,1
179,1,1
179,1,1
179,1,1
179,1,1
179,1,1
179,1,1
179,1,1
179,1,1
179,1,1
179,1,1
179,1,1
179,1,1
179,1,1
179,1,1
179,1,1
179,1,1
179,1,1
179,1,1
179,1,1
179,1,1
179,1,1
179,1,1
179,1,1
179,1,1
179,1,1
179,1,1
179,1,1
179,1,1
179,1,1
179,1,1
179,1,1
179,1,1
179,1,1
179,1,1
179,1,1
179,1,1
179,1,1
179,1,1
179,1,1
179,1,1
179,1,1
179,1,1
179,1,1
179,1,1
179,1,1
179,1,1
179,1,1
179,1,1
179,1,1
179,1,1
179,1,1
180,-573,62
180,-573,62
180,-568,62
180,-565,56
180,-564,65
180,-564,55
180,-564,47
180,-564,62
180,-564,55
180,-563,54
180,-563,53
180,-563,56
180,-563,57
180,-563,57
180,-563,57
180,-563,45
180,-563,56
180,-563,56
180,-563,56
180,-563,56
180,-563,56
180,-562,68
180,-562,68
180,-562,68
180,-562,57
180,-562,49
180,-562,54
180,-562,50
180,-561,51
180,-561,56
180,-561,58
180,-560,53
180,-559,55
180,-557,47
180,-557,56
180,-556,44
180,-556,55
180,-554,55
180,-554,53
180,-553,54
180,-553,42
180,-552,50
180,-552,62
180,-547,46
180,-542,59
180,-534,-55
180,-533,-52
180,-533,-53
180,-532,-52
180,-532,-53
180,-527,-42
180,-526,-34
180,-525,-33
180,-29,6
180,-24,20
180,-24,20
180,-16,15
180,-16,15
180,-16,15
180,-16,13
180,-16,13
180,-16,13
180,-15,13
180,-15,19
180,-14,14
180,-14,14
180,-14,14
180,-14,14
180,-14,14
180,-14,16
180,-14,14
180,-14,2
180,-14,14
180,-14,14
180,-14,14
180,-14,14
180,-14,14
180,-13,16
180,-13,8
180,-13,6
180,-12,5
180,-12,9
180,-12,15
180,-12,15
180,-12,15
180,-11,14
180,-11,19
180,-9,5
180,-9,11
180,-9,22
180,-8,26
180,-8,1
180,-4,-1
180,-4,20
180,-4,20
180,-4,20
180,0,0
180,0,0
180,0,0
180,0,0
180,0,0
180,0,0
180,0,0
180,0,0
180,0,0
180,0,0
180,0,0
180,0,0
180,0,0
180,0,0
180,0,0
180,0,0
180,0,0
180,0,0
180,0,0
180,0,0
180,0,0
180,0,0
180,0,0
180,0,0
180,0,0
180,0,0
180,0,0
180,0,0
180,0,0
180,0,0
180,0,0
180,0,0
180,0,0
180,0,0
180,0,0
180,0,0
180,0,0
180,0,0
180,0,0
180,0,0
180,0,0
180,0,0
180,0,0
180,0,0
180,0,0
180,0,0
180,0,0
180,0,0
180,0,0
180,0,0
180,0,0
180,0,0
180,0,0
180,0,0
180,0,0
180,0,0
180,0,0
180,0,0
180,0,0
180,0,0
180,0,0
180,0,0
180,0,0
180,0,0
180,0,0
180,19,-45
180,21,-46
180,22,-46
180,22,-47
180,476,78
180,477,75
180,477,79
180,477,67
180,477,79
180,477,79
180,477,79
180,477,79
180,477,79
180,478,77
180,478,73
180,479,79
180,480,78
180,484,66
180,487,64
181,-32,-25
181,-30,-27
181,-30,-23
181,0,0
181,0,0
181,0,0
181,0,0
181,0,0
181,0,0
181,0,0
181,0,0
181,0,0
181,0,0
181,0,0
181,0,0
181,0,0
181,0,0
181,0,0
181,0,0
181,0,0
181,0,0
181,0,0
181,0,0
181,0,0
181,0,0
181,0,0
181,0,0
181,0,0
181,0,0
181,0,0
181,0,0
181,0,0
181,0,0
181,0,0
181,0,0
181,0,0
181,0,0
181,0,0
181,0,0
181,0,0
181,0,0
181,0,0
181,0,0
181,0,0
181,0,0
181,0,0
181,0,0
181,0,0
181,456,670
181,458,667
181,458,671
181,506,-690
181,508,-692
181,508,-688
182,-707,-134
182,-706,285
182,-706,-153
182,-705,-135
182,-703,-151
182,-702,-151
182,-700,-140
182,-700,-140
182,-700,-332
182,-694,-153
182,-692,-134
182,-690,313
182,-676,300
182,-675,300
182,-668,284
182,-665,-140
182,-661,260
182,-653,282
182,-652,293
182,-640,-708
182,-637,-714
182,-636,292
182,-632,576
182,-622,-644
182,-621,-645
182,-620,-645
182,-620,-645
182,-604,600
182,-601,564
182,-600,-700
182,-600,-660
182,-600,596
182,-600,604
182,-597,560
182,-596,607
182,-596,600
182,-593,571
182,-588,614
182,-582,572
182,-582,646
182,-580,576
182,-580,642
182,-580,654
182,-578,572
182,-578,649
182,-560,-700
182,-560,-660
182,-555,-660
182,-550,-690
182,-550,-670
182,-540,-660
182,-532,524
182,-530,-650
182,-530,-630
182,-524,700
182,-520,524
182,-518,-627
182,-508,524
182,-500,-650
182,-332,148
182,-326,522
182,-324,172
182,-324,522
182,-322,524
182,-322,526
182,-320,268
182,-320,520
182,-319,520
182,-308,156
182,-299,240
182,-293,-638
182,-293,330
182,-292,580
182,-291,581
182,-288,576
182,-288,578
182,-288,582
182,-288,584
182,-288,720
182,-287,-642
182,-284,304
182,-280,712
182,-280,720
182,-280,728
182,-277,715
182,-272,720
182,-264,544
182,-264,552
182,-261,548
182,-260,548
182,-256,544
182,-256,552
182,-236,304
182,-224,316
182,-220,180
182,-219,261
182,-214,274
182,-213,275
182,-212,280
182,-204,-196
182,-200,172
182,-200,268
182,-198,-481
182,-198,-634
182,-194,-631
182,-190,-469
182,-189,296
182,-188,-568
182,-188,280
182,-182,-579
182,-180,-527
182,-178,-529
182,-178,-526
182,-172,-228
182,-131,-639
182,-128,-629
182,-118,-563
182,-114,-484
182,-114,-553
182,-112,-238
182,-108,-220
182,-107,-477
182,-76,-212
182,-44,-228
182,0,0
182,0,0
182,0,0
182,0,0
182,0,0
182,0,0
182,0,0
182,0,0
182,0,0
182,0,0
182,0,0
182,0,0
182,0,0
182,0,0
182,0,0
182,0,0
182,0,0
182,0,0
182,0,0
182,0,0
182,0,0
182,0,0
182,0,0
182,0,0
182,0,0
182,0,0
182,0,0
182,0,0
182,0,0
182,0,0
182,0,0
182,0,0
182,0,0
182,0,0
182,0,0
182,0,0
182,0,0
182,0,0
182,0,0
182,0,0
182,0,0
182,0,0
182,0,0
182,0,0
182,0,0
182,0,0
182,0,0
182,0,0
182,0,0
182,0,0
182,0,0
182,0,0
182,0,0
182,0,0
182,0,0
182,0,0
182,0,0
182,0,0
182,0,0
182,0,0
182,0,0
182,0,0
182,0,0
182,0,0
182,0,0
182,0,0
182,0,0
182,0,0
182,0,0
182,0,0
182,0,0
182,0,0
182,0,0
182,0,0
182,0,0
182,0,0
182,0,0
182,0,0
182,0,0
182,0,0
182,0,0
182,0,0
182,0,0
182,0,0
182,0,0
182,0,0
182,0,0
182,0,0
182,0,0
182,0,0
182,0,0
182,0,0
182,0,0
182,0,0
182,0,0
182,0,0
182,0,0
182,0,0
182,0,0
182,0,0
182,0,0
182,0,0
182,0,0
182,0,0
182,0,0
182,0,0
182,0,0
182,0,0
182,0,0
182,0,0
182,0,0
182,0,0
182,0,0
182,0,0
182,0,0
182,0,0
182,0,0
182,0,0
182,0,0
182,0,0
182,0,0
182,0,0
182,0,0
182,0,0
182,0,0
182,0,0
182,0,0
182,0,0
182,0,0
182,0,0
182,0,0
182,0,0
182,0,0
182,0,0
182,0,0
182,0,0
182,0,0
182,0,0
182,0,0
182,0,0
182,0,0
182,0,0
182,0,0
182,0,0
182,0,0
182,0,0
182,0,0
182,0,0
182,0,0
182,0,0
182,0,0
182,0,0
182,0,0
182,0,0
182,0,0
182,0,0
182,0,0
182,0,0
182,0,0
182,0,0
182,0,0
182,0,0
182,0,0
182,0,0
182,0,0
182,0,0
182,0,0
182,0,0
182,0,0
182,0,0
182,0,0
182,0,0
182,0,0
182,0,0
182,0,0
182,0,0
182,0,0
182,0,0
182,0,0
182,0,0
182,0,0
182,0,0
182,0,0
182,0,0
182,0,0
182,0,0
182,0,0
182,0,0
182,0,0
182,0,0
182,0,0
182,0,0
182,0,0
182,0,0
182,0,0
182,0,0
182,0,0
182,0,0
182,0,0
182,0,0
182,0,0
182,0,0
182,0,0
182,0,0
182,0,0
182,0,0
182,0,0
182,0,0
182,0,0
182,0,0
182,0,0
182,0,0
182,0,0
182,0,0
182,0,0
182,0,0
182,0,0
182,0,0
182,0,0
182,0,0
182,0,0
182,0,0
182,0,0
182,0,0
182,0,0
182,0,0
182,0,0
182,0,0
182,0,0
182,0,0
182,0,0
182,0,0
182,0,0
182,0,0
182,0,0
182,0,0
182,0,0
182,0,0
182,0,0
182,0,0
182,0,0
182,0,0
182,0,0
182,32,-0
182,152,168
182,215,696
182,217,226
182,227,224
182,227,224
182,228,580
182,228,223
182,232,217
182,234,-588
182,234,-588
182,238,-181
182,238,191
182,239,-182
182,243,-178
182,244,-604
182,246,-222
182,252,-222
182,255,-584
182,256,-182
182,258,-141
182,259,-182
182,259,-178
182,261,-180
182,261,-180
182,261,164
182,261,-179
182,262,-182
182,263,-178
182,263,-585
182,263,700
182,267,-551
182,268,-628
182,268,-556
182,268,-572
182,268,-180
182,269,148
182,270,-182
182,272,-547
182,273,578
182,276,-178
182,276,148
182,278,-550
182,280,-616
182,280,-584
182,280,578
182,283,580
182,284,-636
182,292,698
182,295,579
182,296,-600
182,300,659
182,308,-612
182,312,-660
182,314,580
182,319,580
182,323,699
182,327,659
182,328,312
182,338,659
182,356,636
182,359,645
182,363,604
182,416,-640
182,568,522
182,592,-552
182,592,324
182,612,-572
182,617,-627
182,620,-601
182,620,-668
182,622,-630
182,636,-692
182,644,-668
182,650,300
182,657,-173
182,659,-684
182,660,-747
182,668,572
182,695,575
182,697,-687
182,708,607
182,708,-668
182,712,-684
182,720,728
182,724,-676
182,731,279
182,740,-577
182,741,-639
182,742,-581
182,763,-556
183,-221,-150
183,-221,-156
183,-220,237
183,-219,-143
183,-211,218
183,-205,-157
183,-204,-141
183,-203,-142
183,-196,237
183,-196,-141
183,-185,217
183,-183,244
183,-180,236
183,-179,235
183,-179,-164
183,-172,231
183,-35,11
183,-34,19
183,-32,19
183,-25,35
183,-25,6
183,-23,23
183,-19,36
183,-18,28
183,-18,17
183,-5,11
183,-4,15
183,0,0
183,0,0
183,0,0
183,0,0
183,0,0
183,0,0
183,0,0
183,0,0
183,0,0
183,0,0
183,0,0
183,0,0
183,0,0
183,0,0
183,0,0
183,0,0
183,0,0
183,0,0
183,0,0
183,0,0
183,0,0
183,0,0
183,0,0
183,0,0
183,0,0
183,0,0
183,0,0
183,0,0
183,0,0
183,0,0
183,0,0
183,0,0
183,0,0
183,0,0
183,0,0
183,0,0
183,0,0
183,0,0
183,0,0
183,0,0
183,0,0
183,0,0
183,0,0
183,0,0
183,0,0
183,0,0
183,134,-135
183,136,-164
183,138,-140
183,138,-158
183,139,242
183,139,242
183,140,-181
183,147,-165
183,147,-149
183,152,237
183,157,259
183,160,-160
183,163,258
183,163,258
183,171,-139
183,173,220
183,180,229
183,181,-147
183,183,218
184,0,0
184,337,17
184,338,29
184,339,17
184,340,37
184,342,16
184,342,9
184,342,9
184,346,10
184,349,25
184,351,-38
184,365,-32
184,374,69
184,375,93
184,381,-18
184,381,63
184,382,64
184,382,-31
184,383,-22
184,383,111
184,384,79
184,384,102
184,386,-66
184,386,-51
184,387,56
184,387,-54
184,387,67
184,388,121
184,389,69
184,389,-69
184,390,-27
184,390,111
184,391,88
184,391,-49
184,393,-30
184,393,79
184,393,73
184,395,-88
184,395,-77
184,396,115
184,396,79
184,397,129
184,397,107
184,397,50
184,397,-33
184,399,77
184,400,41
184,401,88
184,401,39
184,401,74
184,401,126
184,402,-29
184,403,-87
184,403,-77
184,404,-75
184,405,-45
184,405,-32
184,405,35
184,405,57
184,405,-34
184,407,116
184,409,-65
184,409,58
184,409,98
184,410,72
184,410,89
184,410,113
184,411,-77
184,411,-55
184,412,41
184,412,24
184,413,29
184,413,-19
184,414,-24
184,418,-13
184,420,-20
184,421,56
184,421,103
184,422,11
184,424,50
184,425,23
184,426,-17
184,427,51
184,428,55
184,431,-3
184,431,12
184,432,16
184,432,33
184,433,-4
184,433,33
184,434,12
184,436,7
184,443,45
184,444,-11
184,446,140
184,448,45
184,448,141
184,448,42
184,449,53
184,449,-6
184,452,51
184,454,-62
184,454,-3
184,454,140
184,455,-63
184,456,-14
184,456,-4
184,458,44
184,459,80
184,459,47
184,460,-36
184,460,108
184,460,140
184,461,113
184,461,132
184,462,51
184,462,87
184,463,136
184,464,-57
184,466,-19
184,467,-16
184,468,-54
184,468,52
184,469,-55
184,469,-14
184,470,68
184,471,98
184,474,71
184,475,50
184,477,53
184,478,45
184,483,7
184,483,-9
184,483,140
184,483,-6
184,483,-7
184,484,-7
184,484,63
184,485,-58
184,485,23
184,485,13
184,485,22
184,486,18
184,487,23
184,488,15
184,488,31
184,488,83
184,489,28
184,489,33
184,491,23
184,491,5
184,492,40
184,493,16
184,496,55
184,498,88
184,499,83
184,501,70
184,504,97
184,504,85
184,505,95
184,505,95
184,506,97
184,507,98
184,508,-60
184,510,77
184,514,-84
184,515,106
184,517,81
184,518,87
184,518,80
184,519,77
184,520,69
184,520,100
184,522,-83
184,522,113
184,522,129
184,522,-71
184,522,120
184,524,-92
184,525,-80
184,526,78
184,527,122
184,530,18
184,530,109
184,530,98
184,535,20
184,536,82
184,537,29
184,537,13
184,538,23
184,539,76
184,540,29
184,541,19
184,542,16
184,543,63
184,545,24
184,549,34
184,549,19
184,549,15
184,552,-33
184,554,-47
184,555,-36
184,557,2
184,557,40
184,562,88
184,563,-10
184,563,-37
184,568,20
184,568,29
184,569,101
184,570,0
184,570,15
184,571,-41
184,576,20
184,577,47
184,578,-14
184,578,10
184,580,51
184,580,30
184,581,77
184,582,85
184,591,38
184,639,120
184,640,116
184,643,110
185,-274,98
185,-268,108
185,-268,78
185,-265,84
185,-264,82
185,-264,100
185,-264,112
185,-264,112
185,-263,111
185,-263,115
185,-263,116
185,-260,109
185,-259,112
185,-258,88
185,-258,107
185,-255,110
185,-255,92
185,-254,92
185,-253,114
185,-251,96
185,-202,91
185,-199,84
185,-199,77
185,-198,91
185,-196,47
185,-195,54
185,-195,71
185,-194,42
185,-192,41
185,-192,83
185,-191,26
185,-191,69
185,-187,25
185,-186,29
185,-180,33
185,-177,26
185,-176,26
185,-168,64
185,-161,67
185,-161,60
185,-160,62
185,-159,20
185,-159,62
185,-159,59
185,-157,70
185,-157,63
185,-154,67
185,-152,74
185,-149,21
185,-149,63
185,-148,77
185,-148,15
185,-147,17
185,-144,15
185,-140,90
185,-140,91
185,-129,91
185,-128,93
185,-118,25
185,-116,-31
185,-115,-30
185,-113,-28
185,-112,-35
185,-111,18
185,-111,-31
185,-110,-34
185,-108,21
185,-108,26
185,-107,-26
185,-107,-33
185,-106,23
185,-106,22
185,-103,-47
185,-102,-22
185,-101,17
185,-100,24
185,-98,-30
185,-97,-35
185,-93,-50
185,-93,75
185,-92,-28
185,-91,60
185,-91,72
185,-90,56
185,-89,9
185,-89,61
185,-88,-45
185,-88,-39
185,-87,-13
185,-87,-46
185,-84,-38
185,-83,-50
185,-83,-44
185,-83,-1
185,-82,-18
185,-82,-18
185,-81,-2
185,-81,-10
185,-78,-50
185,-78,-53
185,-77,-1
185,-76,-45
185,-73,-6
185,-39,-12
185,-29,-85
185,-22,-17
185,-21,-26
185,-18,-20
185,-17,-85
185,-17,-70
185,-17,6
185,-17,-29
185,-16,2
185,-15,-70
185,-9,-34
185,-9,-73
185,-9,-73
185,-8,-23
185,-3,39
185,0,43
185,0,-14
185,1,-34
185,4,40
185,4,-73
185,5,-71
185,5,-8
185,7,-16
185,7,-17
185,8,-33
185,9,-81
185,11,13
185,11,-80
185,18,-76
185,18,-73
185,18,-94
185,20,1
185,25,-21
185,25,-22
185,33,-21
185,36,-28
185,43,-21
185,64,-24
185,71,-51
185,79,-52
185,79,-43
185,79,-39
185,81,-1
185,82,-40
185,82,-40
185,84,-52
185,85,-1
185,86,-6
185,86,-58
185,89,0
185,89,-40
185,91,-11
185,95,-34
185,95,-25
185,97,-30
185,98,46
185,98,44
185,99,75
185,100,-24
185,100,35
185,101,36
185,101,36
185,101,71
185,101,77
185,102,102
185,102,-16
185,103,-47
185,103,-44
185,104,105
185,105,102
185,105,115
185,105,68
185,106,65
185,107,-25
185,107,78
185,108,95
185,108,113
185,109,80
185,109,-26
185,110,77
185,110,-27
185,116,-28
185,122,103
185,124,98
185,126,76
185,129,79
185,133,109
185,133,110
185,133,101
185,134,79
185,135,85
185,139,61
185,140,25
185,140,111
185,142,109
185,143,29
185,144,23
185,144,106
185,147,52
185,149,44
185,153,38
185,156,52
185,157,41
185,157,43
186,-185,-20
186,-184,-15
186,-178,-26
186,-178,-16
186,-177,-22
186,-177,-15
186,-175,-19
186,-168,-21
186,-166,-25
186,-165,-27
186,-152,-19
186,-145,-12
186,-145,-17
186,-136,-16
186,-135,-7
186,-134,9
186,-134,8
186,-132,-11
186,-132,9
186,-132,22
186,-130,-0
186,-130,19
186,-128,17
186,-128,-43
186,-126,-48
186,-125,-19
186,-125,-41
186,-121,-11
186,-118,-50
186,-113,-39
186,-111,62
186,-109,-63
186,-109,-59
186,-109,-60
186,-108,72
186,-108,69
186,-107,61
186,-106,67
186,-106,51
186,-105,-9
186,-104,47
186,-103,68
186,-101,61
186,-101,-9
186,-100,48
186,-98,51
186,-90,-4
186,-89,0
186,-83,-6
186,-83,-5
186,-82,-4
186,-82,-4
186,-81,-5
186,-63,6
186,-59,-67
186,-59,-64
186,-58,-63
186,-57,2
186,-57,11
186,-57,-57
186,-57,-10
186,-55,-70
186,-52,40
186,-52,-62
186,-52,37
186,-52,-71
186,-51,8
186,-51,32
186,-50,12
186,-48,39
186,-44,24
186,-41,-48
186,-40,-44
186,-39,39
186,-39,-92
186,-39,-51
186,-38,-63
186,-36,-62
186,-35,-48
186,-34,-72
186,-34,-31
186,-33,-63
186,-32,37
186,-26,-91
186,-25,-81
186,-23,-86
186,-23,38
186,-21,23
186,-21,28
186,-20,28
186,-19,-77
186,-19,-65
186,-18,31
186,-18,23
186,-17,31
186,-17,28
186,-17,-90
186,-16,23
186,-15,39
186,-15,-67
186,-15,30
186,-14,39
186,-14,-84
186,-12,39
186,-11,38
186,-8,27
186,-8,-79
186,-7,38
186,-7,-78
186,-6,-4
186,-6,-7
186,-6,-12
186,-6,-82
186,-4,-79
186,-4,-76
186,-4,28
186,-2,-83
186,-1,-84
186,-1,21
186,-1,21
186,-1,-85
186,-0,3
186,0,26
186,1,-24
186,2,-90
186,2,-2
186,2,-64
186,2,-11
186,2,-69
186,3,21
186,4,24
186,7,-53
186,8,3
186,8,22
186,8,8
186,8,14
186,8,25
186,8,-24
186,9,17
186,9,1
186,9,1
186,9,-3
186,9,-5
186,11,3
186,14,0
186,14,-60
186,15,-62
186,15,8
186,16,-1
186,16,-92
186,17,-5
186,17,-79
186,20,9
186,21,9
186,23,-7
186,24,-3
186,25,-6
186,30,-64
186,30,14
186,36,14
186,36,1
186,37,-48
186,37,-64
186,37,-69
186,38,-71
186,39,19
186,39,9
186,39,-55
186,40,-48
186,42,8
186,49,-7
186,49,-72
186,50,-3
186,52,-2
186,58,-69
186,58,-77
186,59,-12
186,59,-78
186,60,-84
186,60,-15
186,60,-4
186,61,-3
186,61,-4
186,66,-6
186,66,-4
186,67,-7
186,67,-31
186,67,1
186,68,-74
186,68,-78
186,70,-32
186,71,-29
186,71,-78
186,71,-29
186,74,-69
186,75,-29
186,77,9
186,80,-66
186,81,9
186,81,-29
186,84,9
186,87,-1
186,87,-1
186,91,8
186,91,7
186,93,-4
187,-190,149
187,-190,149
187,-189,142
187,-188,144
187,-184,-112
187,-184,151
187,-183,148
187,-181,-108
187,-180,148
187,-177,-109
187,-170,-111
187,-168,148
187,-167,-106
187,-165,-109
187,-164,149
187,-163,-124
187,-163,-124
187,-161,-120
187,-159,-112
187,-146,-139
187,-144,149
187,-139,149
187,-131,131
187,-130,131
187,-129,130
187,-126,-141
187,-126,-139
187,-124,-141
187,-122,-137
187,-114,146
187,-114,199
187,-111,128
187,-109,-127
187,-107,-124
187,-106,123
187,-106,-125
187,-104,220
187,-104,-124
187,-102,218
187,-102,137
187,-100,132
187,-100,204
187,-97,183
187,-97,197
187,-97,152
187,-95,131
187,-94,190
187,-92,188
187,-92,136
187,-90,94
187,-90,108
187,-89,188
187,-89,41
187,-89,39
187,-88,111
187,-87,113
187,-87,36
187,-87,38
187,-86,186
187,-86,191
187,-85,36
187,-84,101
187,-83,109
187,-83,36
187,-83,191
187,-80,-120
187,-79,129
187,-77,121
187,-75,121
187,-74,28
187,-73,170
187,-72,198
187,-72,201
187,-69,116
187,-69,-117
187,-68,204
187,-67,191
187,-64,200
187,-62,17
187,-59,217
187,-58,123
187,-57,12
187,-53,230
187,-53,234
187,-52,-110
187,-51,-110
187,-51,-113
187,-51,8
187,-50,-115
187,-48,237
187,-47,-109
187,-47,-99
187,-44,240
187,-42,-95
187,-42,132
187,-42,-95
187,-42,241
187,-41,132
187,-38,2
187,-35,260
187,-35,1
187,-34,163
187,-34,151
187,-33,257
187,-31,150
187,-26,259
187,-25,266
187,-24,270
187,-21,250
187,-21,-51
187,-18,256
187,-18,-47
187,-15,-13
187,-14,-2
187,-14,288
187,-14,192
187,-13,287
187,-13,251
187,-13,282
187,-13,270
187,-12,279
187,-12,-55
187,-11,127
187,-11,127
187,-8,127
187,-8,190
187,-8,251
187,-7,-9
187,-7,-51
187,-6,-55
187,-5,284
187,-4,5
187,-4,-56
187,-3,-5
187,-3,-35
187,-2,-9
187,-2,289
187,-1,-47
187,-1,269
187,-1,-1
187,0,133
187,0,2
187,1,135
187,2,2
187,2,-61
187,3,-4
187,3,292
187,5,-23
187,5,281
187,6,3
187,6,-36
187,7,-14
187,8,191
187,8,191
187,9,190
187,9,-38
187,10,279
187,10,-35
187,10,255
187,11,4
187,12,252
187,13,282
187,15,-56
187,15,-63
187,17,-65
187,18,235
187,21,-41
187,22,-42
187,24,7
187,24,240
187,25,9
187,25,240
187,25,263
187,26,-69
187,27,254
187,28,-68
187,28,263
187,29,262
187,29,260
187,29,187
187,30,146
187,30,148
187,30,148
187,32,13
187,35,-50
187,35,-49
187,37,-66
187,38,16
187,42,-62
187,42,-67
187,44,-50
187,46,220
187,47,216
187,49,24
187,49,-72
187,50,-70
187,51,-51
187,51,223
187,51,-73
187,53,-54
187,54,-69
187,54,27
187,56,27
187,57,27
187,57,27
187,59,21
187,60,26
187,61,-46
187,61,-47
187,63,44
187,63,207
187,66,-66
187,66,39
187,72,47
187,73,55
187,75,48
187,77,72
187,81,-93
187,81,137
187,82,80
187,84,146
187,84,188
187,84,-114
187,85,138
187,86,56
187,86,187
187,87,55
187,88,99
187,89,52
187,89,105
187,89,98
187,89,-143
187,90,205
187,90,97
187,91,117
187,93,-148
187,94,115
187,94,186
187,95,-148
187,95,-148
187,95,-149
187,97,-147
187,98,204
187,99,204
187,101,122
187,101,122
187,102,218
187,104,196
187,104,216
187,105,145
187,105,144
187,107,150
187,107,146
187,107,136
187,108,173
187,109,141
187,109,153
187,109,162
187,110,162
187,111,150
187,111,118
187,112,221
187,112,165
187,114,163
187,114,120
187,115,120
187,131,99
187,131,102
188,-74,9
188,-73,6
188,-69,3
188,-68,-5
188,-68,-18
188,-67,-18
188,-67,9
188,-66,-10
188,-65,-16
188,-60,-31
188,-60,-15
188,-59,-28
188,-59,-1
188,-58,-6
188,-57,-34
188,-57,-23
188,-57,-31
188,-57,-2
188,-56,-6
188,-56,-28
188,-56,-7
188,-56,-1
188,-55,-23
188,-54,-11
188,-49,-22
188,-48,-22
188,-41,-52
188,-38,-51
188,-38,-53
188,-38,-48
188,-38,-52
188,-38,-40
188,-37,-49
188,-37,-48
188,-37,-55
188,-37,-39
188,-34,-36
188,-34,-29
188,-33,-17
188,-31,-30
188,-31,-19
188,-30,-18
188,-30,-66
188,-29,-58
188,-29,-13
188,-29,-75
188,-29,-55
188,-28,-62
188,-27,-73
188,-26,-63
188,-26,-77
188,-23,64
188,-21,-5
188,-20,-4
188,-20,-49
188,-20,-7
188,-18,-8
188,-18,-52
188,-17,-5
188,-15,-77
188,-14,42
188,-14,-71
188,-14,66
188,-14,40
188,-14,53
188,-14,61
188,-13,70
188,-13,44
188,-13,49
188,-12,-76
188,-11,58
188,-10,-49
188,-10,-3
188,-10,-5
188,-10,38
188,-9,67
188,-9,-39
188,-8,118
188,-8,38
188,-7,-35
188,-7,-43
188,-5,-5
188,-5,-5
188,-3,113
188,-2,107
188,-2,115
188,-2,105
188,-2,106
188,-2,-15
188,-2,107
188,-2,115
188,-2,116
188,-2,-52
188,-1,-52
188,-1,38
188,-1,117
188,-1,113
188,-0,118
188,-0,42
188,-0,-54
188,-0,-101
188,-0,126
188,0,-101
188,0,68
188,0,45
188,0,44
188,0,114
188,0,116
188,1,120
188,1,-56
188,1,116
188,1,71
188,1,105
188,1,106
188,1,111
188,1,39
188,2,39
188,2,112
188,2,-62
188,2,118
188,3,45
188,3,-63
188,3,65
188,3,-55
188,4,-51
188,5,-51
188,5,-37
188,6,-3
188,7,74
188,7,-36
188,7,-45
188,7,67
188,8,118
188,8,118
188,8,-42
188,8,-10
188,9,-7
188,10,-4
188,11,62
188,11,71
188,11,59
188,11,43
188,11,-9
188,11,54
188,12,54
188,12,-4
188,12,70
188,13,-7
188,13,44
188,13,-50
188,14,39
188,14,66
188,14,46
188,14,-8
188,14,-73
188,14,-7
188,15,42
188,15,-76
188,15,44
188,15,-37
188,15,-37
188,16,-34
188,17,-7
188,17,-77
188,18,-34
188,18,-10
188,19,-10
188,19,-36
188,19,-75
188,21,-7
188,22,-52
188,23,-51
188,23,64
188,23,-36
188,26,-73
188,26,-77
188,26,-66
188,26,-3
188,26,-8
188,27,-25
188,27,-52
188,29,-60
188,29,-21
188,29,-47
188,29,-56
188,29,-32
188,30,-53
188,30,-35
188,30,-61
188,30,-53
188,30,-10
188,31,-45
188,31,-59
188,31,-21
188,32,-26
188,32,-26
188,32,-36
188,33,-59
188,33,-53
188,33,-31
188,34,-57
188,34,-18
188,38,-51
188,40,-53
188,41,-18
188,49,-22
188,50,-21
190,-264,-280
190,-264,-130
190,-262,-239
190,-262,-242
190,-260,-259
190,-260,-279
190,-260,-259
190,-259,-280
190,-259,-280
190,-259,-244
190,-258,-248
190,-258,-222
190,-258,-259
190,-258,-224
190,-257,44
190,-257,-263
190,-257,-282
190,-257,-221
190,-256,-236
190,-255,-263
190,-247,-224
190,-247,-224
190,-245,61
190,-244,21
190,-241,-216
190,-241,-220
190,-240,-225
190,-240,-225
190,-236,-223
190,-229,62
190,-225,-297
190,-220,-297
190,-210,-300
190,-208,-302
190,-207,15
190,-200,-298
190,-197,29
190,-196,-221
190,-196,-220
190,-194,-221
190,-192,18
190,-192,-222
190,-188,18
190,-183,-288
190,-183,-288
190,-182,-286
190,-182,90
190,-181,101
190,-181,-245
190,-180,-246
190,-179,91
190,-179,-246
190,-179,124
190,-176,69
190,-176,-256
190,-176,19
190,-173,61
190,-164,29
190,-163,19
190,-151,184
190,-151,24
190,-150,17
190,-150,196
190,-149,63
190,-148,144
190,-147,250
190,-146,-258
190,-144,205
190,-141,223
190,-141,22
190,-139,84
190,-139,186
190,-139,14
190,-138,27
190,-138,169
190,-137,-151
190,-136,-260
190,-135,-264
190,-135,-263
190,-134,-263
190,-134,-264
190,-132,-146
190,-131,-144
190,-130,207
190,-129,-144
190,-129,-176
190,-126,-178
190,-126,-178
190,-124,186
190,-124,250
190,-123,-178
190,-122,99
190,-122,-261
190,-121,16
190,-119,-260
190,-118,11
190,-118,-124
190,-118,-98
190,-117,62
190,-117,22
190,-115,-108
190,-115,-65
190,-115,60
190,-115,19
190,-114,-87
190,-114,-104
190,-108,-107
190,-108,-72
190,-107,-137
190,-107,134
190,-106,-62
190,-106,-27
190,-105,57
190,-105,64
190,-105,-105
190,-105,-134
190,-102,-75
190,-101,19
190,-99,-306
190,-99,-304
190,-97,-122
190,-96,-296
190,-95,-307
190,-93,-63
190,-93,52
190,-90,-76
190,-88,-122
190,-87,-137
190,-87,-262
190,-85,-261
190,-84,-135
190,-84,-93
190,-81,-107
190,-81,-178
190,-79,-87
190,-77,-183
190,-76,-178
190,-76,-93
190,-75,-258
190,-74,-300
190,-74,-258
190,-74,-106
190,-74,-76
190,-73,-115
190,-73,-255
190,-73,-258
190,-73,-188
190,-72,-73
190,-71,-224
190,-71,-182
190,-71,-72
190,-70,-133
190,-68,-122
190,-67,-301
190,-66,-301
190,-66,-199
190,-66,-233
190,-65,76
190,-65,76
190,-64,-235
190,-64,-235
190,-63,-197
190,-63,196
190,-63,-197
190,-63,-200
190,-62,84
190,-62,205
190,-61,-303
190,-61,155
190,-61,-63
190,-59,155
190,-59,63
190,-59,-202
190,-58,-120
190,-57,-100
190,-57,-63
190,-56,214
190,-55,-84
190,-55,165
190,-55,82
190,-54,82
190,-53,-135
190,-53,169
190,-47,-114
190,-45,-72
190,-44,-133
190,-44,217
190,-42,-71
190,-42,-221
190,-40,-126
190,-40,-95
190,-37,22
190,-37,18
190,-37,20
190,-37,-79
190,-35,-120
190,-34,222
190,-34,-129
190,-33,-85
190,-32,-109
190,-26,21
190,-26,-213
190,-26,-213
190,-26,-125
190,-24,-302
190,-24,-298
190,-23,204
190,-22,-365
190,-22,40
190,-22,-74
190,-22,-83
190,-22,-100
190,-21,-201
190,-19,166
190,-19,-305
190,-19,23
190,-18,-320
190,-17,-322
190,-17,-322
190,-17,41
190,-17,188
190,-17,-191
190,-17,-304
190,-16,-61
190,-15,-94
190,-15,51
190,-14,-188
190,-10,-99
190,-10,-89
190,-10,-134
190,-9,-337
190,-9,-64
190,-9,-72
190,-7,-135
190,-5,-182
190,-5,-282
190,-4,-280
190,-4,-133
190,-3,120
190,-3,-274
190,-2,-126
190,-2,-126
190,-0,-182
190,0,0
190,0,0
190,0,0
190,0,0
190,0,0
190,0,0
190,1,-287
190,1,1
190,1,1
190,1,1
190,1,1
190,1,1
190,1,1
190,2,-76
190,2,179
190,3,-81
190,3,-282
190,3,-272
190,3,-99
190,3,-271
190,3,-272
190,3,-89
190,3,-292
190,3,-62
190,3,-287
190,5,-134
190,6,-86
190,7,-288
190,8,-63
190,9,-100
190,9,-125
190,10,113
190,10,-75
190,10,121
190,10,-65
190,11,-230
190,12,-91
190,13,-239
190,14,-246
190,14,-234
190,16,-62
190,16,7
190,17,-182
190,17,-182
190,18,134
190,19,21
190,20,-138
190,21,-187
190,21,-203
190,21,-215
190,21,-202
190,21,-217
190,22,-188
190,24,-75
190,25,-98
190,25,-249
190,25,-115
190,25,-261
190,26,-104
190,26,-239
190,26,122
190,27,-341
190,27,-106
190,28,-126
190,28,-91
190,29,-341
190,30,-62
190,30,-341
190,30,-135
190,31,-236
190,31,-248
190,31,63
190,31,-235
190,32,-229
190,32,223
190,32,-341
190,32,121
190,33,-287
190,34,-109
190,34,-134
190,35,-92
190,35,-287
190,35,-26
190,36,-274
190,36,-283
190,36,17
190,36,-299
190,36,-276
190,37,-75
190,38,-287
190,38,-91
190,38,-116
190,38,179
190,38,-108
190,40,23
190,40,221
190,42,-275
190,42,-280
190,43,61
190,43,-272
190,43,-288
190,43,-273
190,44,-283
190,45,180
190,45,-259
190,46,-297
190,46,20
190,46,-298
190,46,-298
190,49,-183
190,50,-183
190,52,-293
190,53,-186
190,54,-279
190,54,-303
190,55,-332
190,56,20
190,57,261
190,57,-302
190,57,-329
190,57,268
190,58,67
190,58,-328
190,58,-223
190,58,-285
190,58,-326
190,59,-236
190,59,-236
190,60,219
190,60,-231
190,60,-277
190,60,197
190,61,62
190,61,-196
190,61,201
190,61,178
190,62,221
190,62,-272
190,63,-284
190,63,62
190,64,263
190,64,182
190,67,220
190,70,-263
190,72,180
190,74,60
190,79,-259
190,81,-257
190,82,261
190,83,219
190,83,17
190,88,262
190,89,-256
190,90,260
190,91,20
190,95,-251
190,98,258
190,98,17
190,99,-242
190,99,-241
190,100,24
190,103,-230
190,104,84
190,106,238
190,107,50
190,108,199
190,109,84
190,110,62
190,112,69
190,112,142
190,113,18
190,114,243
190,117,-220
190,120,140
190,122,22
190,123,260
190,126,-222
190,127,60
190,128,-223
190,128,-222
190,128,136
190,129,97
190,131,139
190,131,263
190,132,219
190,133,220
190,134,121
190,137,89
190,137,111
190,138,-290
190,138,-294
190,139,-244
190,139,-296
190,139,37
190,139,73
190,139,-238
190,139,-243
190,139,-238
190,140,-238
190,140,88
190,141,56
190,142,-280
190,142,118
190,142,287
190,143,-284
190,143,215
190,143,-284
190,144,66
190,144,77
190,145,-301
190,145,63
190,146,53
190,146,60
190,148,58
190,149,128
190,149,219
190,152,219
190,152,230
190,155,101
190,159,299
190,159,244
190,160,43
190,163,63
190,165,209
190,168,97
190,172,71
190,173,79
190,173,197
190,173,300
190,174,36
190,178,83
190,178,302
190,179,76
190,179,86
190,180,86
190,188,299
190,189,301
190,198,-318
190,211,116
190,212,175
190,212,107
190,212,306
190,213,96
190,214,108
190,217,207
190,218,80
190,218,312
190,219,203
190,220,125
190,220,149
190,221,95
190,221,118
190,223,132
190,224,190
190,225,190
190,226,-287
190,227,-290
190,228,168
190,228,-271
190,228,-311
190,229,-310
190,230,178
190,231,185
190,231,-277
191,-497,-100
191,-488,-6
191,-488,43
191,-486,-59
191,-486,14
191,-486,246
191,-485,225
191,-484,189
191,-481,203
191,-480,213
191,-478,11
191,-478,40
191,-475,238
191,-468,-1
191,-467,197
191,-462,248
191,-460,-123
191,-460,-85
191,-460,325
191,-456,208
191,-454,199
191,-453,42
191,-452,234
191,-449,122
191,-447,17
191,-444,339
191,-443,200
191,-440,189
191,-439,38
191,-437,48
191,-437,216
191,-435,243
191,-434,-140
191,-433,110
191,-433,251
191,-433,202
191,-432,-6
191,-430,115
191,-429,214
191,-428,118
191,-424,-6
191,-420,353
191,-414,-50
191,-413,44
191,-409,123
191,-405,108
191,-404,-20
191,-403,31
191,-402,2
191,-402,16
191,-401,-48
191,-400,379
191,-399,-13
191,-391,34
191,-391,51
191,-389,-98
191,-388,133
191,-385,107
191,-383,-98
191,-380,397
191,-378,-95
191,-375,-172
191,-374,-151
191,-371,233
191,-367,-148
191,-363,-69
191,-362,227
191,-362,-152
191,-360,180
191,-357,-93
191,-354,252
191,-353,238
191,-352,-151
191,-349,225
191,-347,-93
191,-346,230
191,-345,-171
191,-345,-155
191,-345,-92
191,-344,91
191,-341,292
191,-339,-82
191,-338,-80
191,-336,147
191,-334,213
191,-332,9
191,-332,-147
191,-332,386
191,-332,8
191,-332,46
191,-329,428
191,-327,239
191,-327,452
191,-325,-158
191,-325,202
191,-325,47
191,-323,-6
191,-322,389
191,-322,427
191,-322,412
191,-320,-88
191,-320,219
191,-320,-161
191,-317,-76
191,-317,-66
191,-317,248
191,-316,418
191,-316,15
191,-315,35
191,-315,437
191,-314,449
191,-313,208
191,-311,-170
191,-311,238
191,-311,16
191,-311,2
191,-310,-154
191,-309,186
191,-309,222
191,-309,410
191,-308,397
191,-307,395
191,-305,-142
191,-303,-90
191,-299,-72
191,-296,-81
191,-294,417
191,-292,436
191,-290,34
191,-290,444
191,-285,-86
191,-282,19
191,-282,393
191,-280,32
191,-278,413
191,-277,435
191,-277,443
191,-273,-7
191,-272,328
191,-269,-83
191,-268,405
191,-266,143
191,-266,181
191,-265,12
191,-265,308
191,-265,-68
191,-264,23
191,-263,438
191,-256,297
191,-256,423
191,-254,33
191,-253,-171
191,-253,510
191,-253,528
191,-252,45
191,-250,505
191,-249,325
191,-248,-147
191,-248,440
191,-246,551
191,-244,515
191,-243,-128
191,-242,309
191,-242,429
191,-240,531
191,-238,-108
191,-237,521
191,-236,559
191,-233,295
191,-232,-164
191,-231,447
191,-230,278
191,-229,514
191,-228,169
191,-228,-169
191,-226,222
191,-225,335
191,-223,23
191,-220,-230
191,-220,-34
191,-219,324
191,-219,398
191,-219,-158
191,-219,524
191,-217,572
191,-216,304
191,-213,-110
191,-213,-125
191,-212,-162
191,-210,508
191,-210,555
191,-210,564
191,-210,86
191,-209,-219
191,-206,86
191,-204,521
191,-203,81
191,-203,314
191,-203,-152
191,-202,349
191,-202,362
191,-201,556
191,-199,544
191,-198,-109
191,-197,522
191,-196,335
191,-195,-156
191,-193,93
191,-191,82
191,-191,563
191,-189,79
191,-185,544
191,-182,-12
191,-180,279
191,-180,412
191,-178,535
191,-175,345
191,-173,-61
191,-173,523
191,-172,356
191,-172,-160
191,-170,-113
191,-170,-144
191,-169,364
191,-167,-122
191,-160,523
191,-159,368
191,-157,-147
191,-157,-164
191,-156,-172
191,-152,-109
191,-151,515
191,-148,19
191,-147,359
191,-145,90
191,-145,-219
191,-143,379
191,-142,462
191,-140,46
191,-139,441
191,-139,558
191,-135,67
191,-133,205
191,-131,114
191,-129,131
191,-128,253
191,-128,127
191,-127,192
191,-123,412
191,-123,266
191,-123,376
191,-121,241
191,-120,402
191,-117,287
191,-117,131
191,-116,107
191,-115,209
191,-110,186
191,-109,118
191,-108,345
191,-107,187
191,-106,220
191,-101,250
191,-101,386
191,-100,408
191,-99,-223
191,-92,-244
191,-92,234
191,-91,-193
191,-91,-74
191,-90,-206
191,-87,-231
191,-86,-248
191,-86,387
191,-86,407
191,-86,472
191,-85,273
191,-85,510
191,-85,526
191,-83,259
191,-83,482
191,-83,-71
191,-80,-219
191,-80,281
191,-79,501
191,-78,524
191,-76,23
191,-76,-204
191,-76,242
191,-76,489
191,-73,274
191,-73,470
191,-73,519
191,-71,-66
191,-70,22
191,-69,-89
191,-69,-71
191,-66,240
191,-66,-233
191,-65,-251
191,-63,-193
191,-60,574
191,-60,-229
191,-59,554
191,-58,4
191,-51,-204
191,-50,-223
191,-49,-251
191,-41,-193
191,-39,579
191,-36,-213
191,-35,-202
191,-28,-210
191,-28,-202
191,-25,-186
191,-19,600
191,1,1
191,1,1
191,1,1
191,1,1
191,1,1
192,-327,100
192,-325,140
192,-305,98
192,-303,108
192,-302,178
192,-302,-97
192,-302,139
192,-301,104
192,-298,-102
192,-298,94
192,-297,124
192,-291,-25
192,-291,-24
192,-290,144
192,-288,116
192,-284,128
192,-281,137
192,-280,126
192,-280,133
192,-279,110
192,-278,-22
192,-278,98
192,-273,31
192,-269,120
192,-269,142
192,-267,-212
192,-267,176
192,-266,-222
192,-266,37
192,-265,-37
192,-264,121
192,-260,-158
192,-259,97
192,-258,-218
192,-258,174
192,-256,-138
192,-256,-138
192,-256,138
192,-255,-143
192,-255,-123
192,-255,143
192,-254,118
192,-253,-164
192,-253,-29
192,-251,-126
192,-248,-175
192,-241,-112
192,-241,-161
192,-239,-143
192,-238,-179
192,-238,-167
192,-237,-23
192,-237,-51
192,-234,-52
192,-232,-134
192,-231,-123
192,-231,-52
192,-230,-162
192,-229,-126
192,-228,141
192,-227,-145
192,-226,99
192,-224,14
192,-222,-218
192,-221,17
192,-220,-173
192,-218,-105
192,-216,-114
192,-215,-164
192,-213,-219
192,-212,-146
192,-209,-104
192,-208,-109
192,-207,-162
192,-206,-139
192,-200,-219
192,-196,-111
192,-195,-120
192,-185,-161
192,-185,-125
192,-99,-179
192,-99,-154
192,-99,-168
192,-99,-189
192,-99,-123
192,-98,-142
192,-97,-97
192,-96,-134
192,-96,-110
192,-66,-178
192,-63,-60
192,-58,-150
192,-57,-66
192,-52,-59
192,-28,-138
192,-11,-123
192,-2,-121
192,0,0
192,0,23
192,4,16
192,8,-129
192,13,-113
192,20,41
192,23,-122
192,23,58
192,27,-133
192,37,74
192,37,83
192,43,-115
192,43,-123
192,48,77
192,59,-83
192,60,37
192,71,19
192,72,-61
192,74,57
192,83,-57
192,89,11
192,95,59
192,103,-59
192,104,-9
192,109,60
192,118,-20
192,133,-58
192,140,-44
192,156,-20
192,171,58
192,180,-8
192,180,24
192,180,2
192,186,58
192,198,20
192,198,57
192,211,57
192,224,18
192,227,26
192,231,71
192,235,-49
192,236,83
192,240,19
192,241,72
192,242,-38
192,248,82
192,253,94
192,255,-26
192,259,15
192,263,-36
192,269,-37
192,276,-50
192,277,138
192,284,-37
192,306,19
192,306,99
192,307,107
192,308,106
192,340,31
192,340,49
192,344,56
192,350,-21
192,350,86
192,355,55
192,379,139
192,384,144
192,386,99
192,388,25
192,390,-20
192,404,41
192,412,38
192,412,-19
192,414,41
192,415,87
192,417,-22
192,420,77
192,422,-27
192,426,-19
192,427,-27
192,452,100
192,453,22
192,453,96
192,453,21
192,456,12
192,458,26
192,462,134
192,463,139
193,-297,-100
193,-225,578
193,-224,572
193,-221,-121
193,-221,-104
193,-220,-105
193,-220,552
193,-219,568
193,-218,544
193,-217,584
193,-216,579
193,-215,545
193,-215,538
193,-214,563
193,-214,92
193,-209,536
193,-206,99
193,-205,2
193,-202,18
193,-202,101
193,-202,537
193,-201,547
193,-198,-11
193,-197,19
193,-191,-11
193,-191,585
193,-190,100
193,-184,537
193,-182,539
193,-179,532
193,-179,524
193,-178,513
193,-176,497
193,-173,201
193,-173,191
193,-172,506
193,-170,503
193,-170,-204
193,-170,173
193,-169,268
193,-168,-198
193,-168,2
193,-167,162
193,-166,186
193,-165,40
193,-165,237
193,-164,185
193,-163,-66
193,-163,21
193,-162,-85
193,-162,179
193,-161,260
193,-161,239
193,-161,246
193,-161,284
193,-161,147
193,-160,-203
193,-160,503
193,-160,1
193,-160,498
193,-158,-85
193,-158,-38
193,-157,192
193,-155,238
193,-154,579
193,-154,235
193,-154,-197
193,-153,212
193,-153,-7
193,-152,186
193,-152,15
193,-152,206
193,-151,177
193,-150,246
193,-150,580
193,-150,-28
193,-150,-199
193,-149,-193
193,-144,243
193,-142,-65
193,-142,241
193,-142,158
193,-140,-46
193,-140,-42
193,-139,202
193,-138,178
193,-138,52
193,-138,50
193,-137,240
193,-136,288
193,-136,144
193,-134,247
193,-134,-29
193,-134,-81
193,-133,287
193,-132,178
193,-132,271
193,-131,142
193,-130,234
193,-128,-15
193,-128,39
193,-127,-51
193,-126,53
193,-126,-78
193,-126,263
193,-125,-5
193,-124,13
193,-123,289
193,-123,-239
193,-123,228
193,-123,-69
193,-119,604
193,-119,291
193,-118,139
193,-118,179
193,-118,-64
193,-116,229
193,-116,-56
193,-116,-69
193,-116,228
193,-115,-255
193,-115,-5
193,-115,179
193,-114,-30
193,-112,-2
193,-110,-180
193,-108,229
193,-108,137
193,-107,241
193,-106,601
193,-106,493
193,-106,-250
193,-106,-234
193,-105,-59
193,-105,601
193,-104,-39
193,-104,-180
193,-103,-39
193,-103,-183
193,-103,-183
193,-103,-65
193,-103,280
193,-102,286
193,-101,-87
193,-101,-52
193,-101,-207
193,-101,478
193,-100,1
193,-100,510
193,-100,-77
193,-100,5
193,-99,-219
193,-99,276
193,-99,-284
193,-98,-84
193,-98,610
193,-97,-95
193,-97,-59
193,-96,279
193,-95,450
193,-95,455
193,-94,-247
193,-94,-41
193,-92,459
193,-91,161
193,-91,456
193,-91,498
193,-88,339
193,-88,160
193,-86,459
193,-85,-251
193,-85,613
193,-84,-100
193,-84,259
193,-83,-240
193,-83,463
193,-82,-20
193,-81,211
193,-81,167
193,-81,165
193,-81,539
193,-81,194
193,-81,-262
193,-80,259
193,-80,208
193,-80,603
193,-79,-238
193,-78,-285
193,-77,156
193,-77,187
193,-76,259
193,-76,-265
193,-75,-21
193,-72,-270
193,-71,207
193,-70,155
193,-67,65
193,-66,170
193,-66,466
193,-65,94
193,-64,497
193,-64,24
193,-64,345
193,-64,539
193,-64,461
193,-63,68
193,-63,40
193,-63,42
193,-63,466
193,-62,61
193,-62,460
193,-62,484
193,-62,456
193,-61,343
193,-61,157
193,-61,-123
193,-61,167
193,-60,-114
193,-60,-113
193,-60,57
193,-59,88
193,-59,81
193,-59,164
193,-57,67
193,-56,62
193,-52,-4
193,-51,170
193,-51,-78
193,-51,460
193,-50,3
193,-50,281
193,-48,270
193,-48,270
193,-47,285
193,-47,-5
193,-47,277
193,-45,-88
193,-44,219
193,-43,-28
193,-42,13
193,-42,463
193,-40,538
193,-40,580
193,-39,278
193,-38,542
193,-37,547
193,-37,12
193,-36,219
193,-36,-80
193,-36,-50
193,-35,159
193,-35,-5
193,-35,-61
193,-34,-34
193,-34,61
193,-33,279
193,-32,17
193,-31,17
193,-31,274
193,-29,288
193,-29,582
193,-27,494
193,-27,-86
193,-27,-16
193,-27,483
193,-26,103
193,-26,102
193,-25,528
193,-25,459
193,-24,461
193,-24,270
193,-24,56
193,-24,109
193,-24,45
193,-23,-43
193,-22,424
193,-22,425
193,-22,479
193,-22,-49
193,-22,29
193,-21,42
193,-21,-41
193,-21,103
193,-20,131
193,-20,109
193,-20,36
193,-20,439
193,-20,498
193,-19,507
193,-19,445
193,-17,167
193,-17,-80
193,-16,274
193,-16,156
193,-14,515
193,-14,516
193,-14,522
193,-13,159
193,-12,191
193,-11,154
193,-11,203
193,-11,21
193,-10,149
193,-9,-78
193,-8,195
193,-7,580
193,-6,581
193,-5,156
193,-4,-9
193,-3,208
193,-3,-61
193,-2,37
193,-1,172
193,-1,284
193,0,275
193,1,1
193,1,1
193,1,1
193,1,1
193,1,1
193,1,1
193,4,-69
193,4,169
193,5,194
193,5,-36
193,8,-57
193,8,382
193,8,196
193,8,580
193,10,381
193,11,180
193,17,18
193,19,45
193,21,400
193,22,115
193,24,543
193,27,107
193,27,-7
193,27,106
193,31,37
193,32,301
193,33,438
193,35,101
193,37,482
193,37,52
193,38,475
193,39,541
193,39,439
193,40,484
193,40,488
193,41,5
193,41,21
193,42,430
193,42,486
193,43,-58
193,44,471
193,45,435
193,45,475
193,46,301
193,46,-2
193,48,428
193,48,20
193,48,483
193,49,26
193,53,443
193,54,539
193,54,-57
193,54,538
193,58,502
193,58,502
193,58,-53
193,60,429
193,60,423
193,61,439
193,61,434
193,65,385
193,65,385
193,96,11
193,96,308
193,97,16
193,99,305
193,100,366
193,100,359
193,101,367
193,102,361
193,120,462
193,123,459
193,125,461
193,130,463
193,135,468
194,-577,740
194,-507,-700
194,-506,-663
194,-506,-658
194,-506,-699
194,-506,-702
194,-506,-626
194,-505,-699
194,-504,-622
194,-502,-665
194,-502,-659
194,-501,-693
194,-499,-695
194,-498,-658
194,-497,-623
194,-497,-662
194,-494,-619
194,-493,-662
194,-493,-626
194,-493,-693
194,-493,-660
194,-487,744
194,-486,726
194,-478,715
194,-478,728
194,-478,759
194,-475,739
194,-472,722
194,-468,-701
194,-467,-620
194,-466,-619
194,-466,-692
194,-465,-616
194,-465,711
194,-464,-623
194,-462,-614
194,-462,-693
194,-462,-654
194,-462,-697
194,-462,-698
194,-461,-617
194,-461,-622
194,-460,732
194,-460,-701
194,-459,-654
194,-458,-663
194,-458,-658
194,-458,-667
194,-457,-623
194,-457,-614
194,-454,-693
194,-454,708
194,-454,-702
194,-453,-619
194,-453,721
194,-442,713
194,-434,723
194,-431,710
194,-428,-654
194,-427,-703
194,-427,-621
194,-426,-703
194,-423,-662
194,-423,-654
194,-422,618
194,-422,621
194,-420,-624
194,-420,-658
194,-419,-657
194,-419,570
194,-419,581
194,-419,615
194,-418,590
194,-418,597
194,-418,629
194,-418,633
194,-417,640
194,-417,661
194,-415,-693
194,-415,-693
194,-414,-654
194,-413,-616
194,-413,-616
194,-413,-618
194,-393,-660
194,-388,-659
194,-382,665
194,-382,743
194,-381,734
194,-381,682
194,-381,694
194,-380,710
194,-380,740
194,-380,-659
194,-379,-631
194,-379,-689
194,-378,738
194,-378,738
194,-377,741
194,-376,-688
194,-376,-658
194,-375,-633
194,-375,-632
194,-375,-688
194,-374,-651
194,-372,-624
194,-372,-627
194,-371,-623
194,-370,-661
194,-370,-699
194,-370,-663
194,-370,-662
194,-369,609
194,-369,-627
194,-368,-630
194,-367,-691
194,-367,592
194,-367,-695
194,-367,-629
194,-366,-682
194,-366,628
194,-366,649
194,-366,-628
194,-364,-628
194,-364,-631
194,-362,-635
194,-362,-649
194,-361,-644
194,-360,-657
194,-360,-657
194,-359,-664
194,-358,-683
194,-357,-636
194,-356,-692
194,-356,636
194,-355,605
194,-355,-699
194,-354,-698
194,-354,-634
194,-354,-621
194,-353,-692
194,-353,-624
194,-353,-656
194,-353,-691
194,-353,-692
194,-352,618
194,-351,-651
194,-350,-683
194,-349,-652
194,-349,-691
194,-349,-630
194,-347,-656
194,-345,-687
194,-345,-653
194,-344,-670
194,-344,-659
194,-342,-656
194,-342,-668
194,-341,-643
194,-341,-664
194,-341,-638
194,-341,-657
194,-340,-685
194,-340,729
194,-340,-657
194,-340,743
194,-340,752
194,-336,712
194,-335,759
194,-333,724
194,-332,737
194,-332,712
194,-329,724
194,-328,776
194,-328,748
194,-327,703
194,-323,-661
194,-319,703
194,-314,774
194,-313,733
194,-313,751
194,-313,727
194,-312,747
194,-311,704
194,-308,757
194,-307,724
194,-307,-663
194,-303,-659
194,-303,729
194,-301,752
194,-299,-667
194,-297,-654
194,-295,-659
194,-294,-657
194,-294,-661
194,-294,-658
194,-291,-662
194,-291,-659
194,-291,-657
194,-286,635
194,-284,644
194,-278,644
194,-271,640
194,-268,648
194,-264,737
194,-261,740
194,-260,744
194,-258,668
194,-257,678
194,-257,693
194,-257,735
194,-257,747
194,-256,708
194,-256,743
194,-254,747
194,-234,701
194,-234,738
194,-226,712
194,-223,663
194,-220,656
194,-219,725
194,-214,659
194,0,0
194,0,0
194,0,0
194,0,0
194,0,0
194,0,0
194,0,0
194,0,0
194,0,0
194,0,0
194,0,0
194,0,0
194,0,0
194,0,0
194,0,0
194,0,0
194,0,0
194,0,0
194,0,0
194,0,0
194,0,0
194,0,0
194,0,0
194,0,0
194,0,0
194,0,0
194,0,0
194,0,0
194,0,0
194,0,0
194,0,0
194,0,0
194,0,0
194,0,0
194,0,0
194,0,0
194,0,0
194,0,0
194,0,0
194,291,707
194,291,707
194,293,787
194,293,778
194,294,780
194,295,737
194,297,773
194,298,747
194,298,746
194,298,747
194,301,747
194,306,745
194,306,736
194,307,787
194,308,706
194,310,738
194,312,706
194,313,741
194,313,740
194,314,740
194,326,733
194,330,741
194,330,775
194,331,707
194,331,705
194,331,746
194,335,771
194,338,746
194,344,747
194,345,747
194,347,773
194,348,708
194,349,773
194,350,706
194,350,707
194,422,735
194,422,735
194,427,732
194,428,734
194,428,734
194,428,734
194,429,733
194,429,733
194,429,733
194,429,733
194,429,733
194,429,733
194,429,733
194,429,732
194,430,732
194,455,-682
194,455,-633
194,456,-665
194,456,-671
194,459,-628
194,459,-687
194,460,-665
194,461,-655
194,462,-665
194,462,-670
194,464,-632
194,466,-663
194,471,-705
194,471,-615
194,471,-696
194,485,-704
194,489,-695
194,489,-615
194,491,771
194,492,707
194,492,773
194,495,-619
194,496,-737
194,496,-584
194,496,734
194,499,-623
194,500,-619
194,501,746
194,502,746
194,502,746
194,503,-736
194,503,-583
194,504,-699
194,506,733
194,506,734
194,509,737
194,509,709
194,509,709
194,509,709
194,509,709
194,509,771
194,512,739
194,523,-700
194,526,736
194,527,741
194,528,-616
194,530,733
194,530,706
194,530,775
194,531,743
194,531,743
194,531,707
194,531,738
194,531,737
194,531,772
194,532,770
194,533,-693
194,534,732
194,536,-640
194,536,-633
194,537,-627
194,538,-661
194,539,-666
194,539,-653
194,540,-687
194,541,772
194,545,743
194,548,772
194,548,706
194,549,769
195,-661,189
195,-660,180
195,-658,191
195,-657,213
195,-656,182
195,-621,135
195,-617,140
195,-617,141
195,-617,170
195,-615,174
195,-611,136
195,-518,507
195,-515,493
195,-515,506
195,-501,481
195,-501,470
195,-485,500
195,-485,500
195,-482,507
195,-468,455
195,-468,455
195,-466,459
195,-460,469
195,-458,498
195,-448,403
195,-447,311
195,-445,306
195,-441,408
195,-441,312
195,-437,403
195,-436,312
195,-436,398
195,-436,402
195,-432,328
195,-431,309
195,-427,308
195,-426,311
195,-426,405
195,-425,395
195,-425,400
195,-423,500
195,-422,493
195,-421,502
195,-421,506
195,-421,504
195,-415,500
195,-414,497
195,-414,504
195,-412,504
195,-400,379
195,-396,379
195,-384,384
195,-381,341
195,-380,343
195,-377,344
195,-376,382
195,-375,338
195,-375,336
195,-348,338
195,-262,148
195,-244,109
195,-240,105
195,-240,113
195,-237,106
195,-234,122
195,-228,63
195,-228,131
195,-226,64
195,-226,64
195,-223,63
195,-187,57
195,-88,301
195,-66,290
195,-62,294
195,-62,298
195,-58,302
195,-51,221
195,-47,219
195,-30,217
195,-27,220
195,-26,257
195,-24,267
195,-24,267
195,-19,228
195,-17,220
195,-16,93
195,-13,27
195,-13,32
195,-6,50
195,-2,29
195,-2,43
195,0,0
195,0,0
195,1,1
195,1,55
195,10,43
195,16,56
195,17,340
195,17,-20
195,18,-19
195,20,111
195,22,-27
195,37,323
195,41,321
195,42,322
195,43,324
195,43,20
195,43,316
195,44,8
195,44,310
195,47,324
195,47,29
195,48,320
195,51,22
195,52,335
195,53,26
195,54,62
195,55,31
195,58,61
195,58,18
195,59,-44
195,59,126
195,60,129
195,60,65
195,60,58
195,62,7
195,64,30
195,67,265
195,67,2
195,69,21
195,71,14
195,75,3
195,78,14
195,85,141
195,87,140
195,88,260
195,88,260
195,91,143
195,99,111
195,99,256
195,99,-61
195,99,121
195,99,101
195,99,98
195,99,-58
195,100,208
195,100,-104
195,100,133
195,103,100
195,103,-180
195,103,220
195,104,222
195,104,-54
195,104,220
195,105,6
195,110,24
195,110,140
195,111,-99
195,112,-89
195,114,-77
195,116,-66
195,119,-94
195,124,-66
195,132,-73
195,133,-82
195,134,-76
195,138,216
195,139,-126
195,140,13
195,140,304
195,140,3
195,141,25
195,141,210
195,141,203
195,142,188
195,143,215
195,145,-136
195,147,280
195,151,277
195,154,276
195,157,-140
195,160,60
195,160,283
195,162,134
195,165,-19
195,165,-19
195,167,130
195,168,138
195,168,146
195,168,-112
195,169,267
195,169,-107
195,169,281
195,170,267
195,170,-19
195,170,142
195,173,147
195,174,23
195,174,122
195,175,-188
195,175,25
195,176,-99
195,176,97
195,177,-20
195,177,-56
195,178,-178
195,178,137
195,179,24
195,179,-98
195,179,-98
195,180,160
195,180,140
195,181,131
195,181,-178
195,182,16
195,183,-86
195,185,121
195,186,16
195,187,19
195,187,59
195,187,25
195,188,-91
195,191,135
195,191,121
195,191,140
195,192,-94
195,192,-118
195,198,-112
195,203,-101
195,209,60
195,219,10
195,219,20
195,219,-101
195,219,-125
195,219,-169
195,220,4
195,220,310
195,221,25
195,221,71
195,221,30
195,221,-124
195,228,141
195,229,338
195,232,339
195,254,-63
195,254,-94
195,255,-187
195,255,265
195,257,258
195,258,301
195,258,255
195,258,19
195,259,20
195,259,-53
195,259,252
195,260,19
195,260,99
195,261,-61
195,261,246
195,261,101
195,261,21
195,262,301
195,264,300
195,266,15
195,266,102
195,266,308
195,269,-216
195,269,-258
195,279,-261
195,281,8
195,282,32
195,283,8
195,287,299
195,291,-26
195,292,-218
195,293,16
195,295,14
195,296,70
195,296,60
195,298,8
195,299,-221
195,299,-23
195,300,-13
195,300,5
195,300,20
195,301,298
195,301,-51
195,301,-243
195,304,94
195,304,26
195,305,70
195,305,14
195,306,60
195,311,35
195,319,-60
195,330,-140
195,332,100
195,332,-263
195,333,-263
195,334,24
195,335,-123
195,336,214
195,337,-52
195,339,19
195,340,77
195,340,191
195,341,195
195,341,13
195,341,172
195,342,-141
195,342,20
195,344,-332
195,344,26
195,346,-157
195,346,-338
195,377,20
195,379,42
195,379,73
195,380,53
195,380,139
195,380,-89
195,381,-138
195,381,22
195,382,136
195,383,-373
195,385,19
195,386,102
195,404,138
195,414,97
195,414,-49
195,415,100
195,415,106
195,416,140
195,416,110
195,417,133
195,420,-62
195,421,8
195,423,-67
195,423,118
195,423,106
195,428,-63
196,-168,367
196,-166,322
196,-163,317
196,-156,309
196,-151,220
196,-149,308
196,-148,355
196,-147,336
196,-146,217
196,-146,217
196,-141,290
196,-141,201
196,-141,272
196,-139,337
196,-138,347
196,-136,366
196,-136,359
196,-135,345
196,-135,326
196,-131,245
196,-128,252
196,-128,90
196,-127,-3
196,-126,241
196,-125,370
196,-125,-11
196,-124,6
196,-124,-101
196,-124,338
196,-123,353
196,-123,32
196,-122,22
196,-121,348
196,-121,189
196,-120,-95
196,-120,238
196,-119,77
196,-119,327
196,-119,-102
196,-119,39
196,-117,229
196,-116,247
196,-115,-100
196,-115,310
196,-114,247
196,-114,83
196,-114,243
196,-114,320
196,-111,-99
196,-110,-2
196,-109,364
196,-109,29
196,-108,216
196,-108,56
196,-108,189
196,-107,222
196,-107,23
196,-107,196
196,-107,199
196,-107,230
196,-106,253
196,-104,218
196,-102,218
196,-102,218
196,-101,63
196,-101,215
196,-101,384
196,-100,54
196,-100,386
196,-100,402
196,-100,193
196,-99,28
196,-98,-102
196,-97,-4
196,-97,229
196,-96,251
196,-96,220
196,-95,442
196,-90,241
196,-90,339
196,-88,200
196,-87,241
196,-86,205
196,-86,440
196,-85,431
196,-85,-2
196,-84,64
196,-83,44
196,-82,209
196,-77,219
196,-76,83
196,-75,438
196,-73,10
196,-73,376
196,-70,232
196,-68,74
196,-68,33
196,-68,10
196,-68,51
196,-67,370
196,-67,349
196,-67,436
196,-65,-102
196,-63,367
196,-63,267
196,-63,58
196,-62,345
196,-62,351
196,-61,-192
196,-60,259
196,-60,-177
196,-60,242
196,-60,-40
196,-59,-203
196,-59,220
196,-58,-207
196,-58,296
196,-58,-147
196,-57,-17
196,-57,-54
196,-56,369
196,-56,-52
196,-56,223
196,-56,-224
196,-55,300
196,-55,229
196,-53,-139
196,-50,-28
196,-50,305
196,-49,-18
196,-47,-219
196,-37,-139
196,-30,62
196,-29,-219
196,-28,-180
196,-28,181
196,-28,-180
196,-28,302
196,-22,212
196,-20,76
196,-20,4
196,-20,-0
196,-20,73
196,-17,-186
196,-14,-177
196,-12,-19
196,-11,90
196,-10,190
196,-10,148
196,-10,119
196,-10,-75
196,-8,128
196,-7,-66
196,-7,165
196,-4,-35
196,-4,-44
196,-3,-58
196,-1,191
196,0,0
196,1,178
196,1,1
196,1,1
196,1,1
196,1,1
196,1,1
196,1,1
196,1,-60
196,2,133
196,4,185
196,4,141
196,5,-92
196,8,-22
196,13,-183
196,14,-12
196,15,-217
196,15,-217
196,15,-59
196,16,-97
196,16,106
196,16,58
196,18,342
196,18,134
196,18,68
196,19,12
196,19,371
196,19,106
196,19,-169
196,19,-143
196,19,-40
196,19,98
196,19,198
196,19,103
196,19,-175
196,19,164
196,19,-225
196,20,110
196,20,-212
196,20,355
196,20,366
196,21,222
196,21,-20
196,21,-20
196,24,59
196,24,303
196,24,179
196,27,139
196,28,376
196,28,-15
196,29,-57
196,29,435
196,30,-10
196,30,348
196,33,-66
196,37,439
196,38,-10
196,39,-60
196,41,-93
196,41,121
196,41,430
196,41,138
196,43,438
196,44,160
196,44,-40
196,45,136
196,46,-15
196,46,144
196,47,-71
196,48,-56
196,51,434
196,53,186
196,56,-179
196,59,308
196,60,407
196,60,336
196,61,307
196,62,-186
196,63,-176
196,70,-182
196,77,299
196,83,183
196,92,-141
196,95,20
196,100,230
196,100,51
196,101,-157
196,102,-176
196,105,-17
196,105,262
196,105,-176
196,106,-24
196,107,259
196,108,381
196,108,435
196,109,-21
196,109,376
196,112,209
196,113,434
196,115,188
196,115,447
196,118,-17
196,121,380
196,124,377
196,127,154
196,128,429
196,129,386
196,132,204
196,133,385
196,134,156
196,139,-29
196,139,-64
196,140,-130
196,140,179
196,141,208
196,142,180
196,145,169
196,145,161
196,145,-97
196,146,-26
196,146,184
196,147,-24
196,148,-98
196,148,49
196,149,74
196,153,83
196,155,-16
196,155,-100
196,155,66
196,155,-16
196,156,-23
196,156,84
196,158,172
196,158,161
196,159,45
196,159,80
196,160,-20
196,161,185
196,162,197
196,163,204
196,164,-23
196,165,58
196,167,-18
196,169,56
196,171,204
196,171,152
196,171,157
196,175,-98
196,193,-102
196,197,-100
196,202,-98
196,203,-103
196,211,-101
196,220,257
197,-349,-262
197,-339,-266
197,-335,-253
197,-255,254
197,-253,215
197,-251,253
197,-248,205
197,-247,217
197,-242,-231
197,-242,193
197,-241,220
197,-235,223
197,-231,218
197,-225,223
197,-223,-309
197,-221,-327
197,-217,-346
197,-210,248
197,-208,-343
197,-207,206
197,-205,226
197,-199,253
197,-198,-338
197,-189,-336
197,-188,225
197,-188,225
197,-187,218
197,-185,234
197,-184,248
197,-181,-344
197,-179,-356
197,-165,366
197,-163,350
197,-161,342
197,-147,19
197,-143,30
197,-139,21
197,-137,30
197,-135,-88
197,-134,361
197,-133,-71
197,-133,16
197,-133,220
197,-132,213
197,-129,-80
197,-128,-95
197,-125,347
197,-125,372
197,-120,-78
197,-120,352
197,-114,-91
197,-109,252
197,-107,363
197,-106,-68
197,-103,311
197,-102,172
197,-101,-378
197,-101,285
197,-100,-391
197,-98,324
197,-95,-385
197,-93,-392
197,-93,-375
197,-93,239
197,-92,210
197,-89,301
197,-88,229
197,-85,76
197,-85,88
197,-81,-379
197,-78,180
197,-78,252
197,-75,299
197,-73,89
197,-73,244
197,-70,67
197,-68,229
197,-65,237
197,-64,78
197,-61,142
197,-60,321
197,-59,-306
197,-59,-388
197,-57,304
197,-56,-259
197,-56,-363
197,-55,-337
197,-54,342
197,-52,-324
197,-52,-276
197,-52,-105
197,-51,228
197,-49,-298
197,-49,-310
197,-44,-363
197,-44,-388
197,-43,-268
197,-42,-290
197,-40,-324
197,-38,-372
197,-37,-253
197,-37,-410
197,-35,340
197,-34,-104
197,-32,-290
197,-31,-106
197,-30,292
197,-28,-311
197,-28,-355
197,-26,-407
197,-26,260
197,-25,-95
197,-24,-227
197,-23,-381
197,-22,123
197,-22,340
197,-20,-251
197,-20,133
197,-19,308
197,-19,321
197,-17,145
197,-15,-66
197,-15,-93
197,-12,250
197,-11,-245
197,-11,-406
197,-10,288
197,-9,269
197,-7,-229
197,-5,281
197,-3,-396
197,-2,-60
197,-2,290
197,-0,-405
197,0,0
197,0,0
197,0,0
197,1,1
197,6,285
197,7,-230
197,8,-393
197,9,-245
197,9,276
197,10,-60
197,10,268
197,12,282
197,14,209
197,15,-15
197,17,-75
197,19,-65
197,19,1
197,19,230
197,19,255
197,20,-237
197,21,244
197,22,222
197,24,-249
197,24,23
197,24,207
197,27,-321
197,27,195
197,27,212
197,28,-389
197,28,268
197,29,173
197,30,-404
197,30,-303
197,33,-412
197,33,189
197,36,-327
197,37,196
197,37,-253
197,38,19
197,39,-20
197,40,-240
197,40,345
197,41,188
197,43,372
197,44,214
197,44,360
197,46,-322
197,46,195
197,47,-306
197,47,209
197,49,260
197,52,200
197,52,229
197,53,-390
197,53,-101
197,54,-405
197,55,-23
197,57,-231
197,57,254
197,58,-46
197,58,17
197,58,259
197,59,-111
197,59,-24
197,59,99
197,60,-13
197,60,26
197,60,319
197,61,-37
197,62,13
197,62,-99
197,63,296
197,64,-401
197,64,-413
197,64,-387
197,65,-230
197,67,-113
197,68,220
197,70,19
197,76,-247
197,77,-59
197,78,-408
197,80,260
197,86,-248
197,87,-388
197,87,-399
197,89,-405
197,92,-234
197,96,-151
197,96,-16
197,99,-216
197,99,-196
197,99,-160
197,101,-301
197,101,-421
197,102,-32
197,102,-170
197,102,225
197,102,252
197,104,-266
197,104,-176
197,104,-364
197,106,-386
197,108,38
197,108,-302
197,108,-352
197,108,-248
197,109,-71
197,112,-399
197,112,-329
197,116,-392
197,116,-78
197,119,39
197,119,-230
197,120,-310
197,121,-276
197,122,-330
197,122,-219
197,122,-363
197,123,31
197,123,-238
197,123,-178
197,124,-97
197,126,47
197,126,38
197,126,-75
197,127,-83
197,128,-320
197,129,-398
197,129,-293
197,129,-411
197,130,-274
197,130,-269
197,131,-91
197,132,-329
197,134,-84
197,135,-305
197,136,-342
197,137,-221
197,139,-197
197,139,-126
197,139,-23
197,141,-183
197,146,-142
197,161,-20
197,170,-102
197,173,-20
197,175,-99
197,177,-62
197,179,-82
197,186,-166
197,186,-154
197,190,-19
197,194,-174
197,197,-149
197,207,-153
197,211,-159
197,216,-340
197,218,-18
197,219,-34
197,222,-55
197,251,-17
197,259,-44
197,260,-54
197,260,-35
197,299,-28
197,315,-17
197,333,-19
198,-285,-114
198,-283,-129
198,-277,-124
198,-258,-101
198,-255,-93
198,-255,-123
198,-252,-99
198,-249,-105
198,-247,-108
198,-247,-108
198,-244,-108
198,-244,-88
198,-239,-81
198,-237,-126
198,-231,-84
198,-220,-37
198,-218,-49
198,-215,-17
198,-211,-4
198,-209,-10
198,-207,3
198,-200,-137
198,-198,2
198,-196,4
198,-194,-2
198,-194,-3
198,-187,-11
198,-182,-102
198,-182,13
198,-180,-67
198,-179,-118
198,-178,-80
198,-175,22
198,-173,14
198,-171,2
198,-168,-56
198,-168,11
198,-167,28
198,-167,19
198,-162,5
198,-162,-10
198,-159,-61
198,-158,12
198,-158,39
198,-153,21
198,-152,139
198,-152,16
198,-151,133
198,-151,146
198,-149,-5
198,-146,-2
198,-145,-56
198,-143,143
198,-143,136
198,-140,114
198,-139,5
198,-136,134
198,-132,-32
198,-131,-20
198,-127,-6
198,-125,-34
198,-125,7
198,-124,-47
198,-124,-47
198,-120,101
198,-118,-30
198,-117,-12
198,-114,-45
198,-114,-44
198,-112,-45
198,-112,-1
198,-111,13
198,-111,-48
198,-109,-51
198,-109,-52
198,-109,-102
198,-106,-97
198,-104,-97
198,-102,-29
198,-102,-39
198,-102,-31
198,-102,-49
198,-101,-32
198,-100,-45
198,-100,-86
198,-100,-97
198,-100,-69
198,-99,-81
198,-99,-148
198,-98,-103
198,-96,103
198,-95,-42
198,-94,-149
198,-93,-101
198,-92,-46
198,-91,155
198,-91,4
198,-91,-44
198,-90,-24
198,-90,-52
198,-89,11
198,-88,-42
198,-87,154
198,-84,-48
198,-84,-52
198,-82,99
198,-82,-0
198,-81,-49
198,-81,-34
198,-81,-13
198,-79,-36
198,-78,155
198,-78,162
198,-77,-31
198,-74,-41
198,-72,-42
198,-71,156
198,-71,-30
198,-70,-48
198,-69,-27
198,-68,-7
198,-67,-29
198,-67,-39
198,-61,-132
198,-61,-107
198,-60,-57
198,-59,-21
198,-58,-49
198,-56,-65
198,-55,-36
198,-52,-141
198,-51,176
198,-50,51
198,-49,-14
198,-48,-47
198,-47,-8
198,-46,-3
198,-46,177
198,-46,45
198,-46,-90
198,-46,-64
198,-44,29
198,-44,-14
198,-44,-48
198,-44,20
198,-43,-5
198,-43,4
198,-42,-15
198,-41,-61
198,-40,-19
198,-40,-69
198,-39,-64
198,-39,-8
198,-39,40
198,-38,44
198,-38,-90
198,-37,-11
198,-36,5
198,-35,40
198,-35,-14
198,-34,-140
198,-34,29
198,-34,-76
198,-32,-30
198,-31,-58
198,-31,-15
198,-31,179
198,-31,22
198,-30,-77
198,-30,-89
198,-30,-58
198,-29,178
198,-29,-17
198,-29,-74
198,-28,-86
198,-28,-59
198,-28,183
198,-28,-84
198,-28,-2
198,-28,-81
198,-27,0
198,-27,53
198,-24,-6
198,-24,-97
198,-23,183
198,-23,10
198,-20,-12
198,-19,-135
198,-19,80
198,-18,-6
198,-16,13
198,-16,4
198,-15,95
198,-7,2
198,-5,-11
198,-4,159
198,-3,-156
198,-0,-157
198,0,0
198,0,0
198,0,0
198,0,0
198,0,0
198,0,0
198,0,0
198,0,0
198,0,0
198,0,0
198,0,0
198,0,0
198,0,0
198,0,0
198,0,0
198,0,0
198,0,0
198,0,0
198,1,1
198,2,-160
198,4,150
198,5,-157
198,6,2
198,7,-151
198,9,153
198,10,105
198,11,-162
198,13,163
198,14,158
198,18,-81
198,19,-68
198,19,127
198,20,148
198,21,-86
198,23,-47
198,32,165
198,38,187
198,41,-98
198,46,178
198,47,157
198,52,193
198,52,-101
198,56,36
198,57,19
198,57,35
198,58,47
198,59,-5
198,61,2
198,63,37
198,70,42
198,70,57
198,70,-120
198,72,-108
198,79,78
198,81,181
198,84,32
198,85,83
198,87,-127
198,87,69
198,90,143
198,93,178
198,93,-120
198,95,40
198,96,31
198,98,58
198,99,-98
198,99,-193
198,100,-185
198,100,-158
198,101,-64
198,101,-99
198,101,-132
198,101,-29
198,102,-164
198,103,70
198,105,-110
198,105,146
198,106,-55
198,108,35
198,110,-98
198,110,-90
198,111,7
198,111,-145
198,112,-97
198,112,-108
198,113,57
198,115,-74
198,117,11
198,119,-92
198,119,-3
198,120,-104
198,121,-107
198,121,42
198,122,71
198,122,50
198,122,76
198,123,87
198,123,7
198,124,79
198,124,7
198,125,27
198,126,-120
198,126,17
198,128,16
198,131,-2
198,131,-83
198,132,54
198,133,-116
198,133,84
198,134,-216
198,134,-89
198,135,72
198,137,-7
198,138,-219
198,139,-8
198,139,-90
198,141,-223
198,141,-224
198,141,-201
198,142,22
198,142,76
198,143,-219
198,143,-216
198,144,-91
198,145,-9
198,148,-68
198,149,-9
198,150,-185
198,150,-82
198,151,-33
198,152,-51
198,155,-17
198,156,5
198,159,-60
198,161,-82
198,161,-38
198,161,86
198,163,-73
198,164,-20
198,165,-75
198,165,-45
198,167,-53
198,167,-16
198,169,-91
198,170,81
198,170,-52
198,173,-40
198,173,-15
198,179,-59
198,181,-86
198,181,2
198,182,-88
198,182,-95
198,184,-70
198,186,-82
198,190,-106
198,190,-101
198,191,15
198,192,-91
198,197,-118
198,200,-117
198,203,-95
198,204,-89
198,205,-129
198,209,-109
198,214,-140
198,218,-125
198,218,-130
198,219,-134
198,221,-129
198,225,-146
198,226,-113
198,227,-139
198,229,-87
198,229,-140
198,230,-93
198,230,-125
198,230,11
198,230,46
198,231,-199
198,231,-79
198,232,-200
198,234,-134
198,235,-158
198,238,-198
198,239,-144
198,240,-116
198,241,-148
198,242,-118
198,243,88
198,245,-155
198,245,-142
198,246,19
198,246,-80
198,247,-147
198,248,-84
198,249,86
198,250,-93
198,251,-71
198,251,32
198,252,-77
198,253,-159
198,253,-133
198,254,-205
198,255,-135
198,256,-152
198,258,-88
198,259,62
198,261,-145
198,261,-192
198,262,-88
198,262,-69
198,262,-69
198,262,-205
198,262,-86
198,263,-191
198,264,-158
198,264,-205
198,264,-211
198,265,-211
198,267,-207
198,267,-147
198,267,-209
198,267,-90
198,267,-90
198,269,-186
198,270,-218
198,270,-205
198,271,-82
198,275,-215
198,276,-248
198,276,-237
198,277,-214
198,282,-154
198,282,-78
198,283,-208
198,285,-78
198,285,-215
198,289,-85
198,289,-140
198,290,-159
198,290,-239
198,291,-142
198,292,-207
198,292,-139
198,292,-145
198,294,-143
198,297,-140
198,297,-135
198,298,-143
198,299,-138
198,300,-147
198,301,-132
198,302,-136
198,322,-140
198,350,-179
198,361,-178
198,367,-181
198,369,-180
198,375,-148
198,376,-144
198,377,-260
198,381,-159
198,385,-59
198,389,-78
198,389,-55
198,393,-38
198,393,-66
198,395,-52
198,396,-63
198,399,-80
198,400,-88
198,402,-41
198,404,-74
198,406,-81
198,409,-35
198,410,-59
198,410,-50
198,414,-177
198,420,-145
198,423,-179
200,-373,291
200,-371,227
200,-367,246
200,-363,262
200,-363,271
200,-361,283
200,-361,299
200,-356,266
200,-355,284
200,-355,221
200,-355,281
200,-354,256
200,-353,249
200,-352,238
200,-350,300
200,-349,276
200,-347,250
200,-342,196
200,-341,235
200,-340,220
200,-340,261
200,-340,283
200,-340,300
200,-340,310
200,-339,342
200,-338,315
200,-335,376
200,-334,241
200,-333,240
200,-332,249
200,-331,273
200,-331,240
200,-324,275
200,-320,241
200,-319,179
200,-319,260
200,-316,270
200,-316,249
200,-314,251
200,-313,254
200,-313,300
200,-313,340
200,-313,269
200,-310,239
200,-309,338
200,-308,284
200,-307,246
200,-306,258
200,-306,277
200,-305,171
200,-305,177
200,-300,176
200,-299,286
200,-298,234
200,-298,258
200,-297,171
200,-293,177
200,-291,270
200,-291,282
200,-291,185
200,-288,298
200,-285,176
200,-285,283
200,-284,244
200,-284,184
200,-284,235
200,-284,251
200,-284,270
200,-284,275
200,-281,257
200,-280,175
200,-280,179
200,-278,181
200,-274,233
200,-273,280
200,-272,270
200,-271,179
200,-271,381
200,-270,302
200,-270,248
200,-268,271
200,-266,181
200,-266,236
200,-266,266
200,-262,287
200,-262,380
200,-261,197
200,-260,234
200,-260,201
200,-260,274
200,-259,211
200,-258,244
200,-256,301
200,-253,253
200,-251,269
200,-250,219
200,-249,340
200,-248,276
200,-247,245
200,-247,139
200,-244,245
200,-237,379
200,-236,248
200,-235,265
200,-234,249
200,-232,238
200,-231,221
200,-230,139
200,-229,300
200,-229,224
200,-227,262
200,-222,266
200,-222,316
200,-222,271
200,-222,235
200,-221,218
200,-221,146
200,-220,202
200,-219,163
200,-217,281
200,-211,272
200,-209,145
200,-206,100
200,-200,321
200,-200,287
200,-197,297
200,-197,307
200,-197,302
200,-196,282
200,-194,339
200,-194,349
200,-194,139
200,-193,323
200,-193,328
200,-192,274
200,-187,357
200,-186,332
200,-186,311
200,-186,269
200,-185,98
200,-181,194
200,-180,77
200,-180,91
200,-180,225
200,-179,189
200,-177,320
200,-176,177
200,-176,327
200,-174,251
200,-174,329
200,-173,320
200,-172,59
200,-171,231
200,-171,186
200,-170,251
200,-170,329
200,-170,262
200,-169,340
200,-169,99
200,-169,233
200,-168,356
200,-168,322
200,-168,205
200,-167,252
200,-166,311
200,-166,327
200,-164,189
200,-164,231
200,-164,215
200,-159,217
200,-156,210
200,-156,84
200,-155,331
200,-155,244
200,-154,348
200,-152,194
200,-149,236
200,-149,113
200,-149,230
200,-149,356
200,-148,333
200,-147,92
200,-146,215
200,-146,308
200,-146,226
200,-144,261
200,-144,177
200,-141,340
200,-141,197
200,-140,180
200,-138,283
200,-137,99
200,-136,229
200,-135,91
200,-135,197
200,-133,353
200,-133,331
200,-132,58
200,-130,186
200,-129,92
200,-128,256
200,-127,236
200,-127,382
200,-126,331
200,-126,215
200,-125,211
200,-124,116
200,-124,382
200,-123,341
200,-116,235
200,-116,208
200,-116,204
200,-115,193
200,-115,222
200,-115,246
200,-114,179
200,-112,230
200,-111,190
200,-110,251
200,-109,253
200,-108,177
200,-106,189
200,-103,90
200,-102,264
200,-101,374
200,-101,182
200,-99,346
200,-99,226
200,-98,350
200,-97,89
200,-93,217
200,-88,225
200,-84,339
200,-84,299
200,-80,140
200,-79,141
200,-74,87
200,-70,115
200,-68,379
200,-64,111
200,-60,281
200,-60,333
200,-59,164
200,-59,203
200,-58,166
200,-58,307
200,-57,295
200,-54,135
200,-54,303
200,-53,379
200,-53,59
200,-52,137
200,-49,226
200,-44,113
200,-43,108
200,-43,86
200,-43,100
200,-42,233
200,-42,233
200,-40,249
200,-35,98
200,-35,234
200,-32,380
200,-30,138
200,-24,380
200,-22,114
200,-21,98
200,-21,80
200,-20,153
200,-19,325
200,-19,347
200,-19,101
200,-19,354
200,-19,155
200,-18,149
200,-18,53
200,-15,144
200,-15,140
200,-6,194
200,-3,203
200,-3,203
200,-0,57
200,0,300
200,1,1
200,6,197
200,6,197
200,7,215
200,13,187
200,16,11
200,18,301
200,19,68
200,19,261
200,19,310
200,19,325
200,20,52
200,26,131
200,32,120
200,32,121
200,33,121
200,38,110
200,41,111
200,52,132
200,61,77
200,99,99
200,99,76
200,106,100
200,122,61
200,124,73
200,131,62
200,143,52
200,144,62
200,153,18
200,158,20
200,168,60
200,181,25
200,182,30
200,184,33
200,188,20
200,257,20
201,-381,513
201,-377,509
201,-377,513
201,-377,517
201,-377,513
201,-377,513
201,-377,513
201,-377,513
201,-373,513
201,0,0
201,0,0
201,0,0
201,0,0
201,0,0
201,0,0
201,0,0
201,0,0
201,0,0
201,0,0
201,0,0
201,0,0
201,0,0
201,0,0
201,0,0
201,19,33
201,23,29
201,23,33
201,23,37
201,23,33
201,23,33
201,23,33
201,23,33
201,27,33
201,498,-367
201,502,-371
201,502,-367
201,502,-363
201,503,-367
201,503,-367
201,503,-367
201,503,-367
201,504,-367
202,-381,513
202,-378,514
202,-377,509
202,-377,513
202,-377,513
202,-377,513
202,-377,513
202,-377,513
202,-377,517
202,-373,513
202,0,0
202,0,0
202,0,0
202,0,0
202,0,0
202,0,0
202,0,0
202,0,0
202,0,0
202,0,0
202,0,0
202,0,0
202,0,0
202,0,0
202,0,0
202,19,33
202,22,34
202,23,29
202,23,33
202,23,33
202,23,33
202,23,33
202,23,33
202,23,37
202,26,33
202,499,-367
202,502,-366
202,503,-371
202,503,-367
202,503,-367
202,503,-367
202,503,-367
202,503,-367
202,503,-363
202,507,-367
203,-381,513
203,-378,512
203,-377,512
203,-377,513
203,-377,513
203,-377,513
203,-377,513
203,-377,514
203,-377,509
203,-377,513
203,-377,517
203,-376,513
203,-376,514
203,-373,513
203,0,0
203,0,0
203,0,0
203,0,0
203,0,0
203,0,0
203,0,0
203,0,0
203,0,0
203,0,0
203,0,0
203,0,0
203,0,0
203,0,0
203,0,0
203,19,33
203,22,32
203,23,29
203,23,33
203,23,37
203,23,32
203,23,33
203,23,33
203,23,33
203,23,33
203,23,34
203,24,33
203,24,34
203,26,33
203,499,-367
203,502,-368
203,503,-371
203,503,-368
203,503,-367
203,503,-367
203,503,-367
203,503,-367
203,503,-367
203,503,-366
203,503,-363
203,504,-367
203,504,-366
203,507,-367
204,-260,103
204,-222,95
204,-222,97
204,-221,-8
204,-218,77
204,-218,60
204,-207,111
204,-206,111
204,-205,43
204,-205,131
204,-203,-19
204,-203,47
204,-195,169
204,-193,21
204,-192,169
204,-192,-10
204,-190,120
204,-189,128
204,-189,149
204,-188,123
204,-188,7
204,-182,182
204,-181,138
204,-181,59
204,-180,191
204,-180,218
204,-179,95
204,-173,9
204,-172,241
204,-172,165
204,-168,102
204,-166,148
204,-165,189
204,-165,246
204,-165,77
204,-164,80
204,-163,77
204,-162,154
204,-160,156
204,-159,-171
204,-159,148
204,-156,159
204,-156,-155
204,-155,236
204,-155,75
204,-155,21
204,-152,71
204,-152,90
204,-152,-71
204,-150,-64
204,-150,18
204,-150,68
204,-149,-164
204,-148,-70
204,-148,-70
204,-148,-65
204,-147,73
204,-146,-80
204,-146,-63
204,-142,203
204,-142,181
204,-141,18
204,-141,42
204,-138,-91
204,-137,179
204,-136,184
204,-134,98
204,-133,-23
204,-132,21
204,-132,180
204,-132,261
204,-132,-47
204,-131,70
204,-131,8
204,-131,71
204,-130,103
204,-130,-87
204,-130,58
204,-130,97
204,-130,-54
204,-127,-57
204,-124,-141
204,-121,-55
204,-116,101
204,-113,178
204,-113,71
204,-112,91
204,-110,112
204,-110,103
204,-109,11
204,-109,221
204,-108,69
204,-103,-56
204,-103,254
204,-101,-130
204,-100,55
204,-100,141
204,-99,33
204,-98,30
204,-92,160
204,-92,160
204,-91,69
204,-91,71
204,-90,112
204,-90,72
204,-89,154
204,-88,33
204,-88,90
204,-88,21
204,-85,160
204,-84,168
204,-83,196
204,-78,-76
204,-78,-80
204,-78,-87
204,-77,165
204,-77,215
204,-72,169
204,-72,30
204,-70,193
204,-70,100
204,-69,151
204,-68,-78
204,-62,19
204,-62,83
204,-60,167
204,-60,156
204,-56,160
204,-54,56
204,-54,81
204,-52,38
204,-52,275
204,-51,32
204,-51,92
204,-50,278
204,-50,5
204,-50,140
204,-50,275
204,-49,156
204,-49,109
204,-49,274
204,-48,-58
204,-48,110
204,-48,110
204,-48,21
204,-46,90
204,-45,167
204,-40,91
204,-38,34
204,-37,65
204,-37,202
204,-36,215
204,-31,187
204,-30,91
204,-30,91
204,-30,108
204,-29,83
204,-28,39
204,-28,100
204,-27,-50
204,-26,-21
204,-22,90
204,-22,124
204,-22,-4
204,-21,-76
204,-20,219
204,-19,204
204,-19,120
204,-16,44
204,-14,257
204,-13,21
204,-12,-31
204,-12,140
204,-10,-100
204,-9,40
204,-8,-50
204,-6,192
204,-6,309
204,-4,41
204,-4,28
204,-4,220
204,-3,331
204,-3,48
204,-2,314
204,-1,47
204,0,0
204,0,0
204,0,0
204,0,0
204,0,0
204,0,0
204,0,0
204,0,0
204,0,0
204,0,0
204,0,0
204,0,0
204,0,0
204,0,0
204,0,0
204,1,78
204,1,75
204,1,-99
204,2,27
204,6,212
204,9,233
204,10,207
204,10,219
204,10,79
204,10,312
204,10,-61
204,10,45
204,12,214
204,13,47
204,14,47
204,15,218
204,17,214
204,17,217
204,18,204
204,18,-105
204,19,139
204,19,210
204,19,157
204,21,143
204,21,299
204,21,-136
204,24,215
204,24,-141
204,25,151
204,27,99
204,28,128
204,31,132
204,33,117
204,34,112
204,35,290
204,36,100
204,37,-40
204,38,130
204,39,282
204,40,-38
204,42,-138
204,45,221
204,45,-49
204,46,139
204,46,285
204,49,221
204,49,-49
204,49,219
204,50,222
204,50,151
204,52,140
204,53,-139
204,56,57
204,57,67
204,58,61
204,58,205
204,59,101
204,59,107
204,59,245
204,60,150
204,61,42
204,61,76
204,63,225
204,63,90
204,64,129
204,67,181
204,71,124
204,72,122
204,74,117
204,75,21
204,78,113
204,79,127
204,79,221
204,79,108
204,79,221
204,85,19
204,85,19
204,92,116
204,95,17
204,99,-19
204,102,3
204,107,51
204,111,-102
204,114,162
204,114,46
204,114,162
204,117,56
204,117,-46
204,117,59
204,118,62
204,119,-41
204,120,-38
204,121,59
204,121,158
204,122,167
204,124,59
204,126,-31
204,128,96
204,130,-101
204,130,55
204,131,59
204,131,74
204,132,160
204,132,156
204,132,79
204,134,-101
204,137,61
204,137,-62
204,144,-98
204,152,201
204,153,120
204,154,211
204,154,202
204,155,113
204,155,7
204,155,-85
204,155,-6
204,157,-69
204,157,9
204,157,-87
204,159,189
204,160,109
204,163,198
204,165,-2
204,168,130
204,168,122
204,169,197
204,173,123
204,193,-47
204,198,20
204,201,-48
204,206,150
204,207,167
204,218,109
204,218,90
204,219,106
204,219,43
204,221,24
204,222,66
204,225,98
204,226,92
204,229,13
204,230,24
204,231,97
205,-383,259
205,-343,212
205,-341,190
205,-340,142
205,-292,-118
205,-287,-83
205,-286,-144
205,-286,124
205,-286,124
205,-284,-90
205,-284,-82
205,-281,-142
205,-281,-110
205,-280,120
205,-276,123
205,-276,-168
205,-276,-108
205,-275,-105
205,-274,-75
205,-273,-115
205,-272,-169
205,-272,-169
205,-271,-129
205,-269,-78
205,-269,-169
205,-266,116
205,-259,-138
205,-259,-138
205,-258,104
205,-257,-155
205,-254,-155
205,-253,118
205,-248,121
205,-248,82
205,-247,88
205,-246,-133
205,-240,-167
205,-239,-146
205,-239,-60
205,-238,-113
205,-238,-148
205,-234,79
205,-233,-139
205,-230,-164
205,-207,-54
205,-205,-63
205,-198,-179
205,-179,-76
205,-172,60
205,-156,-103
205,-143,-157
205,-143,65
205,-141,62
205,-140,-93
205,-136,83
205,-136,100
205,-135,169
205,-131,-115
205,-130,132
205,-130,-121
205,-129,157
205,-128,-123
205,-126,-80
205,-125,60
205,-124,143
205,-120,61
205,-120,-106
205,-117,162
205,-116,-115
205,-116,-70
205,-115,115
205,-115,-72
205,-114,170
205,-113,130
205,-113,139
205,-112,155
205,-112,164
205,-111,142
205,-108,17
205,-107,156
205,-106,226
205,-105,173
205,-103,147
205,-103,224
205,-102,12
205,-102,-24
205,-99,227
205,-96,182
205,-93,-189
205,-93,25
205,-91,169
205,-91,-251
205,-91,-189
205,-90,148
205,-86,-212
205,-85,-213
205,-82,166
205,-81,-189
205,-78,-240
205,-78,171
205,-78,171
205,-77,-249
205,-77,155
205,-76,152
205,-75,156
205,-73,-214
205,-72,-232
205,-71,-101
205,-70,-243
205,-65,-59
205,-65,-44
205,-63,50
205,-63,101
205,-63,-295
205,-62,-156
205,-62,-138
205,-62,-108
205,-61,-129
205,-61,120
205,-60,-122
205,-60,13
205,-60,-276
205,-59,-56
205,-59,62
205,-58,-110
205,-57,224
205,-57,223
205,-57,17
205,-57,224
205,-57,224
205,-56,225
205,-56,224
205,-55,22
205,-53,225
205,-47,-63
205,-40,-301
205,-39,260
205,-36,282
205,-36,282
205,-33,280
205,-27,-91
205,-23,-174
205,-23,-232
205,-23,-203
205,-23,-95
205,-22,-163
205,-22,-221
205,-22,63
205,-21,264
205,-20,-160
205,-20,-231
205,-19,-138
205,-17,85
205,-17,177
205,-14,-279
205,-12,230
205,-4,259
205,-2,271
205,-0,268
205,0,0
205,0,-269
205,0,-64
205,1,-144
205,1,25
205,1,-292
205,1,1
205,1,1
205,1,1
205,1,1
205,1,1
205,1,1
205,2,228
205,6,263
205,7,242
205,7,232
205,7,-284
205,8,294
205,8,294
205,8,294
205,12,-282
205,17,-60
205,18,-89
205,18,-132
205,18,-115
205,19,-130
205,20,-73
205,21,-105
205,21,-110
205,21,-138
205,21,-142
205,23,-159
205,24,-83
205,24,-130
205,24,6
205,28,-276
205,29,260
205,30,142
205,32,-291
205,34,177
205,36,-200
205,38,-277
205,39,63
205,40,-140
205,41,-186
205,42,97
205,42,99
205,45,-288
205,46,-190
205,50,-189
205,52,-187
205,55,-270
205,56,253
205,56,-69
205,59,31
205,59,-78
205,59,-123
205,61,-124
205,61,255
205,61,-240
205,62,-240
205,63,-58
205,71,139
205,74,2
205,76,-3
205,78,9
205,79,140
205,79,-7
205,84,123
205,84,132
205,88,136
205,90,-8
205,96,19
205,97,59
205,97,202
205,99,24
205,100,247
205,100,98
205,102,233
205,106,173
205,110,-76
205,112,169
205,113,117
205,116,167
205,116,21
205,117,145
205,118,118
205,118,163
205,119,146
205,119,-88
205,120,112
205,122,121
205,124,-89
205,125,-68
205,126,159
205,129,155
205,142,-17
205,148,-19
205,152,21
205,157,21
205,169,-20
205,173,-27
205,177,-137
205,179,-117
205,179,-104
205,184,17
205,199,19
205,205,-58
205,218,-7
205,219,-130
205,221,-68
205,242,-20
205,259,-97
205,259,-45
205,260,-77
206,-426,463
206,-426,477
206,-417,410
206,-416,397
206,-412,395
206,-408,400
206,-408,393
206,-406,392
206,-406,396
206,-406,400
206,-405,400
206,-404,393
206,-404,407
206,-404,-1
206,-404,391
206,-404,392
206,-404,399
206,-404,399
206,-404,399
206,-404,399
206,-404,400
206,-402,392
206,-402,396
206,-402,400
206,-402,395
206,-402,395
206,-400,389
206,-400,395
206,-400,400
206,-400,400
206,-400,400
206,-400,400
206,-400,400
206,-400,400
206,-400,400
206,-400,400
206,-400,400
206,-400,400
206,-400,400
206,-400,400
206,-400,400
206,-400,400
206,-400,387
206,-400,389
206,-400,389
206,-400,391
206,-400,396
206,-400,396
206,-400,400
206,-399,-1
206,-399,395
206,-399,395
206,-399,399
206,-399,399
206,-399,399
206,-399,399
206,-399,399
206,-398,392
206,-398,396
206,-398,400
206,-397,395
206,-397,395
206,-396,391
206,-396,392
206,-396,400
206,-396,393
206,-396,407
206,-395,400
206,-394,392
206,-394,396
206,-394,400
206,-393,-1
206,-393,399
206,-393,399
206,-393,399
206,-393,399
206,-392,393
206,-392,400
206,-388,395
206,-384,397
206,-383,410
206,-374,463
206,-374,477
206,-26,63
206,-26,77
206,-17,10
206,-16,-3
206,-12,-5
206,-8,-7
206,-7,-1
206,-6,-8
206,-6,-4
206,-6,-1
206,-4,0
206,-4,-1
206,-4,-9
206,-4,-7
206,-4,-1
206,-4,-1
206,-3,-8
206,-3,6
206,-2,-8
206,-2,-4
206,-2,-5
206,-2,-5
206,-2,-1
206,0,-4
206,0,0
206,0,0
206,0,0
206,0,0
206,0,0
206,0,0
206,0,0
206,0,0
206,0,0
206,0,0
206,0,0
206,0,0
206,0,0
206,0,0
206,0,0
206,0,0
206,0,0
206,0,0
206,0,0
206,0,0
206,0,0
206,0,0
206,0,0
206,0,0
206,0,0
206,0,0
206,0,0
206,0,0
206,0,0
206,0,0
206,0,0
206,0,0
206,0,0
206,0,0
206,0,0
206,0,0
206,0,0
206,0,0
206,0,0
206,0,0
206,0,0
206,0,0
206,0,0
206,0,0
206,0,0
206,0,0
206,0,0
206,0,0
206,0,0
206,0,0
206,0,0
206,0,0
206,0,0
206,0,0
206,0,0
206,0,0
206,0,0
206,0,0
206,0,0
206,0,0
206,0,0
206,0,0
206,0,0
206,0,0
206,0,0
206,0,0
206,0,0
206,0,0
206,0,0
206,0,0
206,0,0
206,0,0
206,0,0
206,0,0
206,0,0
206,0,0
206,0,0
206,0,0
206,0,0
206,0,0
206,0,0
206,0,0
206,0,0
206,0,0
206,0,0
206,0,0
206,0,0
206,0,0
206,0,0
206,0,0
206,0,0
206,0,0
206,0,0
206,0,0
206,0,0
206,0,0
206,0,0
206,0,0
206,0,0
206,0,0
206,0,0
206,0,0
206,0,0
206,0,0
206,0,0
206,0,0
206,0,0
206,0,0
206,0,0
206,0,0
206,0,0
206,0,0
206,0,0
206,0,0
206,0,0
206,0,0
206,0,0
206,0,0
206,0,0
206,0,0
206,0,0
206,0,0
206,0,0
206,0,0
206,0,0
206,0,0
206,0,0
206,0,0
206,0,0
206,0,0
206,0,0
206,0,0
206,0,0
206,0,0
206,0,0
206,0,0
206,0,0
206,0,0
206,0,0
206,0,0
206,0,0
206,0,0
206,0,0
206,0,0
206,0,0
206,0,0
206,0,0
206,0,0
206,0,0
206,0,0
206,0,0
206,0,0
206,0,0
206,0,0
206,0,0
206,0,0
206,0,0
206,0,0
206,0,0
206,0,0
206,0,0
206,0,0
206,0,0
206,0,0
206,0,0
206,0,0
206,0,0
206,0,0
206,0,0
206,0,0
206,0,0
206,0,0
206,0,-11
206,0,-13
206,0,-11
206,0,-11
206,0,-9
206,0,-4
206,0,0
206,1,-6
206,1,-1
206,1,-1
206,1,-1
206,1,-1
206,1,-1
206,1,-1
206,1,-1
206,1,-1
206,1,-1
206,1,-1
206,1,-1
206,1,-1
206,1,-1
206,1,-1
206,1,-1
206,1,-1
206,1,-1
206,1,-1
206,1,-1
206,2,-8
206,2,-4
206,2,-1
206,3,-5
206,3,-5
206,4,0
206,4,-9
206,4,-7
206,5,-8
206,5,6
206,6,-1
206,6,-8
206,6,-4
206,6,-1
206,7,-1
206,7,-1
206,8,-7
206,9,-1
206,12,-5
206,16,-3
206,17,10
206,26,63
206,26,77
206,374,-337
206,374,-323
206,383,-390
206,384,-403
206,388,-405
206,392,-407
206,393,-401
206,394,-408
206,394,-404
206,394,-400
206,395,-401
206,396,-400
206,396,-409
206,396,-407
206,396,-401
206,396,-401
206,397,-408
206,397,-393
206,398,-405
206,398,-405
206,398,-408
206,398,-404
206,398,-400
206,400,-406
206,400,-404
206,400,-401
206,400,-401
206,400,-401
206,400,-401
206,400,-401
206,400,-413
206,400,-411
206,400,-411
206,400,-409
206,400,-404
206,400,-400
206,400,-411
206,401,-401
206,401,-401
206,401,-401
206,401,-401
206,401,-401
206,401,-401
206,401,-401
206,401,-401
206,401,-401
206,401,-401
206,401,-401
206,401,-401
206,401,-401
206,402,-408
206,402,-404
206,402,-400
206,403,-405
206,403,-405
206,404,-400
206,404,-409
206,404,-407
206,405,-401
206,405,-408
206,405,-393
206,406,-408
206,406,-404
206,406,-400
206,407,-401
206,407,-401
206,408,-407
206,409,-401
206,412,-405
206,416,-403
206,417,-390
206,426,-336
206,426,-323
207,-381,513
207,-377,509
207,-377,517
207,-377,513
207,-377,513
207,-377,513
207,-377,513
207,-373,513
207,0,0
207,0,0
207,0,0
207,0,0
207,0,0
207,0,0
207,0,0
207,0,0
207,0,0
207,0,0
207,0,0
207,0,0
207,0,0
207,0,0
207,0,0
207,19,33
207,23,33
207,23,33
207,23,33
207,23,29
207,23,33
207,23,37
207,26,33
207,499,-367
207,503,-371
207,503,-367
207,503,-367
207,503,-367
207,503,-367
207,503,-363
207,507,-367
208,-969,-299
208,-943,-384
208,-939,-351
208,-938,-366
208,-902,-269
208,-900,-409
208,-874,-379
208,-871,-389
208,-860,-385
208,-857,-260
208,-839,-379
208,-819,-396
208,-818,-375
208,-817,-386
208,-816,-392
208,-815,-363
208,-815,-340
208,-812,-417
208,-806,-420
208,-792,-417
208,-787,-344
208,-784,-345
208,-784,-543
208,-781,-436
208,-779,-514
208,-777,-539
208,-776,-480
208,-771,-340
208,-767,-463
208,-764,-464
208,-759,-338
208,-751,-340
208,-744,-414
208,-744,-346
208,-744,-395
208,-744,-415
208,-744,-340
208,-743,-403
208,-742,-362
208,-741,-462
208,-741,-567
208,-740,-378
208,-721,-379
208,-703,-463
208,-702,-421
208,-701,-393
208,-701,-382
208,-701,-400
208,-700,-436
208,-696,-456
208,-695,-454
208,-679,-419
208,-666,-398
208,-665,-435
208,-659,-457
208,-658,-393
208,-658,-454
208,-653,-379
208,-645,-384
208,-641,-381
208,-637,-384
208,-632,-459
208,-614,-384
208,-607,-381
208,-603,-461
208,-599,-462
208,-597,-464
208,-595,-381
208,-582,-412
208,-581,-425
208,-579,-394
208,-579,-438
208,-577,-381
208,-576,-409
208,-576,-450
208,-575,-434
208,-564,-420
208,-554,736
208,-542,757
208,-539,-416
208,-536,781
208,-523,779
208,-517,-420
208,-515,-410
208,-508,785
208,-507,776
208,-504,779
208,-503,778
208,-500,-422
208,-497,-397
208,-492,-365
208,-489,-351
208,-481,-353
208,-477,-373
208,-471,-372
208,-468,617
208,-468,620
208,-468,625
208,-467,-353
208,-467,-361
208,-465,621
208,-464,614
208,-460,617
208,-457,781
208,-449,781
208,-446,781
208,-435,619
208,-424,-337
208,-423,743
208,-421,721
208,-419,624
208,-412,-300
208,-411,665
208,-409,740
208,-406,686
208,-405,667
208,-405,812
208,-401,788
208,-398,798
208,-393,693
208,-389,670
208,-389,797
208,-388,688
208,-387,790
208,-387,682
208,-375,742
208,-367,742
208,-356,822
208,-353,736
208,-345,808
208,-344,752
208,-343,657
208,-342,781
208,-342,858
208,-340,788
208,-338,764
208,-338,751
208,-337,689
208,-337,705
208,-336,739
208,-321,659
208,-312,737
208,-305,381
208,-300,-112
208,-299,378
208,-298,384
208,-296,673
208,-296,743
208,-294,688
208,-294,358
208,-293,677
208,-291,739
208,-291,810
208,-286,395
208,-285,678
208,-285,790
208,-284,679
208,-282,798
208,-274,677
208,-274,794
208,-273,381
208,-272,812
208,-272,736
208,-271,351
208,-270,364
208,-270,397
208,-268,675
208,-268,669
208,-264,767
208,-263,-74
208,-262,-77
208,-230,383
208,-218,-70
208,-216,-118
208,-215,-133
208,-214,-117
208,-209,381
208,-204,-128
208,-196,-110
208,-192,-134
208,-183,-156
208,-181,-161
208,-181,398
208,-181,-167
208,-180,351
208,-179,378
208,-174,440
208,-171,323
208,-167,432
208,-164,-181
208,-163,-218
208,-163,304
208,-158,452
208,-156,313
208,-150,328
208,-147,439
208,-143,-266
208,-142,450
208,-141,-253
208,-139,-217
208,-139,-201
208,-132,377
208,-130,-261
208,-115,-224
208,-113,382
208,-104,-187
208,-96,-265
208,-96,-215
208,-94,-265
208,-92,-172
208,-90,-29
208,-89,-224
208,-89,-50
208,-86,-41
208,-85,-40
208,-85,-43
208,-84,-40
208,-81,-217
208,-77,-222
208,-77,-56
208,-77,-29
208,-75,342
208,-74,-27
208,-74,-42
208,-69,-224
208,-64,-179
208,-63,326
208,-62,-250
208,-60,-269
208,-57,-223
208,-56,-184
208,-52,-187
208,-47,-139
208,-44,-139
208,-37,-60
208,-20,-188
208,-19,-116
208,-19,-147
208,-18,-45
208,-9,-109
208,-9,-32
208,-7,-171
208,-3,-176
208,0,0
208,0,0
208,0,0
208,0,0
208,0,-60
208,1,-136
208,1,1
208,4,-150
208,4,-22
208,7,-19
208,9,-109
208,12,-172
208,13,-128
208,13,-54
208,15,-35
208,18,-209
208,20,-160
208,20,-192
208,27,-111
208,34,-19
208,36,-178
208,41,-130
208,42,-129
208,43,-130
208,44,-107
208,62,-137
208,62,-18
208,63,-22
208,67,-197
208,67,-112
208,74,-201
208,74,-211
208,76,-133
208,76,-194
208,81,-15
208,84,-209
208,90,-196
208,90,-197
208,92,-105
208,96,-22
208,98,-127
208,112,-16
208,129,-139
208,136,-24
208,139,-140
208,140,-180
208,150,19
208,184,3
208,189,4
208,193,-1
208,193,15
208,195,5
208,200,-4
208,200,-16
208,202,8
208,211,-0
208,263,-0
208,271,20
208,275,21
208,308,18
208,432,-861
208,435,-740
208,456,-863
208,458,-879
208,458,-759
208,462,-894
208,463,-896
208,464,-739
208,468,-788
208,472,-736
208,474,-802
208,476,-862
208,477,-785
208,477,-812
208,481,-863
208,492,-794
208,494,-859
208,494,-800
208,496,-736
208,500,-843
208,501,-841
208,501,-922
208,502,-742
208,509,-940
208,518,-736
208,522,-942
208,526,-742
208,538,-763
208,539,-933
208,540,-739
208,544,-702
208,545,-936
208,554,-702
208,560,-940
208,560,-936
208,561,-942
208,561,-699
208,562,-937
208,568,-936
208,568,-935
208,591,-689
208,593,-667
208,596,-681
208,598,-542
208,599,-739
208,601,-673
208,605,-680
208,605,-676
208,606,-690
208,619,-764
208,621,-549
208,621,-562
208,624,-775
208,624,-580
208,626,-742
208,635,-419
208,635,-379
208,636,-582
208,637,-741
208,639,-821
208,641,-774
208,657,-756
208,658,-645
208,658,-771
208,659,-651
208,659,-652
208,659,-799
208,660,-380
208,669,-556
208,671,-819
208,671,-418
208,675,-577
208,685,-557
208,685,-620
208,686,-551
208,689,-739
208,691,-818
208,691,-548
208,694,-622
208,695,-557
208,696,-424
208,697,-823
208,699,-551
208,701,-442
208,702,-611
208,714,-417
208,726,-542
208,735,-824
208,741,-419
208,742,-794
208,744,-564
208,744,-417
208,749,-825
208,749,-550
208,754,-462
208,758,-570
208,764,-564
208,767,-460
208,768,-420
208,771,-818
208,771,-821
208,773,-703
208,774,-569
208,774,-569
208,778,-649
208,778,-657
208,779,-703
208,779,-613
208,780,-801
208,782,-462
208,783,-800
208,784,-573
208,785,-775
208,789,-664
208,790,-776
208,790,-749
208,791,-466
208,794,-765
208,795,-546
208,797,-661
208,797,-697
208,798,-623
208,801,-462
208,801,-747
208,802,-561
208,805,-750
208,811,-553
208,811,-567
208,816,-730
208,816,-699
208,817,-675
208,817,-651
208,818,-521
208,820,-410
208,821,-595
208,822,-666
208,822,-383
208,823,-688
208,823,-502
208,826,-382
208,826,-428
208,828,-458
208,829,-500
208,835,-385
208,835,-445
208,838,-700
208,841,-418
208,841,-499
208,844,-418
208,846,-658
208,848,-498
208,849,-623
208,851,-617
208,855,-705
208,855,-330
208,856,-657
208,856,-380
208,857,-626
208,859,-356
208,859,-701
208,860,-475
208,862,-304
208,862,-341
208,863,-488
208,864,-690
208,865,-670
208,869,-655
208,879,-296
208,896,-296
208,939,-302
209,-382,505
209,-381,512
209,-381,513
209,-380,509
209,-378,510
209,-377,509
209,-377,513
209,-377,513
209,-377,513
209,-377,513
209,-377,513
209,-377,517
209,-373,513
209,-364,510
209,18,25
209,19,32
209,19,33
209,20,29
209,22,30
209,23,29
209,23,33
209,23,33
209,23,33
209,23,33
209,23,33
209,23,37
209,27,33
209,36,30
209,498,-375
209,499,-368
209,499,-367
209,500,-371
209,502,-370
209,503,-371
209,503,-367
209,503,-367
209,503,-367
209,503,-367
209,503,-367
209,503,-363
209,507,-367
209,516,-370
211,-381,513
211,-377,509
211,-377,513
211,-377,513
211,-377,513
211,-377,513
211,-377,517
211,-373,513
211,0,0
211,0,0
211,0,0
211,0,0
211,0,0
211,0,0
211,0,0
211,0,0
211,0,0
211,0,0
211,0,0
211,0,0
211,0,0
211,0,0
211,0,0
211,19,33
211,23,29
211,23,33
211,23,33
211,23,33
211,23,33
211,23,37
211,27,33
211,499,-367
211,503,-371
211,503,-367
211,503,-367
211,503,-367
211,503,-367
211,503,-363
211,507,-367
212,-332,8
212,-325,11
212,-316,3
212,-316,3
212,-311,-4
212,-295,-25
212,-293,3
212,-291,-30
212,-287,-9
212,-281,5
212,-280,-29
212,-277,-34
212,-273,-50
212,-270,-50
212,-269,8
212,-251,166
212,-247,116
212,-246,170
212,-245,146
212,-242,164
212,-242,120
212,-237,131
212,-235,134
212,-229,145
212,-219,-2
212,-219,152
212,-210,162
212,-209,161
212,-206,74
212,-205,159
212,-204,170
212,-203,-221
212,-199,59
212,-194,150
212,-193,43
212,-191,88
212,-190,155
212,-188,87
212,-181,-221
212,-179,42
212,-173,56
212,-171,199
212,-166,-16
212,-166,-22
212,-158,204
212,-153,191
212,-152,206
212,-151,47
212,-151,-21
212,-148,52
212,-144,-22
212,-141,-191
212,-140,-194
212,-140,-195
212,-140,-191
212,-140,-190
212,-139,-192
212,-139,-192
212,-139,-192
212,-139,-193
212,-139,-191
212,-138,-193
212,-138,-190
212,-137,48
212,-137,-191
212,-137,-179
212,-133,245
212,-130,252
212,-127,80
212,-125,58
212,-125,59
212,-125,246
212,-125,66
212,-124,-16
212,-124,223
212,-123,88
212,-121,192
212,-120,74
212,-118,79
212,-116,30
212,-116,244
212,-116,-179
212,-114,74
212,-112,219
212,-111,-19
212,-111,64
212,-109,33
212,-108,87
212,-106,78
212,-105,-21
212,-102,186
212,-101,-29
212,-100,127
212,-100,-44
212,-99,204
212,-98,-82
212,-94,-56
212,-88,190
212,-82,-186
212,-81,-56
212,-78,163
212,-78,-162
212,-77,-99
212,-74,-187
212,-73,-211
212,-73,210
212,-73,-58
212,-72,-170
212,-70,204
212,-69,-206
212,-66,-180
212,-63,-43
212,-63,-61
212,-61,-101
212,-60,-121
212,-55,-38
212,-53,-19
212,-52,-151
212,-50,48
212,-47,-17
212,-45,52
212,-43,-20
212,-41,-169
212,-35,46
212,-29,47
212,-28,35
212,-24,51
212,-21,114
212,-19,-1
212,-16,64
212,-16,37
212,-15,105
212,-14,-153
212,-13,-134
212,-13,-165
212,-13,50
212,-12,29
212,-10,-113
212,-9,-146
212,-7,81
212,-5,61
212,-5,68
212,-5,-108
212,-4,-163
212,-1,-1
212,-1,-1
212,-1,-1
212,-1,-1
212,-1,-1
212,-1,-1
212,-1,-1
212,-1,-1
212,-1,-1
212,-1,-1
212,-1,-1
212,-1,-1
212,-1,-1
212,-1,-1
212,-1,141
212,-1,53
212,0,0
212,0,0
212,0,0
212,0,0
212,0,0
212,0,0
212,0,0
212,0,0
212,0,0
212,0,0
212,0,0
212,0,0
212,0,0
212,0,0
212,0,0
212,0,0
212,0,0
212,0,0
212,1,-122
212,4,83
212,5,71
212,7,71
212,9,-162
212,12,64
212,16,146
212,28,152
212,29,-90
212,30,59
212,32,168
212,33,198
212,36,188
212,42,156
212,43,164
212,47,-91
212,53,-89
212,53,170
212,54,-67
212,56,16
212,56,46
212,59,32
212,61,177
212,62,190
212,62,212
212,63,22
212,64,27
212,73,196
212,80,210
212,82,19
212,90,186
212,91,-60
212,92,200
212,93,206
212,96,188
212,102,-55
212,110,49
212,114,-51
212,116,202
212,116,164
212,118,195
212,119,149
212,120,176
212,123,-43
212,124,-35
212,124,203
212,129,41
212,132,164
212,132,49
212,132,-49
212,136,37
212,137,61
212,141,-51
212,143,44
212,150,-38
212,150,51
212,151,61
212,152,-77
212,153,-53
212,155,-79
212,157,70
212,158,-67
212,158,-39
212,158,-37
212,161,82
212,163,-52
212,164,-39
212,165,-90
212,166,-69
212,166,-76
212,166,-83
212,167,31
212,170,64
212,171,-87
212,171,35
212,171,55
212,177,-28
212,185,93
212,187,105
212,188,72
212,195,119
212,197,77
212,199,90
212,202,116
212,204,112
212,206,76
212,207,128
212,212,124
212,216,-21
212,238,-19
212,245,-20
212,259,1
212,261,-7
212,278,21
212,300,21
212,323,20
212,334,53
213,-182,-77
213,-181,-77
213,-181,-58
213,-179,-63
213,-172,-64
213,-169,-97
213,-144,-60
213,-141,-65
213,-141,150
213,-140,144
213,-137,138
213,-128,0
213,-127,130
213,-125,125
213,-124,126
213,-123,119
213,-120,127
213,-119,-75
213,-117,114
213,-115,-67
213,-111,44
213,-111,20
213,-111,3
213,-105,-94
213,-104,-82
213,-104,28
213,-101,-22
213,-99,-66
213,-98,136
213,-94,-94
213,-92,-61
213,-90,136
213,-90,-50
213,-89,-35
213,-88,41
213,-85,63
213,-83,-49
213,-82,37
213,-79,-75
213,-77,58
213,-76,140
213,-75,44
213,-73,-43
213,-73,39
213,-71,-67
213,-71,-83
213,-69,-78
213,-65,65
213,-65,81
213,-64,72
213,-63,101
213,-62,127
213,-58,-94
213,-54,82
213,-52,46
213,-51,-63
213,-47,95
213,-45,31
213,-44,-58
213,-42,70
213,-40,44
213,-39,-60
213,-39,-102
213,-33,35
213,-31,-61
213,-30,55
213,-29,-257
213,-23,-252
213,-21,-202
213,-20,-210
213,-19,-256
213,-18,-199
213,-18,-191
213,-17,-239
213,-16,-182
213,-14,-23
213,-11,-51
213,-11,-130
213,-9,-161
213,-8,-130
213,-7,171
213,-7,204
213,-7,184
213,-5,-113
213,-5,-49
213,-2,-133
213,-2,-133
213,-2,153
213,2,-29
213,2,-167
213,2,-136
213,2,278
213,4,-170
213,4,201
213,4,287
213,5,167
213,8,159
213,9,176
213,10,280
213,11,-133
213,13,292
213,14,166
213,16,268
213,16,185
213,17,-24
213,17,165
213,17,152
213,18,267
213,19,272
213,20,182
213,20,167
213,20,-24
213,20,233
213,22,279
213,23,266
213,24,198
213,25,271
213,27,216
213,28,290
213,29,186
213,30,157
213,32,32
213,32,-134
213,36,-8
213,38,25
213,38,159
213,38,-77
213,38,178
213,39,280
213,40,165
213,41,204
213,42,-68
213,43,203
213,43,202
213,43,182
213,43,17
213,44,35
213,46,179
213,46,180
213,47,-85
213,48,153
213,48,174
213,49,196
213,50,-140
213,51,-81
213,51,190
213,54,143
213,54,-60
213,55,-29
213,56,-62
213,56,131
213,56,-40
213,56,4
213,57,-9
213,60,-35
213,62,120
213,63,60
213,67,57
213,68,57
213,70,-105
213,74,-126
213,77,-12
213,81,-112
213,82,-121
213,87,-130
213,90,-4
213,91,48
213,92,52
213,92,-126
213,95,99
213,97,58
213,98,113
213,101,108
213,104,-20
213,107,107
213,110,-18
213,112,-87
213,115,164
213,117,157
213,119,-20
213,121,-118
213,121,59
213,122,-101
213,125,-101
213,128,210
213,129,147
213,131,-123
213,131,208
213,131,-81
213,133,206
213,133,-28
213,135,-63
213,137,70
213,137,198
213,138,144
213,139,184
215,-562,2
215,-560,-89
215,-547,-12
215,-547,-55
215,-543,206
215,-540,5
215,-539,-75
215,-539,-75
215,-531,-73
215,-531,-56
215,-530,-39
215,-528,-9
215,-525,227
215,-525,3
215,-522,-64
215,-521,228
215,-518,206
215,-517,128
215,-516,242
215,-516,19
215,-514,236
215,-514,-13
215,-513,242
215,-511,39
215,-511,-65
215,-510,34
215,-509,237
215,-506,238
215,-502,31
215,-502,239
215,-502,239
215,-494,251
215,-488,234
215,-488,119
215,-487,31
215,-487,3
215,-487,4
215,-487,6
215,-486,7
215,-483,58
215,-483,253
215,-481,237
215,-481,54
215,-478,97
215,-476,236
215,-476,-5
215,-474,95
215,-472,231
215,-464,82
215,-461,78
215,-440,195
215,-438,318
215,-438,318
215,-433,110
215,-424,317
215,-424,-124
215,-421,80
215,-416,326
215,-411,-126
215,-411,82
215,-406,-126
215,-405,194
215,-405,301
215,-404,246
215,-404,-138
215,-404,-142
215,-404,-198
215,-402,65
215,-402,329
215,-402,329
215,-402,201
215,-401,302
215,-400,102
215,-399,-189
215,-397,142
215,-397,201
215,-397,259
215,-396,256
215,-395,296
215,-393,-160
215,-393,-340
215,-392,-195
215,-389,196
215,-389,245
215,-387,-195
215,-384,198
215,-384,302
215,-383,319
215,-381,307
215,-381,307
215,-377,350
215,-376,351
215,-374,92
215,-371,355
215,-368,240
215,-367,198
215,-367,-178
215,-366,351
215,-363,78
215,-363,203
215,-363,239
215,-362,-158
215,-362,77
215,-362,79
215,-362,230
215,-362,-191
215,-361,242
215,-360,349
215,-360,-167
215,-359,37
215,-359,-201
215,-358,215
215,-356,238
215,-355,177
215,-354,44
215,-354,43
215,-353,80
215,-352,190
215,-352,170
215,-347,51
215,-347,176
215,-343,-194
215,-342,160
215,-342,-100
215,-341,-101
215,-338,37
215,-332,-112
215,-330,-127
215,-329,33
215,-328,-115
215,-327,-154
215,-326,38
215,-279,-38
215,-276,-159
215,-273,-106
215,-271,-34
215,-269,-151
215,-267,-143
215,-267,-151
215,-266,-132
215,-265,-26
215,-263,-96
215,-261,-97
215,-258,-96
215,-253,-139
215,-253,-151
215,-252,-134
215,-251,-87
215,-251,-93
215,-248,-146
215,-242,-136
215,-242,-119
215,-241,-30
215,-241,-137
215,-241,-117
215,-240,-108
215,-240,-36
215,-236,-9
215,-235,-48
215,-229,-37
215,-229,-10
215,-228,-5
215,-223,254
215,-222,258
215,-216,-14
215,-210,-26
215,-203,-1
215,-201,262
215,-185,225
215,-185,224
215,-181,204
215,-181,226
215,-181,199
215,-181,-122
215,-180,-117
215,-179,247
215,-177,224
215,-176,-130
215,-169,-136
215,-169,-136
215,-161,-138
215,-159,220
215,-143,182
215,-139,-108
215,-139,-95
215,-139,-93
215,-139,182
215,-133,-100
215,-130,2
215,-119,-6
215,-116,179
215,-113,-3
215,-110,-3
215,-110,-8
215,-107,-11
215,-105,19
215,-104,-99
215,-102,138
215,-100,51
215,-100,142
215,-99,39
215,-99,-39
215,-98,149
215,-97,-46
215,-93,-101
215,-93,-52
215,-86,-100
215,-23,-58
215,-22,-119
215,-22,-218
215,-21,-220
215,-20,-124
215,-20,-123
215,-15,-221
215,-9,-138
215,0,0
215,0,0
215,0,0
215,0,0
215,0,0
215,0,0
215,0,0
215,0,0
215,0,0
215,0,0
215,0,0
215,0,0
215,0,0
215,0,0
215,0,0
215,0,0
215,0,0
215,0,0
215,0,0
215,0,0
215,0,0
215,0,0
215,0,0
215,0,0
215,0,0
215,0,0
215,0,0
215,0,0
215,0,0
215,2,-222
215,2,-62
215,4,-179
215,11,-174
215,13,-174
215,14,-60
215,15,-57
215,15,-170
215,16,-170
215,17,-56
215,17,17
215,18,17
215,20,12
215,23,22
215,24,13
215,24,16
215,49,-149
215,52,-156
215,54,-132
215,55,-141
215,58,-18
215,59,-42
215,60,-10
215,61,-4
215,61,-27
215,62,-20
215,64,-23
215,64,-23
215,66,-160
215,67,-22
215,78,-133
215,85,45
215,86,-122
215,88,40
215,91,40
215,92,-144
215,93,52
215,99,-150
215,103,37
215,116,-145
215,118,-129
215,118,43
215,120,-152
215,124,-52
215,125,-43
215,127,44
215,130,-83
215,131,-41
215,132,-9
215,132,-145
215,134,-58
215,139,-45
215,140,-151
215,140,2
215,141,-82
215,145,-54
215,148,-33
215,152,-15
215,155,-65
215,155,-57
215,156,-20
215,159,71
215,161,6
215,162,-8
215,165,-69
215,168,-212
215,168,-198
215,170,-199
215,171,-279
215,172,-258
215,172,-271
215,182,89
215,183,52
215,184,62
215,187,-211
215,188,-274
215,190,120
215,191,-230
215,192,92
215,194,-247
215,196,-269
215,198,-238
215,200,-246
215,201,-232
215,205,-251
215,206,109
215,214,-94
215,233,-243
215,243,236
215,247,217
215,256,224
215,258,205
215,264,235
215,271,219
215,271,219
215,274,210
215,274,219
215,274,218
215,275,234
215,281,174
215,286,224
215,287,202
215,289,232
215,292,231
215,294,208
215,294,214
215,297,200
215,298,218
215,301,223
215,302,229
215,307,209
215,309,233
215,309,204
215,312,216
215,320,217
215,322,-33
215,326,234
215,328,223
215,332,196
215,336,223
215,337,188
215,338,211
215,340,220
215,342,238
215,343,223
215,346,206
215,347,180
215,350,219
215,354,198
215,355,179
215,360,199
215,360,203
215,360,233
215,361,199
215,394,-56
215,397,-57
215,399,-237
215,400,-69
215,401,-217
215,401,-282
215,401,-243
215,402,-240
215,404,-204
215,404,189
215,404,-50
215,405,165
215,405,177
215,405,-47
215,406,156
215,407,-244
215,407,-47
215,407,-48
215,407,-187
215,409,-202
215,411,4
215,411,13
215,414,199
215,415,64
215,416,186
215,418,41
215,418,162
215,419,65
215,419,-240
215,420,16
215,421,-156
215,421,-242
215,422,168
215,422,14
215,423,-243
215,424,41
215,424,149
215,425,-194
215,426,68
215,426,67
215,426,169
215,428,-154
215,428,191
215,428,193
215,429,-196
215,430,-166
215,431,32
215,433,75
215,434,184
215,434,-189
215,435,74
215,436,-184
215,437,-187
215,437,4
215,439,78
215,439,86
215,439,156
215,439,21
215,440,126
215,440,-179
215,440,165
215,446,133
215,446,140
215,451,127
215,451,115
215,456,-16
215,459,132
215,467,-32
215,468,-26
215,471,-29
215,471,-28
215,473,-40
215,481,39
215,511,-150
215,511,-150
215,511,-165
215,511,-163
215,512,-83
215,513,-72
215,514,-135
215,514,-158
215,515,-135
215,515,-135
215,516,-153
215,516,-153
215,516,-61
215,518,-112
215,518,-153
215,519,-72
215,521,-76
215,523,-172
215,523,-159
215,524,-126
215,524,-119
215,524,-70
215,528,-66
215,528,-64
215,528,-72
215,530,-22
215,531,44
215,540,-31
215,541,41
215,553,-29
215,553,24
215,555,3
215,560,6
215,561,-33
216,-469,361
216,-322,178
216,-319,192
216,-316,206
216,-315,188
216,-310,174
216,-297,164
216,-292,168
216,-285,201
216,-281,152
216,-275,175
216,-270,182
216,-269,161
216,-268,188
216,-268,164
216,-264,154
216,-254,198
216,-248,196
216,-246,179
216,-240,199
216,-239,203
216,-232,190
216,-231,184
216,-226,117
216,-224,118
216,-214,160
216,-210,113
216,-199,145
216,-199,77
216,-198,119
216,-198,160
216,-198,146
216,-194,128
216,-192,145
216,-191,91
216,-187,142
216,-186,129
216,-183,117
216,-179,82
216,-172,89
216,-167,100
216,-167,102
216,-166,122
216,-163,80
216,-163,108
216,-160,638
216,-157,117
216,-156,613
216,-156,116
216,-154,627
216,-152,608
216,-150,603
216,-148,118
216,-148,650
216,-146,-316
216,-145,110
216,-145,638
216,-132,633
216,-117,587
216,-115,563
216,-112,673
216,-110,591
216,-107,677
216,-104,672
216,-103,593
216,-101,653
216,-99,587
216,-95,557
216,-93,650
216,-92,650
216,-92,658
216,-89,579
216,-86,598
216,-77,11
216,-77,1
216,-76,37
216,-75,38
216,-73,22
216,-72,666
216,-72,678
216,-69,36
216,-59,675
216,-59,510
216,-57,545
216,-54,8
216,-54,662
216,-52,38
216,-50,541
216,-50,526
216,-49,548
216,-49,25
216,-47,648
216,-46,674
216,-45,672
216,-42,26
216,-41,666
216,-39,300
216,-39,673
216,-39,536
216,-38,-1
216,-37,21
216,-36,643
216,-35,544
216,-35,536
216,-34,501
216,-34,282
216,-32,32
216,-31,311
216,-30,482
216,-29,288
216,-28,295
216,-25,1
216,-22,503
216,-22,312
216,-22,656
216,-20,9
216,-20,282
216,-17,635
216,-15,529
216,-15,-8
216,-14,-8
216,-13,29
216,-13,-26
216,-11,640
216,-10,-18
216,-9,296
216,-8,-30
216,-4,449
216,-3,-38
216,-3,280
216,-2,-17
216,-2,280
216,-1,576
216,-1,584
216,-0,366
216,-0,330
216,0,-50
216,0,-34
216,0,0
216,0,0
216,0,0
216,0,0
216,0,0
216,0,0
216,0,0
216,0,0
216,1,294
216,1,1
216,1,1
216,1,1
216,1,1
216,1,1
216,1,1
216,1,1
216,1,1
216,1,1
216,1,1
216,1,331
216,2,-40
216,3,316
216,4,-26
216,5,330
216,6,441
216,6,497
216,6,330
216,7,558
216,8,498
216,8,438
216,8,562
216,10,494
216,10,574
216,10,575
216,13,464
216,14,284
216,14,-50
216,14,353
216,15,344
216,15,282
216,16,354
216,21,350
216,21,350
216,23,459
216,26,32
216,26,32
216,26,349
216,29,349
216,29,487
216,29,563
216,30,322
216,32,278
216,32,344
216,33,446
216,33,456
216,36,348
216,38,534
216,38,321
216,39,520
216,39,63
216,40,564
216,40,335
216,41,-103
216,41,81
216,42,14
216,43,-92
216,43,626
216,43,284
216,43,536
216,44,282
216,44,24
216,45,313
216,45,532
216,45,288
216,46,76
216,49,-83
216,49,15
216,50,559
216,50,283
216,51,314
216,52,-125
216,53,40
216,54,520
216,54,3
216,55,521
216,56,560
216,57,554
216,58,-119
216,58,-36
216,59,-56
216,64,-80
216,65,549
216,69,56
216,69,56
216,69,541
216,70,-125
216,71,-90
216,72,-82
216,74,-102
216,76,520
216,78,-107
216,79,100
216,82,518
216,82,43
216,83,40
216,84,106
216,85,99
216,86,57
216,86,541
216,88,-32
216,90,48
216,92,98
216,95,-70
216,95,42
216,98,52
216,99,-90
216,99,519
216,99,29
216,101,-47
216,102,-97
216,103,-46
216,104,60
216,108,524
216,109,-102
216,109,-79
216,110,-42
216,112,-86
216,113,63
216,113,115
216,114,-93
216,121,-120
216,140,521
216,141,126
216,151,601
216,165,246
216,180,258
216,181,271
216,183,147
216,186,259
216,186,147
216,188,269
216,190,358
216,190,152
216,191,238
216,192,152
216,193,110
216,194,231
216,194,519
216,195,496
216,195,507
216,199,338
216,200,519
216,200,250
216,201,367
216,202,508
216,203,196
216,205,502
216,205,166
216,205,231
216,205,357
216,205,183
216,207,280
216,207,237
216,208,481
216,208,490
216,209,321
216,211,474
216,212,480
216,214,487
216,217,303
216,218,241
216,220,179
216,220,334
216,220,160
216,223,162
216,224,173
216,225,304
216,225,482
216,225,315
216,226,486
216,227,210
216,228,219
216,229,319
216,230,295
216,231,205
216,231,194
216,231,294
216,233,469
216,233,472
216,234,461
216,235,305
216,235,305
216,236,325
216,236,152
216,237,152
216,238,477
216,239,418
216,239,151
216,241,305
216,241,305
216,241,305
216,241,413
216,242,201
216,247,149
216,248,149
216,251,361
216,253,380
216,253,359
216,255,284
216,255,400
216,257,367
216,258,389
216,258,-324
216,258,368
216,259,388
216,259,-321
216,260,388
216,261,139
216,261,368
216,262,-333
216,262,139
216,262,380
216,262,394
216,264,208
216,265,407
216,266,369
216,267,140
216,268,-333
216,268,202
216,269,137
216,271,137
216,272,135
216,273,362
216,273,130
216,274,142
216,274,140
216,274,142
216,274,173
216,274,-343
216,274,181
216,274,141
216,275,139
216,275,178
216,275,146
216,276,172
216,276,-353
216,276,144
216,276,175
216,276,145
216,276,164
216,277,-329
216,277,144
216,277,145
216,277,165
216,278,182
216,278,168
216,278,157
216,278,164
216,278,165
216,278,158
216,279,159
216,280,143
216,280,160
216,280,160
216,280,159
216,281,143
216,282,-387
216,283,-359
216,283,-376
216,284,-339
216,285,372
216,286,-319
216,287,-377
216,287,-376
216,289,-332
216,290,193
216,292,373
216,298,-330
216,299,367
216,299,-353
216,301,368
216,304,366
216,308,-338
216,309,-396
216,309,-323
216,311,-342
216,312,-363
216,312,-319
216,313,-384
216,315,-379
216,318,-351
216,320,-377
216,321,-355
216,321,-333
216,346,-437
216,362,-434
216,362,-429
216,366,-453
216,379,-440
216,382,-440
216,383,-392
216,384,-439
216,389,-418
216,397,-387
216,399,-452
216,401,-369
216,401,-451
216,402,-357
216,406,-433
216,406,53
216,407,71
216,407,-358
216,409,-384
216,412,50
216,414,-450
216,416,-369
216,417,38
216,417,-340
216,417,77
216,418,-338
216,418,-371
216,419,-439
216,419,-328
216,423,-365
216,426,-427
216,428,-376
216,429,193
216,429,240
216,429,-346
216,429,-338
216,430,-333
216,430,287
216,431,-447
216,434,189
216,435,64
216,435,233
216,435,54
216,435,-324
216,436,263
216,438,293
216,440,92
216,440,-401
216,441,-427
216,441,84
216,441,-341
216,442,49
216,442,-412
216,443,-369
216,443,-369
216,444,244
216,444,159
216,445,159
216,447,191
216,448,180
216,449,64
216,449,64
216,450,135
216,450,-412
216,453,201
216,454,158
216,455,274
216,455,-426
216,455,287
216,456,-405
216,458,-353
216,460,-337
216,460,75
216,461,-415
216,461,89
216,462,-410
216,464,198
216,468,77
216,469,-337
216,469,77
216,471,255
216,472,256
216,473,311
216,473,-406
216,478,-332
216,479,254
216,479,313
216,480,137
216,481,189
216,483,186
216,483,91
216,484,334
216,484,82
216,486,-331
216,486,233
216,487,235
216,491,201
216,492,322
216,494,317
216,494,86
216,495,-291
216,498,317
216,499,311
216,503,320
216,505,202
216,506,255
216,510,198
216,511,310
216,513,-305
216,514,246
216,514,-384
216,515,268
216,516,246
216,516,258
216,519,-387
216,520,-342
216,520,-268
216,521,-285
216,524,-367
216,528,-388
216,531,-325
216,532,65
216,532,-393
216,533,-335
216,533,-280
216,537,-317
216,544,-375
216,545,-308
216,545,-368
216,546,-284
216,547,-325
216,548,-360
216,549,-319
216,551,-337
216,558,-331
216,647,-502
216,648,-501
216,649,-490
216,654,-496
216,662,-483
216,664,-486
216,678,-475
216,679,-477
216,680,-463
216,684,-471
216,686,-471
216,697,-457
216,706,-476
216,706,-456
216,706,-443
216,707,-462
216,710,-449
216,710,-485
216,719,-486
216,735,-474
216,737,-479
216,738,-480
216,741,-472
216,742,-489
216,754,-486
216,759,-513
216,763,-499
217,-643,-414
217,-640,-444
217,-637,-425
217,-635,-465
217,-634,-476
217,-633,-423
217,-629,-465
217,-622,-451
217,-620,-448
217,-620,-419
217,-618,-418
217,-607,-443
217,-602,-445
217,-601,-446
217,-596,-441
217,-589,-421
217,-588,-436
217,-573,-476
217,-572,-437
217,-571,-570
217,-571,-554
217,-563,-477
217,-563,-445
217,-555,-466
217,-555,-564
217,-550,-474
217,-540,-464
217,-519,-452
217,-508,-453
217,-507,-446
217,-507,168
217,-504,-446
217,-503,170
217,-499,169
217,-497,-471
217,-495,162
217,-493,-439
217,-491,-486
217,-490,165
217,-488,-507
217,-488,477
217,-485,-472
217,-484,-503
217,-484,164
217,-483,-449
217,-482,-472
217,-481,636
217,-481,634
217,-480,170
217,-479,-302
217,-479,204
217,-479,490
217,-478,-521
217,-478,204
217,-477,-508
217,-476,226
217,-475,-280
217,-474,-367
217,-473,589
217,-473,-305
217,-472,-596
217,-471,-319
217,-471,203
217,-471,-354
217,-468,-298
217,-468,-345
217,-468,-444
217,-468,618
217,-465,219
217,-457,235
217,-455,-361
217,-454,527
217,-453,202
217,-451,-322
217,-451,236
217,-451,-341
217,-450,229
217,-450,255
217,-449,614
217,-449,-343
217,-449,518
217,-447,-323
217,-446,613
217,-443,-322
217,-442,201
217,-441,-299
217,-440,630
217,-439,-314
217,-438,200
217,-438,-310
217,-438,519
217,-438,-314
217,-436,-335
217,-436,584
217,-436,-332
217,-435,-351
217,-433,200
217,-429,523
217,-429,212
217,-427,625
217,-426,202
217,-420,529
217,-420,636
217,-417,538
217,-417,627
217,-416,615
217,-414,616
217,-412,595
217,-409,537
217,-408,585
217,-408,633
217,-403,531
217,-403,631
217,-400,357
217,-399,539
217,-399,627
217,-399,541
217,-398,518
217,-397,196
217,-396,614
217,-394,538
217,-393,548
217,-393,588
217,-390,542
217,-389,351
217,-386,614
217,-385,367
217,-383,595
217,-380,594
217,-380,365
217,-378,605
217,-370,369
217,-367,301
217,-367,604
217,-363,293
217,-362,-630
217,-361,334
217,-359,-663
217,-359,335
217,-356,307
217,-355,306
217,-355,312
217,-354,338
217,-354,335
217,-353,278
217,-353,339
217,-353,304
217,-350,-681
217,-350,-639
217,-349,-668
217,-347,-643
217,-344,-624
217,-344,-618
217,-344,-616
217,-343,-644
217,-339,269
217,-336,281
217,-335,289
217,-328,285
217,-325,-666
217,-324,-358
217,-320,-705
217,-320,-602
217,-320,-706
217,-319,-720
217,-318,-678
217,-318,-678
217,-317,-247
217,-314,-346
217,-313,-318
217,-312,-704
217,-312,-697
217,-312,-706
217,-310,-582
217,-308,-249
217,-308,-595
217,-308,-323
217,-308,-348
217,-305,-598
217,-301,596
217,-300,-605
217,-300,-241
217,-296,-250
217,-295,-271
217,-291,-244
217,-289,-615
217,-289,-280
217,-288,588
217,-287,-608
217,-286,581
217,-285,-600
217,-285,-288
217,-283,-354
217,-283,488
217,-281,490
217,-281,522
217,-281,517
217,-280,-278
217,-279,-713
217,-278,-367
217,-277,517
217,-277,-187
217,-276,558
217,-276,-362
217,-276,580
217,-276,-181
217,-275,-608
217,-274,-147
217,-274,-192
217,-273,535
217,-272,-288
217,-268,570
217,-268,-605
217,-267,572
217,-263,-594
217,-261,-135
217,-261,568
217,-259,-185
217,-259,538
217,-257,-128
217,-256,-624
217,-255,517
217,-254,-688
217,-253,-196
217,-251,525
217,-251,-206
217,-251,515
217,-248,493
217,-248,-639
217,-247,-602
217,-246,-680
217,-246,-625
217,-246,-191
217,-245,-684
217,-243,-184
217,-243,523
217,-242,488
217,-242,-680
217,-242,485
217,-242,-672
217,-242,-681
217,-241,533
217,-240,-166
217,-240,-138
217,-238,-717
217,-238,-151
217,-238,-183
217,-236,-690
217,-231,-16
217,-229,-1
217,-227,-43
217,-223,-670
217,-222,-668
217,-220,-11
217,-218,7
217,-218,-192
217,-217,-13
217,-214,-593
217,-213,-205
217,-211,-682
217,-203,-26
217,-203,-6
217,-202,-280
217,-202,-204
217,-202,64
217,-201,-295
217,-201,-265
217,-199,-678
217,-197,-678
217,-196,-664
217,-195,72
217,-195,27
217,-194,-189
217,-190,-674
217,-190,65
217,-188,65
217,-188,63
217,-180,-24
217,-178,-34
217,-174,-204
217,-170,-357
217,-169,16
217,-169,-355
217,-168,-365
217,-168,10
217,-167,-197
217,-166,-347
217,-166,-198
217,-166,-197
217,-165,-196
217,-163,21
217,-162,74
217,-162,73
217,-158,118
217,-157,88
217,-157,104
217,-157,-16
217,-156,-353
217,-154,-1
217,-142,-352
217,-134,-293
217,-129,-267
217,-128,-265
217,-127,-270
217,-126,-266
217,-123,-288
217,-123,-283
217,-121,-339
217,-119,-247
217,-117,481
217,-116,-251
217,-115,-349
217,-114,-330
217,-114,-282
217,-114,-313
217,-114,476
217,-113,-310
217,-113,-303
217,-112,-326
217,-112,-340
217,-111,-275
217,-108,-323
217,-108,-292
217,-107,-258
217,-105,-290
217,-92,479
217,-86,482
217,-85,472
217,-82,512
217,-81,512
217,-81,544
217,-79,543
217,-77,529
217,-75,536
217,-75,510
217,-75,505
217,-73,473
217,-73,468
217,-72,533
217,-71,543
217,-67,508
217,-67,488
217,-63,488
217,-61,513
217,-57,473
217,-55,249
217,-48,525
217,-47,510
217,-45,244
217,-45,252
217,-45,267
217,-37,258
217,-36,257
217,-36,508
217,-33,242
217,-31,282
217,-28,267
217,-15,273
217,-12,267
217,-9,-207
217,-7,270
217,-5,270
217,0,0
217,0,0
217,0,0
217,0,0
217,0,0
217,0,0
217,0,0
217,0,0
217,0,0
217,1,1
217,1,1
217,1,1
217,1,1
217,1,1
217,1,1
217,1,1
217,1,1
217,1,1
217,1,1
217,3,-123
217,4,267
217,9,281
217,11,39
217,12,-115
217,14,-114
217,16,-114
217,17,-114
217,21,-112
217,22,-110
217,24,-109
217,24,-109
217,25,-112
217,26,-106
217,27,-107
217,28,46
217,30,-105
217,31,-101
217,31,-105
217,34,68
217,36,-91
217,36,-99
217,37,-92
217,37,-98
217,38,-89
217,38,-91
217,42,-90
217,42,-94
217,42,-86
217,43,-87
217,43,-90
217,44,-93
217,49,-78
217,50,-81
217,51,41
217,52,-76
217,57,45
217,57,40
217,61,79
217,69,-61
217,77,-467
217,79,-440
217,82,-427
217,86,-406
217,88,73
217,89,-459
217,96,-425
217,97,-424
217,100,-450
217,101,11
217,101,-444
217,101,14
217,101,13
217,102,14
217,102,13
217,102,9
217,102,10
217,102,10
217,103,-423
217,104,-401
217,107,-480
217,109,-407
217,109,-502
217,115,-423
217,115,-399
217,115,-482
217,116,-547
217,116,-501
217,118,-482
217,119,-533
217,119,-441
217,120,-487
217,120,-551
217,124,-447
217,124,-533
217,124,-438
217,125,-468
217,125,107
217,126,108
217,130,-514
217,131,-518
217,136,-475
217,138,-530
217,139,-477
217,140,-471
217,141,-482
217,147,116
217,148,282
217,153,207
217,153,277
217,154,274
217,155,-498
217,169,244
217,170,276
217,170,272
217,173,275
217,174,269
217,174,282
217,178,251
217,178,246
217,182,242
217,187,281
217,196,262
217,207,244
217,217,242
217,244,240
217,312,420
217,319,423
217,325,423
217,327,385
217,331,430
217,337,401
217,337,406
217,338,429
217,339,372
217,341,376
217,345,381
217,349,422
217,353,376
217,359,427
217,367,363
217,370,371
217,375,391
217,376,392
217,379,418
217,382,372
217,384,388
217,385,372
217,394,386
217,398,377
217,402,417
217,402,391
217,402,406
217,403,375
217,403,390
217,404,385
217,406,428
218,-878,-525
218,-836,-484
218,-834,-474
218,-830,-465
218,-821,-400
218,-818,-409
218,-812,-728
218,-811,-716
218,-810,-704
218,-810,-372
218,-810,-720
218,-809,-484
218,-808,-456
218,-807,-435
218,-806,-642
218,-805,-512
218,-805,-505
218,-804,-643
218,-801,-368
218,-801,-366
218,-800,-625
218,-800,-646
218,-794,-627
218,-793,-654
218,-793,-654
218,-793,-657
218,-792,-407
218,-792,-476
218,-788,-460
218,-787,-627
218,-786,-659
218,-784,-416
218,-784,-510
218,-783,-637
218,-781,-630
218,-781,-464
218,-779,-615
218,-775,-596
218,-775,-512
218,-774,-730
218,-761,-697
218,-761,-660
218,-761,-352
218,-760,-400
218,-748,-715
218,-746,-730
218,-740,-696
218,-736,-400
218,-732,-398
218,-731,-394
218,-727,-718
218,-726,-707
218,-724,-417
218,-723,-707
218,-720,-682
218,-705,-633
218,-703,-607
218,-701,-573
218,-699,-605
218,-694,-604
218,-690,-637
218,-688,-330
218,-688,-562
218,-688,-610
218,-686,-628
218,-685,-625
218,-677,-564
218,-667,-336
218,-665,-351
218,-661,-636
218,-659,-603
218,-658,-650
218,-657,-344
218,-657,-637
218,-654,-353
218,-654,-347
218,-653,-285
218,-652,-610
218,-651,-641
218,-648,-345
218,-635,-299
218,-635,-279
218,-634,-282
218,-629,-570
218,-629,-266
218,-628,-372
218,-625,-586
218,-624,-307
218,-623,-307
218,-622,-565
218,-622,-583
218,-619,-606
218,-618,-315
218,-618,-327
218,-616,-294
218,-615,-315
218,-614,-314
218,-614,-336
218,-612,-352
218,-611,-398
218,-610,-302
218,-609,-305
218,-608,-306
218,-607,-327
218,-606,-581
218,-606,-354
218,-600,-586
218,-600,-353
218,-599,-367
218,-593,-314
218,-565,160
218,-555,-35
218,-555,-439
218,-548,-434
218,-548,-31
218,-535,62
218,-532,-502
218,-530,-31
218,-530,227
218,-528,35
218,-519,197
218,-514,-63
218,-514,94
218,-513,187
218,-512,69
218,-511,-438
218,-509,104
218,-507,-513
218,-506,105
218,-505,222
218,-502,236
218,-502,-24
218,-501,123
218,-501,114
218,-499,-482
218,-497,113
218,-492,-613
218,-490,281
218,-486,201
218,-484,-33
218,-484,181
218,-483,-477
218,-482,65
218,-479,-13
218,-477,234
218,-475,-475
218,-474,289
218,-470,182
218,-468,29
218,-466,38
218,-465,256
218,-460,74
218,-453,94
218,-450,71
218,-448,-520
218,-444,238
218,-441,-44
218,-439,138
218,-439,208
218,-427,-571
218,-424,184
218,-424,-544
218,-424,-538
218,-422,186
218,-422,256
218,-421,-556
218,-419,259
218,-419,-535
218,-409,-295
218,-409,-35
218,-405,-44
218,-404,118
218,-404,282
218,-400,97
218,-399,-528
218,-397,-79
218,-397,-38
218,-395,89
218,-393,-558
218,-390,-32
218,-387,-432
218,-382,-431
218,-380,-81
218,-378,-430
218,-375,-89
218,-372,-404
218,-370,-68
218,-366,-405
218,-365,-382
218,-365,-396
218,-363,-385
218,-360,-378
218,-359,-379
218,-356,-439
218,-356,-442
218,-355,-33
218,-354,-60
218,-354,-454
218,-354,-387
218,-342,-437
218,-340,-566
218,-331,-450
218,-325,-465
218,-322,-581
218,-319,-468
218,-307,307
218,-301,-471
218,-298,-483
218,-296,-483
218,-294,-487
218,-289,-618
218,-278,-611
218,-272,-478
218,-270,-294
218,-268,-321
218,-264,-606
218,-262,-328
218,-262,-610
218,-259,-339
218,-259,-300
218,-255,-496
218,-253,-665
218,-253,-509
218,-251,-632
218,-249,-625
218,-249,-509
218,-243,-324
218,-242,-666
218,-240,-665
218,-240,-632
218,-238,-647
218,-237,-322
218,-237,-387
218,-234,247
218,-230,-523
218,-226,-330
218,-225,-339
218,-224,-688
218,-220,169
218,-220,-394
218,-218,225
218,-217,288
218,-215,-654
218,-214,232
218,-213,-360
218,-207,-676
218,-205,-337
218,-200,353
218,-200,-323
218,-198,-389
218,-197,329
218,-196,-403
218,-194,-665
218,-192,-688
218,-191,-666
218,-189,-670
218,-189,-670
218,-184,177
218,-182,295
218,-180,-404
218,-179,-378
218,-178,251
218,-177,251
218,-168,331
218,-166,-352
218,-163,223
218,-154,-200
218,-141,-448
218,-138,-396
218,-138,254
218,-138,256
218,-137,-162
218,-132,-161
218,-130,323
218,-128,-176
218,-128,-405
218,-127,-177
218,-125,-180
218,-125,-212
218,-122,247
218,-121,-416
218,-119,301
218,-114,278
218,-113,-219
218,-112,-449
218,-105,-161
218,-96,-197
218,-95,-252
218,-91,-152
218,-85,-203
218,-79,-238
218,-76,-236
218,-74,-163
218,-71,398
218,-58,119
218,-55,-161
218,-52,-191
218,-37,-167
218,-36,-164
218,0,0
218,0,0
218,0,0
218,0,0
218,0,0
218,0,0
218,0,0
218,0,0
218,0,0
218,1,1
218,1,1
218,1,1
218,1,1
218,1,1
218,1,1
218,1,1
218,1,1
218,1,1
218,1,1
218,3,211
218,10,202
218,13,200
218,24,181
218,25,121
218,25,194
218,37,-83
218,43,-240
218,48,20
218,50,-119
218,52,138
218,53,251
218,53,169
218,57,174
218,60,252
218,64,253
218,72,165
218,72,-3
218,73,287
218,75,271
218,76,-111
218,77,-169
218,81,-157
218,81,158
218,81,-80
218,87,188
218,88,-128
218,93,147
218,95,-140
218,102,-151
218,103,-155
218,106,-232
218,107,-162
218,108,44
218,108,185
218,113,-191
218,114,205
218,114,59
218,115,-157
218,118,48
218,124,24
218,125,-209
218,126,32
218,126,-11
218,129,27
218,131,-239
218,134,12
218,137,-73
218,144,-8
218,149,46
218,150,-281
218,152,-288
218,153,-223
218,153,-223
218,153,-235
218,155,8
218,160,-18
218,162,-276
218,165,2
218,167,-29
218,167,-20
218,169,-36
218,173,-237
218,192,228
218,194,-31
218,195,26
218,197,-37
218,200,19
218,204,41
218,207,3
218,208,45
218,212,-4
218,445,196
218,450,185
218,454,205
218,464,160
218,466,179
218,469,162
218,469,163
218,474,163
218,479,3
218,482,166
218,483,215
218,497,234
218,500,-0
218,507,8
218,516,233
218,517,-0
218,525,172
218,526,290
218,527,196
218,538,220
218,540,33
218,545,21
218,545,169
218,557,-18
218,557,-36
218,564,212
218,566,231
218,567,-45
218,569,-3
218,574,248
218,578,232
218,580,-37
218,580,-75
218,582,-16
218,591,232
218,591,248
218,592,-75
218,595,-117
218,596,38
218,601,37
218,601,37
218,602,233
218,610,-82
218,612,35
218,613,246
218,615,27
218,619,-51
218,625,68
218,636,-113
218,639,-92
218,643,71
218,645,-69
218,649,77
220,-8,16
220,-8,12
220,-8,5
220,-8,5
220,-7,5
220,-0,3
220,1,1
220,1,1
220,1,1
220,1,1
220,1,1
220,1,13
220,1,21
220,3,4
220,5,17
221,-8,13
221,-4,17
221,-0,6
221,0,18
221,1,1
221,1,1
221,1,1
221,1,1
221,1,1
221,3,4
221,8,5
221,8,8
221,8,13
221,8,13
222,-580,540
222,-251,-237
222,-237,-242
222,-232,-216
222,-232,-216
222,-224,-224
222,-224,-224
222,-192,-704
222,-183,-712
222,0,0
222,0,0
222,0,0
222,0,0
222,0,0
222,0,0
222,0,0
222,0,0
222,0,0
222,0,0
222,0,0
222,0,0
222,0,0
222,0,0
222,0,0
222,0,0
222,0,0
222,0,0
222,0,0
222,0,0
222,0,0
222,0,0
222,0,0
222,0,0
222,0,0
222,0,0
222,0,0
222,0,0
222,0,0
222,0,0
222,1,1
222,1,1
222,1,1
222,1,1
222,1,1
222,1,1
222,1,1
222,1,1
222,1,1
227,-8,11
227,-8,8
227,-8,4
227,-6,-14
227,-4,9
227,-2,3
227,-1,21
227,-1,23
227,0,7
227,0,14
227,1,1
227,1,1
227,1,1
227,1,1
227,1,1
227,1,13
227,2,21
227,7,18
228,-7,7
228,-4,18
228,-4,2
228,-3,14
228,-0,4
228,1,1
228,1,1
228,1,1
228,1,1
228,1,1
228,2,10
228,5,10
228,7,11
228,8,17
228,8,19
228,9,3
228,9,13
253,-635,-36
253,-625,-13
253,-617,-28
253,-617,-15
253,-616,-62
253,-613,0
253,-605,-61
253,-601,-12
253,-598,-86
253,-597,-49
253,-594,-25
253,-594,-24
253,-589,-112
253,-588,-71
253,-588,-15
253,-572,12
253,-569,-110
253,-562,32
253,-549,-45
253,-549,19
253,-546,4
253,-541,-99
253,-534,-87
253,-534,-1
253,-533,23
253,-532,-119
253,-518,-88
253,-513,-114
253,-506,-101
253,-503,5
253,-500,11
253,-490,-65
253,-484,-85
253,-481,-2
253,-480,-81
253,-476,-33
253,-475,-17
253,-473,-67
253,-472,-64
253,-470,-19
253,-468,-77
253,-460,-49
253,-456,-54
253,-454,-18
253,-441,-83
253,-439,-76
253,-434,-45
253,-361,352
253,-359,-18
253,-341,-10
253,-332,346
253,-332,361
253,-332,377
253,-329,4
253,-328,-83
253,-326,425
253,-326,427
253,-324,419
253,-320,-18
253,-319,-35
253,-317,20
253,-315,484
253,-314,417
253,-313,392
253,-313,454
253,-311,464
253,-310,0
253,-305,-1
253,-304,447
253,-302,470
253,-301,-1
253,-301,11
253,-299,-15
253,-298,-94
253,-298,0
253,-296,-17
253,-296,355
253,-294,-135
253,-294,370
253,-294,485
253,-293,393
253,-293,459
253,-289,392
253,-287,470
253,-287,470
253,-287,-78
253,-287,-98
253,-286,-18
253,-284,18
253,-282,-21
253,-282,-90
253,-281,268
253,-281,-104
253,-280,375
253,-279,-107
253,-278,-94
253,-278,-401
253,-278,-139
253,-277,395
253,-277,-20
253,-276,20
253,-273,-17
253,-272,-247
253,-272,484
253,-270,-100
253,-270,487
253,-270,-155
253,-269,0
253,-267,-398
253,-266,-69
253,-266,16
253,-265,482
253,-265,-142
253,-265,426
253,-262,-18
253,-262,-8
253,-261,-351
253,-261,-14
253,-259,8
253,-258,-129
253,-258,-128
253,-258,-91
253,-255,0
253,-254,459
253,-249,-401
253,-248,488
253,-248,-403
253,-248,371
253,-247,463
253,-247,-301
253,-246,-288
253,-246,-141
253,-246,-22
253,-246,373
253,-246,-284
253,-245,-243
253,-245,53
253,-245,-20
253,-243,-362
253,-243,383
253,-243,-362
253,-243,113
253,-241,-303
253,-241,113
253,-240,-23
253,-240,469
253,-239,-351
253,-238,-298
253,-237,111
253,-237,369
253,-237,282
253,-236,470
253,-236,59
253,-235,335
253,-234,338
253,-233,332
253,-232,73
253,-231,-359
253,-231,-140
253,-231,-62
253,-231,50
253,-230,-238
253,-230,-18
253,-229,137
253,-229,69
253,-229,152
253,-227,-233
253,-226,-325
253,-224,106
253,-223,330
253,-221,-186
253,-221,-186
253,-220,-59
253,-219,93
253,-219,-159
253,-219,-115
253,-219,-41
253,-219,-36
253,-218,-332
253,-218,-150
253,-217,-138
253,-216,343
253,-215,131
253,-215,-60
253,-215,-60
253,-213,-336
253,-213,-283
253,-213,-290
253,-212,-278
253,-212,122
253,-212,449
253,-211,342
253,-211,149
253,-209,-286
253,-209,-369
253,-208,-339
253,-208,-347
253,-207,-330
253,-204,92
253,-204,-59
253,-202,285
253,-202,381
253,-201,-101
253,-201,-256
253,-201,91
253,-199,-59
253,-199,155
253,-199,170
253,-198,-364
253,-198,374
253,-198,140
253,-196,276
253,-194,168
253,-193,95
253,-193,-264
253,-190,287
253,-190,118
253,-189,-58
253,-188,-346
253,-186,-359
253,-186,-64
253,-186,-261
253,-185,292
253,-185,-270
253,-182,-271
253,-181,-94
253,-181,-73
253,-180,-79
253,-179,359
253,-179,400
253,-179,-126
253,-179,-92
253,-178,-102
253,-178,105
253,-177,-113
253,-175,390
253,-175,-141
253,-171,380
253,-162,393
253,-161,118
253,-161,404
253,-160,122
253,-157,115
253,-156,-362
253,-155,397
253,-154,121
253,-120,5
253,-116,-1
253,-109,45
253,-108,4
253,-105,37
253,-105,37
253,-104,49
253,-100,21
253,-84,65
253,-78,28
253,-77,-3
253,-76,63
253,-61,30
253,-54,79
253,-34,30
253,-33,31
253,-23,-4
253,-17,21
253,-17,71
253,-12,12
253,-10,56
253,-7,495
253,0,0
253,0,0
253,0,0
253,0,0
253,0,0
253,0,0
253,0,0
253,0,0
253,0,0
253,0,0
253,0,0
253,0,0
253,0,0
253,0,0
253,0,0
253,0,0
253,0,0
253,1,524
253,6,27
253,13,470
253,20,476
253,44,486
253,45,489
253,45,481
253,63,445
253,68,515
253,68,506
253,69,435
253,70,513
253,72,525
253,77,435
253,77,511
253,79,512
253,81,508
253,82,457
253,83,478
253,92,516
253,145,471
253,161,472
253,175,472
253,177,481
253,179,499
253,181,457
253,201,423
253,201,423
253,203,501
253,207,423
253,214,422
253,216,465
253,222,404
253,224,-323
253,225,501
253,225,405
253,227,461
253,228,416
253,229,495
253,232,-365
253,236,-338
253,238,448
253,238,-358
253,243,505
253,243,506
253,244,448
253,244,453
253,244,463
253,265,-336
253,267,479
253,268,515
253,273,-381
253,285,511
253,285,-393
253,290,-342
253,293,-339
253,293,-341
253,294,-373
253,296,-363
253,296,-371
253,306,-383
253,325,-374
253,335,-358
253,337,-277
253,341,-368
253,341,-365
253,344,-260
253,352,-395
253,352,-374
253,352,-267
253,355,-376
253,359,-184
253,359,-216
253,361,-363
253,362,-268
253,370,-279
253,370,-357
253,371,-372
253,377,-263
253,387,-339
253,388,-310
253,390,-185
253,396,172
253,403,-208
253,404,-112
253,409,163
253,416,-184
253,417,-96
253,422,163
253,424,-184
253,429,-153
253,429,257
253,431,236
253,432,-424
253,433,145
253,438,265
253,440,142
253,440,296
253,441,323
253,446,-172
253,452,208
253,457,310
253,457,313
253,462,216
253,462,310
253,463,275
253,464,233
253,467,110
253,467,157
253,468,237
253,470,128
253,473,179
253,475,281
253,475,242
253,476,220
253,478,243
253,480,92
253,488,182
253,489,296
253,496,85
253,497,293
253,498,307
253,499,278
253,502,148
253,510,232
253,510,254
253,516,306
253,518,228
253,518,83
253,520,211
253,521,95
253,525,294
253,525,143
253,530,134
253,536,104
253,536,104
253,539,134
253,540,154
253,556,44
253,557,106
253,558,109
253,560,69
253,562,150
253,563,148
253,563,70
253,563,70
253,566,111
253,569,144
253,570,101
253,574,109
253,578,72
253,579,64
253,579,88
253,579,84
253,591,66
253,594,74
253,594,88
254,-600,179
254,-600,129
254,-599,157
254,-582,138
254,-579,152
254,-568,138
254,-563,158
254,-560,155
254,-552,138
254,-543,232
254,-540,228
254,-533,163
254,-516,272
254,-515,281
254,-515,199
254,-508,254
254,-494,173
254,-493,160
254,-487,211
254,-471,182
254,-458,152
254,-453,185
254,-452,221
254,-447,136
254,-447,156
254,-442,161
254,-441,130
254,-440,-612
254,-431,210
254,-425,166
254,-424,127
254,-424,172
254,-421,176
254,-416,184
254,-413,191
254,-399,-607
254,-398,-559
254,-397,-612
254,-397,-594
254,-394,-531
254,-394,-549
254,-388,-626
254,-387,-565
254,-371,-532
254,-367,-634
254,-360,-619
254,-359,-535
254,-358,-584
254,-333,-513
254,-320,-546
254,-317,-494
254,-298,-480
254,-293,-550
254,-290,-521
254,-289,-679
254,-288,-539
254,-268,-712
254,-268,-501
254,-256,-713
254,-254,-434
254,-254,-461
254,-254,-700
254,-249,-705
254,-248,-465
254,-245,-744
254,-244,-705
254,-242,-731
254,-236,-755
254,-232,-752
254,-225,-755
254,-218,-693
254,-216,-679
254,-216,-679
254,-211,-740
254,-208,-735
254,-204,31
254,-202,561
254,-201,-708
254,-196,-693
254,-192,552
254,-192,480
254,-191,544
254,-191,19
254,-190,571
254,-187,491
254,-187,551
254,-187,559
254,-186,523
254,-183,547
254,-182,-2
254,-181,550
254,-175,13
254,-174,610
254,-170,511
254,-170,-670
254,-166,566
254,-162,-220
254,-162,-680
254,-161,550
254,-160,560
254,-150,-39
254,-148,638
254,-147,-220
254,-145,-3
254,-141,-110
254,-139,-6
254,-138,-74
254,-136,-21
254,-136,-231
254,-135,35
254,-133,528
254,-133,-50
254,-132,635
254,-129,-336
254,-129,44
254,-128,-16
254,-126,-77
254,-125,580
254,-122,-40
254,-121,29
254,-119,569
254,-114,550
254,-110,639
254,-108,599
254,-103,-352
254,-102,-355
254,-91,-345
254,-91,603
254,-89,528
254,-88,552
254,-86,577
254,-86,651
254,-83,624
254,-83,-354
254,-82,670
254,-82,-314
254,-80,610
254,-76,-292
254,-73,-356
254,-71,645
254,-69,-368
254,-68,656
254,-65,-395
254,-65,266
254,-64,-261
254,-63,642
254,-61,-354
254,-60,676
254,-59,-360
254,-58,-255
254,-57,-276
254,-54,657
254,-51,621
254,-49,-332
254,-46,-336
254,-46,-242
254,-42,666
254,-41,633
254,-40,-270
254,-38,290
254,-35,269
254,-34,303
254,-30,-354
254,-26,289
254,-23,-310
254,-21,-335
254,-17,275
254,-16,292
254,-8,-357
254,-5,283
254,0,0
254,0,0
254,0,0
254,0,0
254,0,0
254,0,0
254,0,0
254,0,0
254,0,0
254,0,0
254,0,0
254,0,0
254,0,0
254,0,0
254,0,291
254,1,1
254,1,1
254,1,1
254,1,1
254,1,1
254,1,1
254,1,1
254,1,1
254,1,1
254,1,1
254,3,295
254,6,213
254,6,195
254,10,-327
254,12,220
254,16,-370
254,16,271
254,17,208
254,20,283
254,20,196
254,23,286
254,23,195
254,26,340
254,27,291
254,31,351
254,33,-304
254,40,340
254,46,-353
254,46,301
254,48,315
254,48,313
254,49,284
254,50,289
254,81,-319
254,86,-376
254,86,-324
254,86,-290
254,87,-320
254,91,-338
254,98,-378
254,104,-358
254,104,-360
254,106,-626
254,106,-374
254,110,-263
254,110,-285
254,112,-622
254,112,-270
254,113,-627
254,119,-324
254,122,-352
254,129,-253
254,131,-260
254,132,-618
254,145,-253
254,148,-587
254,154,-315
254,154,-582
254,155,-615
254,158,-215
254,158,-574
254,158,-377
254,158,-369
254,160,-287
254,167,-297
254,170,-283
254,170,-336
254,172,-595
254,176,-606
254,177,-617
254,180,-283
254,180,-380
254,180,-333
254,182,-384
254,183,-411
254,183,504
254,186,-405
254,188,-614
254,190,-396
254,194,-628
254,197,-642
254,212,-624
254,215,-619
254,219,-631
254,227,-613
254,230,-631
254,245,-618
254,254,-607
254,261,128
254,262,111
254,267,-592
254,267,-597
254,270,116
254,271,-577
254,272,116
254,280,-597
254,280,13
254,282,69
254,288,60
254,293,128
254,298,198
254,300,91
254,300,179
254,301,81
254,309,158
254,309,173
254,309,189
254,311,141
254,313,167
254,317,-62
254,318,-109
254,319,643
254,323,-60
254,328,-63
254,329,179
254,333,-113
254,335,-144
254,339,-150
254,340,-15
254,340,-116
254,340,95
254,342,96
254,344,-147
254,344,184
254,347,55
254,347,117
254,348,115
254,351,103
254,352,-23
254,355,69
254,357,211
254,361,53
254,361,-139
254,362,-449
254,362,-91
254,365,-420
254,368,-441
254,372,219
254,374,663
254,380,239
254,382,-251
254,382,-394
254,383,226
254,383,-401
254,384,235
254,384,424
254,394,641
254,396,-436
254,399,242
254,399,-399
254,400,-2
254,401,-398
254,401,284
254,402,-24
254,406,661
254,410,251
254,413,-395
254,415,666
254,415,238
254,416,281
254,425,657
254,427,-392
254,436,747
254,437,678
254,438,-400
254,440,270
254,445,700
254,446,700
254,447,-413
254,453,-300
254,454,730
254,454,754
254,457,-440
254,463,631
254,463,-262
254,463,-457
254,465,679
254,467,-434
254,468,-264
254,471,-274
254,473,741
254,475,-314
254,479,-419
254,479,-358
254,480,675
254,480,-329
254,480,-290
254,481,688
254,481,675
254,481,-304
254,481,680
254,483,-263
254,484,678
254,484,716
254,484,-441
254,485,-441
254,487,-458
254,488,-265
254,495,679
254,496,-367
254,496,-460
254,498,695
254,499,689
254,500,709
254,501,503
254,501,-268
254,503,-335
254,504,-418
254,505,-352
254,510,-270
254,512,-293
254,513,-467
254,514,-336
254,520,-265
254,520,-383
254,531,707
254,532,-311
254,536,-426
254,541,-359
254,544,676
254,546,-257
254,546,686
254,547,673
254,548,-283
254,549,-287
254,549,-425
254,551,664
254,553,707
254,553,703
254,555,-317
254,558,675
254,561,-413
254,562,682
254,565,-412
254,580,381
254,615,332
254,619,393
254,621,383
254,626,352
254,629,385
254,635,364
254,644,381
254,645,350
254,654,404
254,659,402
254,668,375
254,669,371
254,672,630
254,673,375
254,676,361
254,684,399
254,687,617
254,688,658
254,688,669
254,690,384
254,690,597
254,691,362
254,691,639
254,698,676
254,700,653
254,705,368
254,708,667
254,712,661
254,713,373
254,716,667
254,717,389
254,721,403
254,725,386
254,726,665
254,728,387
254,728,624
254,731,417
254,734,649
254,741,689
254,743,688
254,743,697
254,760,613
254,765,696
254,769,634
254,772,598
254,772,716
254,772,617
254,778,645
254,785,687
254,785,670
254,789,619
254,807,599
254,813,637
254,814,605
254,815,640
254,826,626
254,834,622
255,-479,-471
255,-477,515
255,519,519
258,-584,-63
258,-580,-306
258,-578,-297
258,-576,-298
258,-574,-61
258,-573,-64
258,-570,-189
258,-561,-207
258,-554,-213
258,-553,-207
258,-550,-190
258,-548,-200
258,-545,101
258,-540,21
258,-538,-300
258,-533,-139
258,-526,-33
258,-524,-40
258,-523,-50
258,-522,-36
258,-519,-48
258,-510,-38
258,-506,100
258,-503,-141
258,-502,-226
258,-500,16
258,-500,21
258,-500,67
258,-500,-140
258,-499,-220
258,-498,-226
258,-497,-218
258,-494,100
258,-486,-279
258,-482,-280
258,-482,-279
258,-480,-284
258,-475,-279
258,-468,-263
258,-459,-218
258,-454,101
258,-454,-59
258,-453,21
258,-444,-156
258,-444,-150
258,-444,-155
258,-443,-165
258,-440,-155
258,-436,-171
258,-426,18
258,-426,93
258,-423,19
258,-422,-58
258,-420,-298
258,-420,65
258,-420,-55
258,-419,-214
258,-418,-300
258,-418,96
258,-417,-296
258,-417,-302
258,-413,-220
258,-346,22
258,-336,25
258,-310,21
258,-258,25
258,-257,18
258,-222,21
258,-185,23
258,-180,19
258,-170,22
258,-157,18
258,-148,19
258,-144,21
258,-133,26
258,-131,22
258,-105,27
258,-97,15
258,-97,20
258,-97,18
258,-65,20
258,-23,23
258,-20,23
258,1,1
258,1,1
258,1,1
258,1,1
258,1,1
258,20,20
258,61,26
258,63,23
258,137,100
258,137,-62
258,137,-53
258,138,94
258,139,57
258,140,23
258,142,19
258,142,101
258,143,-216
258,146,-222
258,147,-57
258,152,-159
258,158,-155
258,165,-163
258,168,-161
258,173,-157
258,176,-61
258,180,-230
258,181,100
258,187,-3
258,189,-3
258,195,-263
258,196,4
258,200,-280
258,200,-10
258,200,-280
258,201,-285
258,206,-280
258,208,-3
258,208,7
258,215,-60
258,217,-134
258,217,98
258,219,59
258,221,-65
258,223,104
258,225,-140
258,226,96
258,232,-202
258,244,-206
258,244,-196
258,245,-189
258,247,-197
258,253,19
258,259,96
258,266,-61
258,294,-220
258,294,99
258,295,-56
258,295,102
258,296,23
258,299,-180
258,299,66
258,299,-64
258,299,-22
258,301,-186
258,302,21
258,302,16
258,303,-226
258,304,94
258,307,-60
259,-160,20
259,-130,-370
259,-128,20
259,-120,20
259,-114,-348
259,-111,-351
259,-108,-354
259,-108,-348
259,0,0
259,0,0
259,0,0
259,0,0
259,0,0
259,0,0
259,0,0
259,0,0
259,0,0
259,0,0
259,0,0
259,0,0
259,0,0
259,0,0
259,0,0
259,0,0
259,0,0
259,0,0
259,0,0
259,0,0
259,0,0
259,0,0
259,0,0
259,0,0
259,0,0
259,0,0
259,0,0
259,0,0
259,0,0
259,0,0
259,0,0
259,0,0
259,0,0
259,0,0
259,0,0
259,0,0
259,0,0
259,0,0
259,0,0
259,0,0
259,0,0
259,0,0
259,0,0
259,0,0
259,0,0
259,0,0
259,0,0
259,0,0
259,0,0
259,0,0
259,0,0
259,0,0
259,0,0
259,0,0
259,0,0
259,0,0
259,0,0
259,0,0
259,0,0
259,0,0
259,0,0
259,0,0
259,0,0
259,0,0
259,0,0
259,0,0
259,0,0
259,0,0
259,0,0
259,0,0
259,0,0
259,0,0
259,0,0
259,0,0
259,0,0
259,0,0
259,0,0
259,0,0
259,0,0
259,0,0
259,0,0
259,0,0
259,0,0
259,0,0
259,0,0
259,0,0
259,0,0
259,0,0
259,0,0
259,0,0
259,0,0
259,0,0
259,0,0
259,0,0
259,0,0
259,0,0
259,0,0
259,0,0
259,0,0
259,0,0
259,0,0
259,0,0
259,0,0
259,0,0
259,0,0
259,0,0
259,0,0
259,0,0
259,0,0
259,0,0
259,0,0
259,0,0
259,0,0
259,0,0
259,0,0
259,0,0
259,0,0
259,0,0
259,0,0
259,0,0
259,0,0
259,0,0
259,0,0
259,0,0
259,0,0
259,0,0
259,0,0
259,0,0
259,0,0
259,0,0
259,0,0
259,0,0
259,0,0
259,0,0
259,0,0
259,0,0
259,0,0
259,0,0
259,0,0
259,0,0
259,0,0
259,0,0
259,0,0
259,0,0
259,0,0
259,0,0
259,0,0
259,0,0
259,0,0
259,0,0
259,0,0
259,0,0
259,0,0
259,0,0
259,0,0
259,0,0
259,0,0
259,0,0
259,0,0
259,0,0
259,0,0
259,0,0
259,0,0
259,0,0
259,0,0
259,0,0
259,0,0
259,0,0
259,0,0
259,0,0
259,0,0
259,0,0
259,0,0
259,0,0
259,0,0
259,0,0
259,0,0
259,0,0
259,0,0
259,0,0
259,0,0
259,0,0
259,0,0
259,0,0
259,0,0
259,0,0
259,0,0
259,0,0
259,0,0
259,0,0
259,0,0
259,0,0
259,0,0
259,0,0
259,0,0
259,0,0
259,0,0
259,0,0
259,0,0
259,0,0
259,0,0
259,0,0
259,0,0
259,0,0
259,0,0
259,0,0
259,0,0
259,0,0
259,0,0
259,0,0
259,0,0
259,0,0
259,0,0
259,0,0
259,0,0
259,0,0
259,0,0
259,0,0
259,0,0
259,0,0
259,334,-400
259,360,-390
260,-529,242
260,-527,241
260,-525,234
260,-520,240
260,-484,-161
260,-484,-34
260,-484,-41
260,-478,-165
260,-476,-176
260,-475,-38
260,-473,-36
260,-471,-193
260,-468,-164
260,-458,219
260,-457,216
260,-456,-168
260,-456,-168
260,-454,222
260,-448,-165
260,-441,153
260,-440,160
260,-439,165
260,-436,-160
260,-434,-354
260,-431,324
260,-430,-359
260,-427,150
260,-427,354
260,-427,-353
260,-423,326
260,-421,-26
260,-420,-28
260,-420,-20
260,-420,357
260,-419,356
260,-417,329
260,-413,330
260,-411,-352
260,-409,-361
260,-408,-360
260,-406,354
260,-406,356
260,-406,47
260,-405,46
260,-405,75
260,-405,-315
260,-403,-333
260,-402,-350
260,-402,-337
260,-402,340
260,-402,358
260,-401,-317
260,-401,52
260,-400,87
260,-399,328
260,-398,80
260,-397,331
260,-397,242
260,-396,44
260,-394,247
260,-393,80
260,-388,251
260,-388,247
260,-380,244
260,-379,139
260,-379,247
260,-378,138
260,-374,144
260,-367,247
260,-366,-85
260,-362,245
260,-362,-83
260,-360,-80
260,-359,-83
260,-345,142
260,-340,133
260,-338,-219
260,-337,-220
260,-334,-222
260,-325,131
260,-322,147
260,-320,-227
260,-320,-222
260,-320,-217
260,-318,151
260,-315,166
260,-314,165
260,-313,119
260,-312,120
260,-306,-222
260,-305,-224
260,-296,-222
260,-262,-25
260,-261,-25
260,-259,-25
260,-248,-88
260,-247,-359
260,-245,235
260,-245,-75
260,-243,239
260,-243,236
260,-243,-363
260,-242,120
260,-241,-73
260,-241,-228
260,-240,119
260,-240,246
260,-239,62
260,-239,-204
260,-239,-354
260,-236,-76
260,-236,-75
260,-235,-231
260,-235,242
260,-234,-208
260,-232,-224
260,-232,-230
260,-231,127
260,-230,-214
260,-229,-209
260,-226,-206
260,-222,92
260,-219,54
260,-211,-206
260,-208,-356
260,-207,-207
260,-206,-208
260,-206,1
260,-206,4
260,-204,-196
260,-201,8
260,-201,-354
260,-199,-360
260,-196,-359
260,-195,-6
260,-192,356
260,-192,356
260,-192,1
260,-183,339
260,-181,144
260,-181,325
260,-180,319
260,-174,137
260,-173,343
260,-173,321
260,-171,322
260,-171,321
260,-170,146
260,-168,242
260,-165,357
260,-164,339
260,-163,235
260,-162,-125
260,-161,242
260,-160,238
260,-160,137
260,-160,142
260,-160,147
260,-156,-115
260,-149,136
260,-149,146
260,-142,-219
260,-142,52
260,-139,82
260,-138,139
260,-133,-216
260,-132,-219
260,-132,-120
260,-127,166
260,-126,-125
260,-107,-40
260,-107,-28
260,-104,-58
260,-102,-40
260,-102,-55
260,-99,-28
260,-99,-25
260,-97,-40
260,-96,-51
260,-86,-319
260,-86,-192
260,-85,-191
260,-85,-201
260,-83,-201
260,-81,-320
260,-76,-200
260,-73,-199
260,-69,-318
260,-68,-321
260,-57,-319
260,-56,-334
260,-54,-321
260,-50,-20
260,-44,278
260,-40,-240
260,-40,-235
260,-39,281
260,-38,-247
260,-37,-247
260,-32,273
260,-29,274
260,-23,-18
260,-19,-39
260,-6,396
260,-1,399
260,-1,408
260,-0,199
260,0,0
260,0,0
260,0,0
260,1,1
260,1,1
260,1,1
260,1,1
260,1,1
260,1,198
260,3,-72
260,5,401
260,11,-80
260,13,199
260,17,-87
260,18,-80
260,26,-88
260,26,-88
260,26,205
260,26,-86
260,31,-109
260,32,83
260,32,85
260,34,86
260,36,-100
260,37,-117
260,38,-247
260,38,-80
260,39,200
260,39,112
260,39,-113
260,44,-246
260,45,-238
260,45,202
260,45,-235
260,45,-246
260,45,205
260,46,-245
260,47,205
260,47,205
260,50,135
260,51,117
260,52,123
260,53,130
260,72,268
260,75,277
260,78,286
260,84,126
260,84,354
260,85,274
260,86,355
260,86,275
260,90,367
260,94,368
260,101,352
260,105,-180
260,107,-179
260,109,348
260,113,393
260,113,365
260,118,391
260,119,368
260,119,381
260,120,-183
260,120,-178
260,120,-173
260,132,-182
260,134,-16
260,138,-97
260,138,251
260,138,267
260,139,-123
260,139,248
260,146,268
260,148,-17
260,149,-182
260,153,82
260,154,198
260,154,78
260,154,81
260,154,83
260,157,-285
260,158,88
260,160,-23
260,160,-18
260,160,-13
260,162,-274
260,164,-282
260,168,-10
260,168,84
260,169,-280
260,170,200
260,177,157
260,178,-22
260,179,-84
260,182,156
260,183,164
260,193,191
260,193,283
260,195,200
260,199,197
260,200,288
260,200,204
260,204,202
260,205,281
260,205,197
260,206,288
260,206,-358
260,207,285
260,215,-362
260,217,157
260,218,42
260,219,38
260,221,-374
260,222,-373
260,224,-370
260,231,65
260,232,-76
260,233,396
260,233,-358
260,233,-79
260,233,-80
260,234,-362
260,235,365
260,236,61
260,237,388
260,237,141
260,239,399
260,239,-74
260,240,-82
260,243,358
260,245,398
260,248,362
260,248,356
260,258,-120
260,259,113
260,261,-144
260,275,-289
260,276,78
260,277,318
260,277,326
260,277,-275
260,279,-278
260,279,-282
260,280,316
260,280,321
260,280,79
260,281,241
260,282,241
260,282,421
260,282,88
260,284,210
260,284,421
260,284,-278
260,286,-284
260,290,203
260,292,217
260,297,216
260,297,209
260,297,81
260,310,227
260,310,419
260,311,226
260,313,199
260,316,222
260,317,421
260,317,227
260,318,79
260,320,78
260,322,80
260,324,-32
260,325,-29
260,325,-3
260,326,-9
260,326,-32
260,331,-11
260,335,301
260,335,299
260,339,271
260,342,296
260,344,301
260,352,-33
260,354,399
260,354,8
260,354,404
260,356,396
260,357,392
260,358,-16
260,359,-39
260,360,135
260,360,-8
260,361,399
260,363,392
260,363,150
260,365,-28
260,367,122
260,368,128
260,369,150
260,369,153
260,393,152
260,395,140
260,401,121
260,405,128
260,407,358
260,408,331
260,409,332
260,411,330
260,415,355
260,421,349
260,422,350
260,422,326
260,424,349
260,424,336
260,426,350
260,432,336
260,432,349
260,434,336
261,-562,-167
261,-562,-155
261,-560,-165
261,-553,-165
261,-528,123
261,-524,112
261,-522,91
261,-520,119
261,-518,93
261,-517,114
261,-514,80
261,-510,85
261,-483,-86
261,-482,-85
261,-481,61
261,-480,-75
261,-479,-371
261,-477,-362
261,-476,-162
261,-476,-160
261,-467,-388
261,-459,-389
261,-457,-384
261,-452,-385
261,-448,1
261,-444,278
261,-443,286
261,-442,-387
261,-442,-366
261,-441,152
261,-440,47
261,-440,-6
261,-440,160
261,-439,164
261,-436,286
261,-435,-4
261,-435,271
261,-434,37
261,-434,158
261,-426,-53
261,-426,-62
261,-423,-332
261,-420,-313
261,-414,-55
261,-412,-64
261,-406,-200
261,-403,-167
261,-403,62
261,-402,-282
261,-401,-285
261,-401,-170
261,-400,-205
261,-400,-173
261,-399,241
261,-399,-202
261,-398,-173
261,-398,-170
261,-398,246
261,-394,-283
261,-392,241
261,-366,-82
261,-366,79
261,-364,79
261,-361,79
261,-361,74
261,-360,-84
261,-360,-80
261,-359,-89
261,-358,312
261,-356,318
261,-354,317
261,-342,326
261,-340,328
261,-333,321
261,-326,-118
261,-326,325
261,-324,316
261,-323,313
261,-322,320
261,-321,-354
261,-320,-116
261,-320,-117
261,-319,39
261,-318,36
261,-318,40
261,-316,-355
261,-314,39
261,-307,-355
261,-303,21
261,-299,-85
261,-298,-77
261,-298,-358
261,-298,177
261,-295,176
261,-295,-356
261,-290,-356
261,-290,182
261,-287,-43
261,-284,-486
261,-284,-279
261,-283,-0
261,-282,-33
261,-282,-33
261,-282,-272
261,-282,62
261,-280,-285
261,-280,174
261,-280,178
261,-280,182
261,-280,-359
261,-280,-2
261,-279,-483
261,-278,-357
261,-278,-3
261,-277,-3
261,-276,-487
261,-274,-275
261,-274,-42
261,-273,-34
261,-273,-480
261,-270,60
261,-269,182
261,-268,180
261,-266,19
261,-265,-350
261,-264,181
261,-254,-176
261,-251,-181
261,-248,-278
261,-246,-280
261,-246,-180
261,-242,-285
261,-241,34
261,-241,38
261,-240,-182
261,-240,-178
261,-240,-174
261,-238,-285
261,-238,41
261,-235,-181
261,-235,37
261,-234,-177
261,-230,36
261,-228,-343
261,-226,-340
261,-222,-340
261,-219,-183
261,-191,-475
261,-180,-471
261,-177,-466
261,-174,199
261,-174,-479
261,-174,-349
261,-171,-467
261,-169,-451
261,-169,-460
261,-169,203
261,-168,200
261,-166,-479
261,-163,-444
261,-163,-478
261,-163,-362
261,-159,-440
261,-157,-358
261,-157,201
261,-152,-356
261,-150,15
261,-149,18
261,-149,-97
261,-146,-100
261,-144,46
261,-143,-102
261,-143,432
261,-142,40
261,-141,-386
261,-141,22
261,-139,45
261,-139,-104
261,-138,40
261,-135,51
261,-134,40
261,-133,-349
261,-132,-355
261,-129,-329
261,-128,-359
261,-127,-330
261,-124,-241
261,-123,-326
261,-123,-342
261,-122,-341
261,-121,117
261,-120,-366
261,-119,-245
261,-119,117
261,-118,117
261,-116,-360
261,-115,-238
261,-105,183
261,-105,180
261,-100,161
261,-99,176
261,-98,-85
261,-98,-74
261,-80,240
261,-79,-47
261,-74,-44
261,-73,-39
261,-72,240
261,-72,234
261,-70,241
261,-49,-60
261,-46,-198
261,-45,280
261,-45,283
261,-42,-153
261,-40,280
261,-37,281
261,-37,-201
261,-34,-61
261,-33,-160
261,-31,171
261,-17,-252
261,-14,-256
261,-9,-398
261,-3,-406
261,-1,-39
261,0,-400
261,0,0
261,0,0
261,0,0
261,0,0
261,0,0
261,0,0
261,0,0
261,0,0
261,0,0
261,0,0
261,0,0
261,0,0
261,0,0
261,0,0
261,0,0
261,1,1
261,1,1
261,1,1
261,1,1
261,1,1
261,3,-407
261,7,-50
261,8,-286
261,8,-303
261,8,-288
261,9,356
261,9,201
261,11,353
261,11,-47
261,11,207
261,13,195
261,15,-312
261,16,-318
261,17,-40
261,18,352
261,19,365
261,19,-312
261,21,348
261,21,390
261,21,389
261,22,357
261,22,364
261,23,-43
261,27,-40
261,30,-47
261,32,-85
261,32,241
261,32,239
261,32,239
261,32,-79
261,34,-75
261,34,239
261,34,208
261,35,-518
261,36,226
261,36,343
261,36,219
261,38,333
261,39,-518
261,40,-289
261,40,340
261,40,345
261,40,-292
261,41,-296
261,41,-311
261,41,208
261,43,-519
261,43,-83
261,45,-46
261,46,-54
261,47,-522
261,48,80
261,49,-63
261,49,108
261,54,102
261,56,-495
261,56,103
261,60,86
261,60,-477
261,63,-420
261,66,-422
261,69,-263
261,71,84
261,72,-155
261,73,-407
261,73,-262
261,75,109
261,76,88
261,76,-444
261,79,-440
261,80,-400
261,80,-153
261,81,-397
261,82,-396
261,85,-163
261,85,-162
261,87,-443
261,109,-56
261,119,-62
261,119,-51
261,120,-56
261,120,-62
261,120,-58
261,120,-54
261,121,-381
261,131,-383
261,132,-265
261,133,-259
261,136,-266
261,153,-279
261,155,-402
261,158,-257
261,159,-270
261,159,-400
261,160,-400
261,163,-242
261,163,-405
261,163,-405
261,188,-210
261,194,-119
261,195,240
261,195,235
261,196,-200
261,196,86
261,198,-125
261,198,-194
261,199,244
261,200,240
261,200,110
261,201,78
261,202,118
261,204,-118
261,205,88
261,206,120
261,210,115
261,213,26
261,215,-146
261,217,-172
261,225,16
261,258,137
261,277,-129
261,278,-270
261,279,275
261,280,5
261,280,-110
261,280,-33
261,280,-263
261,281,289
261,282,-90
261,282,-4
261,282,-78
261,284,-66
261,284,-90
261,285,-29
261,287,-76
261,287,1
261,288,-39
261,288,-245
261,291,-257
261,302,297
261,303,298
261,308,-89
261,315,116
261,315,289
261,318,279
261,318,-103
261,320,117
261,321,81
261,323,-82
261,325,59
261,327,53
261,327,92
261,327,281
261,350,67
261,353,78
261,358,54
261,359,56
262,-443,110
262,-442,107
262,-442,-391
262,-440,106
262,-438,118
262,-436,120
262,-435,73
262,-435,79
262,-433,108
262,-432,80
262,-431,117
262,-419,-22
262,-417,-25
262,-416,-24
262,-415,-26
262,-410,100
262,-409,-202
262,-406,-370
262,-405,-198
262,-400,206
262,-400,201
262,-399,-244
262,-399,-243
262,-398,197
262,-397,-213
262,-393,-371
262,-393,-243
262,-392,-207
262,-392,-233
262,-383,-239
262,-381,22
262,-381,29
262,-379,27
262,-379,-163
262,-379,-237
262,-378,-311
262,-378,26
262,-378,-246
262,-377,204
262,-375,-145
262,-373,-234
262,-372,-250
262,-371,-231
262,-371,196
262,-366,195
262,-364,117
262,-362,122
262,-362,-236
262,-360,236
262,-358,233
262,-357,195
262,-357,117
262,-356,132
262,-356,227
262,-356,130
262,-354,205
262,-352,196
262,-351,126
262,-341,-282
262,-330,-80
262,-320,-86
262,-311,-78
262,-310,-74
262,-289,-151
262,-286,-165
262,-284,-159
262,-280,-171
262,-278,-171
262,-276,-152
262,-255,-190
262,-251,-185
262,-250,-200
262,-236,-141
262,-235,-201
262,-231,-204
262,-227,419
262,-225,425
262,-224,-210
262,-224,386
262,-223,373
262,-221,409
262,-221,386
262,-220,423
262,-209,-123
262,-208,325
262,-206,330
262,-204,330
262,-203,-180
262,-202,313
262,-201,-131
262,-201,-131
262,-199,531
262,-198,-118
262,-195,-106
262,-195,-129
262,-194,-109
262,-193,522
262,-192,535
262,-192,525
262,-191,73
262,-184,320
262,-183,85
262,-179,316
262,-177,313
262,-177,73
262,-177,78
262,-177,323
262,-176,547
262,-174,561
262,-172,554
262,-170,329
262,-170,326
262,-170,-151
262,-169,-50
262,-168,438
262,-167,-158
262,-166,324
262,-166,-39
262,-165,49
262,-164,528
262,-164,316
262,-164,-114
262,-164,518
262,-163,516
262,-163,38
262,-162,548
262,-161,-39
262,-161,-149
262,-161,445
262,-161,75
262,-160,-40
262,-159,-158
262,-158,-165
262,-157,63
262,-157,45
262,-156,75
262,-152,328
262,-152,-174
262,-151,-42
262,-143,435
262,-140,471
262,-138,443
262,-131,442
262,-121,-525
262,-118,443
262,-112,442
262,-74,413
262,-69,-184
262,-69,-178
262,-67,-188
262,-67,406
262,-66,423
262,-62,-181
262,-62,419
262,-18,-219
262,-18,381
262,-16,120
262,-13,374
262,-11,386
262,-10,-223
262,-9,-226
262,-8,-228
262,-7,387
262,-2,122
262,0,0
262,0,0
262,0,0
262,0,0
262,0,0
262,0,0
262,0,0
262,0,0
262,0,0
262,0,0
262,0,0
262,0,0
262,0,0
262,0,0
262,0,0
262,0,0
262,0,0
262,0,0
262,0,120
262,1,1
262,1,1
262,1,1
262,1,1
262,1,1
262,1,1
262,2,123
262,3,120
262,22,239
262,27,226
262,30,273
262,35,273
262,37,337
262,40,290
262,40,274
262,41,280
262,42,-392
262,43,290
262,43,-409
262,44,290
262,45,289
262,47,-393
262,47,-431
262,53,-435
262,54,-437
262,61,-403
262,61,-436
262,62,-401
262,64,-260
262,69,-431
262,69,-210
262,72,-182
262,72,345
262,73,-443
262,74,-310
262,74,-407
262,74,197
262,74,200
262,75,196
262,76,198
262,78,-178
262,79,323
262,79,349
262,80,-320
262,81,-318
262,82,208
262,83,-311
262,84,-163
262,85,443
262,85,-198
262,85,357
262,86,357
262,86,-171
262,86,-165
262,88,437
262,88,312
262,88,431
262,88,431
262,88,442
262,89,325
262,89,435
262,89,-182
262,90,343
262,90,356
262,90,323
262,94,-166
262,105,440
262,106,-161
262,109,441
262,112,430
262,112,-158
262,116,440
262,116,434
262,117,-152
262,118,-165
262,119,441
262,135,266
262,137,252
262,137,245
262,138,259
262,139,-195
262,151,-231
262,152,-118
262,156,-230
262,157,-130
262,163,-20
262,164,-241
262,165,-111
262,180,-60
262,181,-60
262,182,221
262,186,224
262,187,224
262,189,-395
262,190,221
262,193,-352
262,196,-402
262,202,-359
262,210,-397
262,213,-364
262,214,-356
262,215,-186
262,216,-298
262,216,-185
262,216,-302
262,218,-327
262,219,-300
262,220,-175
262,221,-186
262,223,-305
262,223,-298
262,224,-395
262,224,346
262,225,356
262,226,-181
262,227,-398
262,229,-351
262,230,378
262,231,372
262,232,366
262,233,357
262,234,356
262,236,-366
262,239,367
262,242,-363
262,243,-399
262,264,255
262,269,258
262,270,397
262,270,214
262,277,198
262,281,206
262,282,404
262,286,189
262,288,403
262,288,194
262,289,402
262,290,-405
262,291,-351
262,291,-379
262,291,-263
262,291,-270
262,291,192
262,292,205
262,292,-262
262,295,190
262,298,-261
262,306,256
262,306,262
262,308,408
262,309,401
262,314,385
262,316,369
262,316,400
262,322,372
262,327,367
262,327,374
262,341,120
262,342,-299
262,344,-291
262,346,-312
262,347,-314
262,356,165
262,358,162
262,359,-331
262,360,160
262,366,164
262,369,161
262,385,-350
262,386,-391
262,391,80
262,396,73
262,399,65
262,402,77
262,402,54
262,403,36
262,406,64
262,407,57
262,407,48
262,409,61
262,409,85
262,409,42
262,413,42
262,413,33
262,425,133
262,428,140
262,430,43
262,430,-41
262,430,47
262,433,-274
262,434,35
262,434,-46
262,434,139
262,434,-40
262,436,-256
262,436,-38
262,438,-290
262,439,-366
262,442,-231
262,442,-361
262,443,-271
262,443,-368
262,443,-251
262,444,-280
262,445,-232
262,445,40
262,446,-40
262,447,-241
262,447,-42
262,447,-42
262,447,-260
262,447,-261
262,448,-32
262,448,-275
262,449,-361
262,449,-237
262,451,-272
262,456,-402
262,461,-52
262,462,-7
262,464,-150
262,465,-356
262,471,-156
262,471,-157
262,473,-162
262,478,147
262,479,135
262,482,127
262,484,160
262,484,-159
262,487,137
262,487,148
262,490,132
262,490,-162
262,492,160
262,494,-151
262,494,-154
262,495,-220
262,498,-213
262,502,157
262,504,137
262,504,121
262,505,155
262,505,157
262,505,-223
262,507,149
262,509,148
262,510,124
262,516,120
262,523,129
262,555,-231
262,558,-238
262,561,-240
262,562,-230
263,-504,-59
263,-305,206
263,-305,206
263,-303,209
263,-268,162
263,-258,142
263,-251,140
263,-247,241
263,-244,239
263,-242,250
263,-241,-1
263,-240,3
263,-237,239
263,-233,253
263,-232,248
263,-230,59
263,-227,-10
263,-227,91
263,-218,65
263,-202,210
263,-201,-71
263,-200,-84
263,-200,61
263,-197,90
263,-192,-76
263,-192,98
263,-188,-40
263,-187,88
263,-185,-29
263,-177,-33
263,-172,72
263,-159,428
263,-159,67
263,-153,51
263,-151,437
263,-148,420
263,-147,-103
263,-144,301
263,-142,-79
263,-142,-78
263,-141,301
263,-140,294
263,-134,426
263,-133,449
263,-126,-102
263,-126,-6
263,-126,-3
263,-124,433
263,-118,-111
263,-118,-103
263,-113,4
263,-109,-92
263,-105,193
263,-105,354
263,-105,196
263,-104,168
263,-104,169
263,-102,180
263,-102,366
263,-98,180
263,-87,270
263,-87,-19
263,-84,14
263,-82,271
263,-80,421
263,-77,25
263,-75,23
263,-75,-60
263,-74,263
263,-73,262
263,-72,254
263,-66,-134
263,-65,-127
263,-63,-149
263,-62,106
263,-62,124
263,-59,-139
263,-59,-68
263,-59,-17
263,-58,82
263,-56,69
263,-54,94
263,-53,131
263,-52,-143
263,-50,112
263,-48,-145
263,-46,209
263,-46,371
263,-43,210
263,-41,260
263,-39,259
263,-34,-143
263,-31,255
263,-30,262
263,-29,-31
263,-28,406
263,-26,343
263,-26,255
263,-26,210
263,-26,215
263,-26,-138
263,-23,98
263,-23,-30
263,-23,96
263,-23,-30
263,-22,374
263,-22,-33
263,-21,336
263,-21,346
263,-19,-69
263,-18,54
263,-15,-42
263,-15,-55
263,-14,-21
263,-11,-61
263,-11,247
263,-11,63
263,-11,238
263,-7,-61
263,-6,235
263,-5,138
263,0,0
263,0,0
263,0,0
263,1,1
263,1,1
263,1,1
263,1,1
263,1,1
263,3,138
263,3,135
263,5,52
263,14,305
263,14,29
263,15,102
263,17,326
263,18,90
263,19,82
263,20,-150
263,21,307
263,22,29
263,22,-154
263,22,306
263,23,422
263,25,-142
263,25,306
263,25,-162
263,26,47
263,26,15
263,29,69
263,30,46
263,34,386
263,34,387
263,38,22
263,38,55
263,38,26
263,38,55
263,47,383
263,50,-180
263,52,388
263,54,-14
263,54,-106
263,56,-181
263,58,26
263,58,-109
263,59,-80
263,59,422
263,59,425
263,59,-79
263,60,-182
263,60,-178
263,61,419
263,62,-23
263,66,-181
263,70,-101
263,73,-181
263,77,489
263,80,480
263,80,489
263,81,489
263,84,341
263,89,485
263,90,339
263,91,-78
263,94,-94
263,95,-98
263,100,338
263,100,342
263,102,-90
263,102,-16
263,107,476
263,110,339
263,110,82
263,110,-94
263,110,454
263,114,343
263,114,462
263,115,85
263,115,469
263,116,487
263,117,45
263,117,463
263,125,463
263,126,462
263,128,458
263,129,30
263,133,42
263,135,274
263,135,-213
263,138,34
263,138,30
263,142,30
263,145,273
263,145,273
263,153,273
263,155,29
263,159,-160
263,164,36
263,167,33
263,167,-154
263,169,-167
263,176,-216
263,178,-195
263,178,260
263,181,-194
263,188,309
263,189,-209
263,196,200
263,203,207
263,204,258
263,206,265
263,207,195
263,208,322
263,210,202
263,210,326
263,211,258
263,211,260
263,212,207
263,214,-291
263,214,-239
263,215,-74
263,215,-284
263,216,-291
263,218,-257
263,218,-87
263,218,-230
263,219,-286
263,219,-63
263,220,-276
263,221,-75
263,227,-230
263,227,-71
263,228,-64
263,230,-82
263,230,-283
263,233,416
263,234,414
263,237,411
263,246,418
263,246,-58
263,253,423
263,255,226
263,257,223
263,257,425
263,258,-154
263,258,-140
263,259,-132
263,259,-126
263,262,-140
263,262,-55
263,263,221
263,264,-155
263,274,-290
263,275,-284
263,275,-183
263,276,-183
263,276,-271
263,281,300
263,281,-281
263,281,301
263,289,293
263,293,345
263,293,293
263,293,-178
263,295,-22
263,300,-131
263,300,334
263,301,-58
263,302,219
263,305,345
263,306,-32
263,309,-44
263,310,-295
263,310,373
263,313,-322
263,314,-321
263,315,-137
263,318,374
263,318,272
263,319,229
263,323,215
263,326,220
263,326,210
263,326,272
263,329,-318
263,331,65
263,333,257
263,333,256
263,333,-191
263,334,-189
263,334,-281
263,335,358
263,336,-59
263,337,-266
263,337,-278
263,339,-179
263,341,33
263,342,-12
263,343,-53
263,344,353
263,344,-131
263,345,65
263,345,-262
263,346,-213
263,349,247
263,350,-400
263,350,366
263,350,362
263,351,242
263,353,-401
263,354,69
263,355,65
263,355,245
263,355,-394
263,359,-28
263,364,-26
263,366,431
263,367,435
263,368,-96
263,368,-393
263,368,-392
263,369,-90
263,370,-105
263,370,-105
263,372,-20
263,373,-105
263,373,-105
263,373,-108
263,373,57
263,374,270
263,374,270
263,378,-86
263,378,-14
263,380,-60
263,381,-106
263,385,278
263,389,-374
263,390,-390
263,391,477
263,392,479
263,394,406
263,394,-388
263,396,407
263,396,478
263,398,398
263,400,490
263,400,487
263,401,-389
263,403,-228
263,404,-370
263,409,-223
263,410,-238
263,414,423
263,415,-222
263,417,-214
263,419,22
263,422,427
263,426,10
263,430,-94
263,430,-94
263,430,17
263,434,-82
263,440,-99
263,442,-123
263,446,-118
263,474,-75
263,479,-88
263,482,-83
263,487,-82
263,490,-82
264,0,0
264,0,0
264,0,0
264,0,0
264,0,0
264,0,0
264,0,0
264,0,0
264,0,0
264,0,0
264,0,0
264,0,0
264,0,0
264,0,0
264,0,0
264,0,0
264,0,0
264,0,0
264,0,0
264,0,0
264,0,0
264,0,0
264,0,0
264,0,0
264,0,0
264,0,0
264,0,0
264,0,0
264,0,0
264,0,0
264,0,0
264,0,0
264,0,0
264,0,0
264,0,0
264,0,0
264,0,0
264,0,0
264,0,0
264,0,0
264,0,0
264,0,0
264,0,0
264,0,0
264,0,0
264,0,0
264,0,0
264,0,0
264,0,0
264,0,0
264,0,0
264,0,0
264,0,0
264,0,0
264,0,0
264,0,0
264,0,0
264,0,0
264,0,0
264,0,0
264,0,0
264,0,0
264,0,0
264,0,0
264,0,0
264,0,0
264,0,0
264,0,0
264,0,0
264,0,0
264,0,0
264,0,0
264,0,0
264,0,0
264,0,0
264,0,0
264,0,0
264,0,0
264,0,0
264,0,0
264,0,0
264,0,0
264,0,0
264,0,0
264,0,0
264,0,0
264,0,0
264,0,0
264,0,0
264,0,0
264,0,0
264,0,0
264,0,0
264,0,0
264,0,0
264,0,0
264,0,0
264,0,0
264,0,0
264,0,0
264,0,0
264,0,0
264,0,0
264,0,0
264,0,0
264,0,0
264,0,0
264,0,0
264,0,0
264,0,0
264,0,0
264,0,0
264,0,0
264,0,0
264,0,0
264,0,0
264,0,0
264,0,0
264,0,0
264,0,0
264,0,0
264,0,0
264,0,0
264,0,0
264,0,0
264,0,0
264,0,0
264,0,0
264,0,0
264,0,0
264,0,0
264,0,0
264,0,0
264,0,0
264,0,0
264,0,0
264,0,0
264,0,0
264,0,0
264,0,0
264,0,0
264,0,0
264,0,0
264,0,0
264,0,0
264,0,0
264,0,0
264,0,0
264,0,0
264,0,0
264,0,0
264,0,0
264,0,0
264,0,0
264,0,0
264,0,0
264,0,0
264,0,0
264,0,0
264,0,0
264,0,0
264,0,0
264,0,0
264,0,0
264,0,0
264,0,0
264,0,0
264,0,0
264,0,0
264,0,0
264,0,0
264,0,0
264,0,0
264,0,0
264,0,0
264,0,0
264,0,0
264,0,0
264,0,0
264,0,0
264,0,0
264,0,0
264,0,0
264,0,0
264,0,0
264,0,0
264,0,0
264,0,0
264,0,0
264,0,0
264,0,0
264,0,0
264,0,0
264,0,0
264,0,0
264,0,0
264,0,0
264,0,0
264,0,0
264,0,0
264,0,0
264,0,0
264,0,0
264,0,0
264,0,0
264,0,0
264,0,0
264,0,0
264,0,0
264,0,0
264,0,0
264,0,0
264,0,0
264,0,0
264,0,0
264,0,0
264,0,0
264,0,0
264,0,0
264,0,0
264,0,0
264,0,0
264,0,0
264,0,0
264,0,0
264,0,0
264,0,0
264,0,0
264,0,0
264,0,0
264,0,0
264,0,0
264,0,0
264,0,0
264,0,0
264,0,0
264,0,0
264,0,0
264,0,0
264,0,0
264,0,0
264,0,0
264,0,0
264,0,0
264,0,0
264,0,0
264,0,0
264,0,0
264,0,0
264,0,0
264,0,0
264,0,0
264,0,0
264,0,0
264,0,0
264,0,0
264,0,0
264,0,0
264,0,0
264,0,0
264,0,0
264,0,0
264,0,0
264,0,0
264,0,0
264,0,0
264,0,0
264,0,0
264,0,0
264,0,0
264,0,0
264,0,0
264,0,0
264,0,0
264,0,0
264,0,0
264,0,0
264,0,0
264,0,0
264,0,0
264,0,0
264,0,0
264,0,0
264,0,0
264,0,0
264,0,0
264,0,0
264,0,0
264,0,0
264,0,0
264,0,0
264,0,0
264,0,0
264,0,0
264,0,0
264,0,0
264,0,0
264,0,0
264,0,0
264,0,0
264,0,0
264,0,0
264,0,0
264,0,0
264,0,0
264,0,0
264,0,0
264,0,0
264,0,0
264,0,0
264,0,0
264,0,0
264,0,0
264,0,0
264,0,0
264,0,0
264,0,0
264,0,0
264,0,0
264,0,0
264,0,0
264,0,0
264,0,0
264,0,0
264,0,0
264,0,0
264,0,0
264,0,0
264,0,0
264,0,0
264,0,0
264,0,0
264,0,0
264,0,0
264,0,0
264,0,0
264,0,0
264,0,0
264,0,0
264,0,0
264,0,0
264,0,0
264,0,0
264,0,0
264,0,0
264,0,0
264,0,0
264,0,0
264,0,0
264,0,0
264,0,0
264,0,0
264,0,0
264,0,0
264,0,0
264,0,0
264,0,0
264,0,0
264,0,0
264,0,0
264,0,0
264,0,0
264,0,0
264,0,0
264,0,0
264,0,0
264,0,0
264,0,0
264,0,0
264,0,0
264,0,0
264,0,0
264,0,0
264,0,0
264,0,0
264,0,0
264,0,0
264,0,0
264,0,0
264,0,0
264,0,0
264,0,0
264,0,0
264,0,0
264,0,0
264,0,0
264,0,0
264,0,0
264,0,0
264,0,0
264,0,0
264,0,0
264,0,0
264,0,0
264,0,0
264,0,0
264,0,0
264,0,0
264,0,0
264,0,0
264,0,0
264,0,0
264,0,0
264,0,0
264,0,0
264,0,0
264,0,0
264,0,0
264,0,0
264,0,0
264,0,0
264,0,0
264,0,0
264,0,0
264,0,0
264,0,0
264,0,0
264,0,0
264,0,0
264,0,0
264,0,0
264,0,0
264,0,0
264,0,0
264,0,0
264,0,0
264,0,0
264,0,0
264,0,0
264,0,0
264,0,0
264,0,0
264,0,0
264,0,0
264,0,0
264,0,0
264,0,0
264,0,0
264,0,0
264,0,0
264,0,0
264,0,0
264,0,0
264,0,0
264,0,0
264,0,0
264,0,0
264,0,0
264,0,0
264,0,0
264,0,0
264,0,0
264,0,0
264,0,0
264,0,0
264,0,0
264,0,0
264,0,0
264,0,0
264,0,0
264,0,0
264,0,0
264,0,0
264,0,0
264,0,0
264,0,0
264,0,0
264,0,0
264,0,0
264,0,0
264,0,0
264,0,0
264,0,0
264,0,0
264,0,0
264,0,0
264,0,0
264,0,0
264,0,0
264,0,0
264,0,0
264,0,0
264,0,0
264,0,0
264,0,0
264,0,0
264,0,0
264,0,0
264,0,0
264,0,0
264,0,0
264,0,0
264,0,0
264,0,0
264,0,0
264,0,0
264,0,0
264,0,0
264,0,0
264,0,0
264,0,0
264,0,0
264,0,0
264,0,0
264,0,0
264,0,0
264,0,0
264,0,0
264,0,0
264,0,0
264,0,0
264,0,0
264,0,0
264,0,0
264,0,0
264,0,0
264,0,0
264,0,0
264,0,0
264,0,0
264,0,0
264,0,0
264,0,0
264,0,0
264,0,0
264,0,0
264,0,0
264,0,0
264,0,0
264,0,0
264,0,0
264,0,0
264,0,0
264,0,0
264,0,0
264,0,0
264,0,0
264,0,0
264,0,0
264,0,0
264,0,0
264,0,0
264,0,0
264,0,0
264,0,0
264,0,0
264,0,0
264,0,0
264,0,0
264,0,0
264,0,0
264,0,0
264,0,0
264,0,0
264,0,0
264,0,0
264,0,0
264,0,0
264,0,0
264,0,0
264,0,0
264,0,0
264,0,0
264,0,0
264,0,0
264,0,0
264,0,0
264,0,0
264,0,0
264,0,0
264,0,0
264,0,0
264,0,0
264,0,0
264,0,0
264,0,0
264,0,0
264,0,0
264,0,0
264,0,0
264,0,0
264,0,0
264,0,0
264,0,0
264,0,0
264,0,0
264,0,0
264,0,0
264,0,0
264,0,0
264,0,0
264,0,0
264,0,0
264,0,0
264,0,0
264,0,0
264,0,0
264,0,0
264,0,0
264,0,0
264,0,0
264,0,0
264,0,0
264,0,0
264,0,0
264,0,0
264,0,0
264,0,0
264,0,0
264,0,0
264,0,0
264,0,0
264,0,0
264,0,0
264,0,0
264,0,0
264,0,0
264,0,0
264,0,0
264,0,0
264,0,0
264,0,0
264,0,0
264,0,0
264,0,0
264,0,0
264,0,0
264,0,0
264,0,0
264,0,0
264,0,0
264,0,0
264,0,0
264,0,0
264,0,0
264,0,0
264,0,0
264,0,0
264,0,0
264,0,0
264,0,0
264,0,0
264,0,0
264,0,0
264,0,0
264,0,0
264,0,0
264,0,0
264,0,0
264,0,0
264,0,0
264,0,0
264,0,0
264,0,0
264,0,0
264,0,0
264,0,0
264,0,0
264,0,0
264,0,0
264,0,0
264,0,0
264,0,0
264,0,0
264,0,0
264,0,0
264,0,0
264,0,0
264,0,0
264,0,0
264,0,0
264,0,0
264,0,0
264,0,0
264,0,0
264,0,0
264,0,0
264,0,0
264,0,0
264,0,0
264,0,0
264,0,0
264,0,0
264,0,0
264,0,0
264,0,0
264,0,0
264,0,0
264,0,0
264,0,0
264,0,0
264,0,0
264,0,0
264,0,0
264,0,0
264,0,0
264,0,0
264,0,0
264,0,0
264,0,0
264,0,0
264,0,0
264,0,0
264,0,0
264,0,0
264,0,0
264,0,0
264,0,0
264,0,0
264,0,0
264,0,0
264,0,0
264,0,0
264,0,0
264,0,0
264,0,0
264,0,0
264,0,0
264,0,0
264,0,0
264,0,0
264,20,-432
264,30,-420
264,38,-416
265,-519,-85
265,-516,-71
265,-504,-86
265,-502,248
265,-502,248
265,-500,-273
265,-500,-86
265,-499,-48
265,-498,310
265,-498,-290
265,-498,-175
265,-496,236
265,-494,-185
265,-491,313
265,-491,-177
265,-488,313
265,-488,248
265,-487,240
265,-486,-321
265,-485,-176
265,-484,220
265,-482,-76
265,-481,-182
265,-480,-341
265,-480,-64
265,-476,-327
265,-475,233
265,-469,503
265,-467,-20
265,-463,-151
265,-462,-8
265,-462,207
265,-461,-127
265,-460,-140
265,-460,-2
265,-458,-188
265,-456,213
265,-455,-128
265,-454,-10
265,-454,-355
265,-453,-133
265,-453,-148
265,-452,-356
265,-452,-13
265,-452,-209
265,-452,1
265,-450,-128
265,-449,83
265,-448,-352
265,-444,-204
265,-443,-189
265,-432,-35
265,-430,-191
265,-428,-81
265,-421,-56
265,-419,-44
265,-416,-36
265,-415,203
265,-413,-69
265,-411,180
265,-408,173
265,-407,368
265,-405,375
265,-405,152
265,-399,388
265,-398,74
265,-398,365
265,-393,28
265,-392,69
265,-392,79
265,-388,390
265,-386,92
265,-386,382
265,-385,88
265,-385,74
265,-380,118
265,-378,116
265,-368,-154
265,-368,7
265,-366,23
265,-366,-150
265,-364,-321
265,-364,-140
265,-363,10
265,-361,-228
265,-360,-264
265,-360,-140
265,-358,-155
265,-356,-140
265,-355,-154
265,-355,-155
265,-355,132
265,-350,-151
265,-350,350
265,-350,139
265,-349,341
265,-348,352
265,-348,136
265,-346,-256
265,-343,336
265,-340,340
265,-340,340
265,-340,355
265,-337,283
265,-337,271
265,-336,267
265,-336,-272
265,-334,-258
265,-334,72
265,-328,276
265,-328,464
265,-328,71
265,-326,433
265,-326,273
265,-326,434
265,-318,453
265,-311,265
265,-310,-311
265,-310,-66
265,-305,146
265,-300,99
265,-297,95
265,-297,142
265,-296,263
265,-296,-71
265,-294,111
265,-294,-51
265,-292,-65
265,-291,-64
265,-291,106
265,-290,-301
265,-290,-87
265,-289,-64
265,-289,-388
265,-289,102
265,-287,-134
265,-286,-294
265,-285,-387
265,-282,-358
265,-282,-114
265,-280,-57
265,-277,-116
265,-275,-328
265,-271,-389
265,-271,-113
265,-270,-405
265,-268,-120
265,-267,-363
265,-266,-304
265,-261,-321
265,-260,-463
265,-257,-478
265,-257,-378
265,-257,-463
265,-255,472
265,-254,-394
265,-254,470
265,-252,328
265,-250,328
265,-250,155
265,-249,-123
265,-249,325
265,-246,127
265,-245,322
265,-245,112
265,-245,-113
265,-244,-98
265,-244,-92
265,-244,-220
265,-244,340
265,-243,-481
265,-243,45
265,-243,327
265,-242,-223
265,-242,325
265,-241,131
265,-241,-223
265,-241,-221
265,-240,-482
265,-240,47
265,-240,-220
265,-240,340
265,-240,-226
265,-239,-225
265,-238,121
265,-236,-220
265,-236,340
265,-236,-115
265,-235,-484
265,-232,65
265,-232,79
265,-231,52
265,-230,475
265,-230,235
265,-229,226
265,-229,-228
265,-228,-399
265,-227,-410
265,-226,243
265,-226,-405
265,-226,-395
265,-223,204
265,-218,449
265,-212,-410
265,-211,457
265,-211,458
265,-208,1
265,-208,85
265,-207,84
265,-205,-398
265,-203,68
265,-203,205
265,-202,8
265,-201,31
265,-198,86
265,-197,72
265,-192,161
265,-187,-100
265,-186,-103
265,-185,434
265,-176,167
265,-175,390
265,-175,406
265,-175,-124
265,-174,391
265,-173,158
265,-172,167
265,-169,419
265,-168,161
265,-167,-111
265,-167,417
265,-166,251
265,-166,396
265,-166,399
265,-162,-111
265,-161,100
265,-160,-120
265,-160,97
265,-160,255
265,-158,378
265,-157,325
265,-157,105
265,-156,102
265,-154,343
265,-153,343
265,-153,84
265,-152,-207
265,-150,344
265,-149,-18
265,-147,-184
265,-146,349
265,-146,82
265,-146,-187
265,-146,266
265,-145,-199
265,-145,-187
265,-144,-193
265,-142,-6
265,-141,81
265,-138,-346
265,-135,-308
265,-133,-325
265,-131,-325
265,-124,-436
265,-124,-420
265,-122,-433
265,-121,260
265,-121,3
265,-120,-324
265,-120,-420
265,-118,-438
265,-118,260
265,-117,-433
265,-117,254
265,-116,-420
265,-114,-332
265,-114,-8
265,-112,-435
265,-110,-76
265,-110,-1
265,-110,133
265,-109,-431
265,-108,139
265,-108,197
265,-106,198
265,-104,135
265,-104,-70
265,-104,124
265,-103,-6
265,-103,146
265,-101,201
265,-100,140
265,-95,199
265,-94,-71
265,-94,-72
265,-91,-54
265,-88,135
265,-82,-39
265,-80,461
265,-78,-35
265,-78,-69
265,-71,-128
265,-70,-140
265,-70,-141
265,-69,288
265,-67,-136
265,-66,-139
265,-62,-145
265,-60,-140
265,-60,-284
265,-60,-280
265,-60,-276
265,-59,419
265,-57,410
265,-56,452
265,-55,412
265,-54,276
265,-52,450
265,-51,-288
265,-51,277
265,-49,298
265,-47,-282
265,-47,-289
265,-47,-21
265,-46,-20
265,-45,-291
265,-44,-277
265,-43,-288
265,-40,-31
265,-40,291
265,-40,-33
265,-36,-445
265,-36,-11
265,-35,192
265,-34,188
265,-34,479
265,-33,477
265,-32,-416
265,-27,-422
265,-27,-44
265,-27,186
265,-23,472
265,-20,179
265,-8,-470
265,-7,-492
265,-7,70
265,-6,191
265,-5,-22
265,-4,480
265,-4,68
265,-4,60
265,-3,-464
265,0,0
265,0,0
265,0,0
265,0,0
265,0,0
265,0,0
265,0,0
265,0,0
265,0,0
265,0,0
265,0,0
265,0,0
265,0,0
265,0,0
265,0,0
265,0,0
265,0,60
265,0,69
265,1,1
265,1,1
265,1,1
265,1,1
265,1,1
265,2,-101
265,2,471
265,4,60
265,6,69
265,6,315
265,7,-460
265,9,68
265,10,-95
265,10,428
265,11,70
265,12,440
265,12,-94
265,13,-157
265,18,-31
265,18,-31
265,18,-96
265,19,-161
265,20,323
265,20,441
265,21,-10
265,21,324
265,21,325
265,22,-480
265,26,-155
265,27,-30
265,27,357
265,27,-42
265,28,329
265,28,-154
265,29,-40
265,31,441
265,33,441
265,37,-48
265,38,-154
265,39,368
265,40,-177
265,42,-468
265,43,-450
265,44,366
265,44,27
265,45,-372
265,46,-216
265,47,-395
265,48,-83
265,48,-86
265,49,-237
265,52,-209
265,53,31
265,53,-245
265,55,-393
265,56,-235
265,56,195
265,56,-283
265,57,184
265,61,-381
265,62,-211
265,63,-399
265,66,390
265,71,52
265,71,-395
265,72,-304
265,72,27
265,75,-319
265,79,39
265,80,-319
265,81,28
265,82,-326
265,82,-306
265,86,-313
265,91,-312
265,95,-174
265,95,341
265,96,136
265,98,393
265,100,-398
265,100,-166
265,102,114
265,104,-179
265,106,-170
265,106,-406
265,109,348
265,109,-42
265,111,399
265,113,-443
265,114,219
265,114,-370
265,115,-45
265,115,-50
265,116,-441
265,116,212
265,116,-60
265,117,256
265,117,120
265,117,-50
265,118,-387
265,119,126
265,119,-393
265,120,-458
265,120,-60
265,121,200
265,123,-186
265,123,-46
265,124,-60
265,124,-51
265,124,-484
265,126,-188
265,126,-396
265,129,59
265,130,229
265,133,211
265,135,52
265,135,54
265,135,40
265,138,39
265,140,41
265,140,37
265,143,161
265,152,38
265,153,-466
265,153,163
265,154,45
265,156,163
265,158,-484
265,159,180
265,165,160
265,172,169
265,174,148
265,183,-365
265,185,401
265,186,382
265,187,213
265,188,329
265,188,229
265,190,211
265,191,405
265,193,-228
265,194,-215
265,195,-228
265,195,-352
265,196,-151
265,198,219
265,199,-136
265,200,233
265,200,341
265,200,220
265,200,-275
265,200,-226
265,200,-156
265,201,-352
265,201,-261
265,202,-142
265,204,-119
265,205,339
265,206,-145
265,210,225
265,211,-325
265,211,-320
265,215,-466
265,217,367
265,217,-333
265,220,361
265,220,-436
265,226,20
265,226,-436
265,228,-443
265,230,-466
265,230,-185
265,232,-186
265,234,145
265,235,18
265,237,-242
265,242,-249
265,242,-242
265,243,141
265,244,-464
265,244,395
265,245,127
265,245,0
265,245,393
265,246,-208
265,247,-183
265,250,6
265,252,-73
265,252,-180
265,254,-382
265,254,-212
265,255,-184
265,256,-351
265,256,-351
265,257,126
265,257,126
265,258,-287
265,260,272
265,260,41
265,260,295
265,261,-37
265,261,-13
265,262,-180
265,262,58
265,262,301
265,263,-35
265,264,45
265,265,-71
265,265,-257
265,266,312
265,267,-288
265,267,-385
265,272,-280
265,272,-288
265,274,-48
265,277,271
265,279,300
265,280,429
265,282,309
265,282,248
265,282,-384
265,284,-390
265,292,203
265,293,-383
265,294,213
265,294,336
265,294,-431
265,295,270
265,296,332
265,299,-433
265,300,336
265,304,-438
265,305,-430
265,306,-450
265,309,-385
265,316,448
265,318,209
265,319,395
265,320,126
265,320,187
265,323,-438
265,325,448
265,326,434
265,328,122
265,328,-466
265,339,115
265,340,118
265,345,-452
265,362,-490
265,393,-39
265,414,-41
265,417,-42
265,418,-191
265,420,-55
265,422,-56
265,423,-132
265,423,-103
265,423,-47
265,424,-183
265,425,-184
265,426,-184
265,426,-185
265,430,324
265,435,-474
265,443,-477
265,443,-483
265,463,13
265,463,25
265,482,83
265,485,270
265,518,74
266,-422,206
266,-406,114
266,-402,118
266,-400,117
266,-398,122
266,-395,117
266,-395,116
266,-356,162
266,-350,162
266,-340,155
266,-337,151
266,-328,280
266,-328,282
266,-321,-163
266,-319,280
266,-318,-160
266,-316,-153
266,-314,-159
266,-301,100
266,-299,100
266,-298,100
266,-286,31
266,-285,29
266,-281,30
266,-280,93
266,-280,93
266,-280,93
266,-277,-202
266,-275,10
266,-268,-202
266,-266,4
266,-265,-207
266,-261,156
266,-260,3
266,-260,-212
266,-256,-2
266,-251,2
266,-251,-205
266,-249,203
266,-249,-21
266,-249,-205
266,-247,241
266,-246,225
266,-245,-238
266,-244,-198
266,-241,-235
266,-241,-34
266,-240,195
266,-239,-122
266,-239,-231
266,-239,-119
266,-238,-118
266,-238,-240
266,-238,-118
266,-238,230
266,-237,-203
266,-236,-211
266,-236,-34
266,-235,-116
266,-234,-115
266,-230,240
266,-217,-259
266,-210,116
266,-208,111
266,-202,111
266,-202,114
266,-202,117
266,-198,-180
266,-195,113
266,-193,-180
266,-189,-260
266,-186,-70
266,-182,-53
266,-181,-60
266,-179,-54
266,-178,-60
266,-175,-70
266,-168,-159
266,-164,-151
266,-162,-114
266,-154,122
266,-154,-164
266,-130,124
266,-126,-164
266,-119,-30
266,-118,116
266,-117,52
266,-117,39
266,-116,116
266,-113,-49
266,-113,-80
266,-102,-132
266,-101,-148
266,-101,-140
266,-99,-149
266,-98,-140
266,-98,-46
266,-97,-130
266,-93,-42
266,-78,-178
266,-77,-23
266,-76,40
266,-75,-21
266,-73,-23
266,-72,-182
266,-69,39
266,-68,37
266,-68,39
266,-67,7
266,-66,36
266,-66,-20
266,-63,33
266,-60,4
266,-50,-2
266,-50,4
266,-50,-206
266,-49,-7
266,-47,-200
266,-46,-32
266,-44,-44
266,-43,-210
266,-43,-42
266,-41,-84
266,-39,-77
266,-39,30
266,-24,16
266,-24,16
266,-18,44
266,-13,46
266,-12,35
266,-2,-40
266,0,0
266,0,0
266,0,0
266,0,0
266,0,0
266,0,0
266,0,0
266,0,0
266,0,0
266,0,0
266,0,0
266,0,0
266,0,0
266,0,0
266,0,0
266,1,-84
266,1,1
266,1,1
266,1,1
266,1,1
266,1,1
266,2,-76
266,2,50
266,4,43
266,6,-33
266,11,5
266,12,-2
266,16,-6
266,19,-10
266,19,8
266,26,31
266,30,2
266,30,38
266,33,38
266,33,-35
266,37,-103
266,40,-94
266,40,38
266,40,-36
266,42,41
266,43,-25
266,44,-156
266,46,-31
266,49,-104
266,51,-86
266,51,-205
266,55,-207
266,57,183
266,59,-45
266,62,-30
266,62,-74
266,63,-161
266,65,-202
266,65,-29
266,68,-99
266,69,-158
266,70,-160
266,73,-106
266,79,47
266,79,-101
266,80,-101
266,81,38
266,82,42
266,83,39
266,86,42
266,90,39
266,97,-52
266,97,-59
266,99,-191
266,99,-180
266,101,-193
266,102,-180
266,106,-170
266,106,-171
266,127,-21
266,135,-59
266,154,45
266,154,45
266,156,50
266,156,-203
266,156,-201
266,160,50
266,161,-206
266,180,-141
266,180,-138
266,180,-140
266,185,-142
266,188,-141
266,189,-142
266,192,-240
266,194,-246
266,194,-70
266,195,-242
266,197,-40
266,198,-243
266,199,-8
266,199,-243
266,199,-249
266,203,-41
266,207,-74
266,208,-17
266,208,-13
266,212,-44
266,218,-73
266,218,58
266,218,60
266,218,54
266,219,74
266,221,73
266,221,60
266,222,-1
266,230,-2
266,240,-74
266,241,-299
266,241,-299
266,241,85
266,241,93
266,254,-73
266,255,-74
266,258,-89
266,260,-205
266,269,216
266,271,216
266,274,-246
266,274,-269
266,274,-40
266,274,198
266,275,-248
266,275,-52
266,275,40
266,277,118
266,277,118
266,278,214
266,278,-286
266,278,117
266,279,-47
266,280,-6
266,280,88
266,280,34
266,281,83
266,281,-261
266,281,80
266,283,-260
266,283,-264
266,285,-8
266,286,215
266,287,112
266,287,-69
266,287,42
266,288,40
266,288,-0
266,289,1
266,289,281
266,291,34
266,302,101
266,305,-244
266,307,-239
266,309,-238
266,311,34
266,317,24
266,318,26
266,320,30
266,320,-160
266,321,-247
266,323,-161
266,325,-158
266,327,-243
266,328,-164
266,332,-19
266,332,-16
266,335,103
266,340,-21
266,340,-18
266,340,-158
266,350,-159
266,350,-22
266,351,-20
266,419,92
266,436,31
266,437,36
267,-359,311
267,-358,276
267,-355,269
267,-355,275
267,-353,318
267,-350,274
267,-347,268
267,-345,269
267,-338,-178
267,-328,153
267,-327,169
267,-325,-285
267,-323,337
267,-321,-265
267,-317,-272
267,-312,350
267,-310,-238
267,-308,-232
267,-297,-190
267,-292,265
267,-285,-192
267,-283,246
267,-282,-209
267,-277,-319
267,-277,277
267,-277,-323
267,-274,-311
267,-273,233
267,-252,-194
267,-251,-190
267,-249,74
267,-245,71
267,-245,86
267,-242,-189
267,-239,-34
267,-237,63
267,-236,-36
267,-235,57
267,-233,-37
267,-212,65
267,-208,83
267,-207,92
267,-202,-358
267,-193,40
267,-191,65
267,-190,-390
267,-189,-397
267,-187,-392
267,-184,57
267,-167,-443
267,-167,-400
267,-167,-431
267,-165,-270
267,-162,198
267,-161,-410
267,-161,-360
267,-160,-439
267,-159,-444
267,-159,-403
267,-159,-277
267,-159,-256
267,-158,-361
267,-158,-273
267,-157,190
267,-156,-3
267,-154,-256
267,-153,8
267,-150,194
267,-147,-234
267,-147,-356
267,-142,201
267,-138,-247
267,-136,-233
267,-134,-408
267,-134,-227
267,-125,117
267,-122,208
267,-119,-237
267,-118,-373
267,-114,-442
267,-113,36
267,-113,-395
267,-106,43
267,-105,-392
267,-103,-388
267,-103,115
267,-90,-332
267,-89,151
267,-88,151
267,-86,116
267,-78,-323
267,-78,42
267,-74,-310
267,-69,-406
267,-51,-398
267,-49,-402
267,-46,-49
267,-44,242
267,-43,-30
267,-42,-154
267,-41,-152
267,-40,-156
267,-40,244
267,-39,247
267,-38,-155
267,-38,9
267,-37,245
267,-35,-154
267,-35,248
267,-35,5
267,-34,-37
267,-34,11
267,-32,-46
267,-30,6
267,-29,15
267,-27,14
267,-24,72
267,-21,-199
267,-17,-200
267,-9,61
267,-6,-351
267,-5,-199
267,-1,289
267,-0,-367
267,0,0
267,0,0
267,1,70
267,1,1
267,1,1
267,1,1
267,1,1
267,1,1
267,2,410
267,3,48
267,4,-203
267,4,86
267,6,273
267,8,88
267,8,-365
267,10,-212
267,17,404
267,17,404
267,31,354
267,33,358
267,35,-238
267,37,354
267,39,245
267,40,356
267,41,423
267,45,358
267,51,-89
267,56,245
267,62,-82
267,66,-463
267,70,-73
267,71,-458
267,77,116
267,78,-366
267,79,-360
267,81,116
267,81,-248
267,83,-369
267,85,-240
267,86,103
267,89,78
267,107,-270
267,110,-274
267,111,-270
267,114,-276
267,115,-269
267,117,-272
267,120,242
267,120,-440
267,121,-439
267,121,119
267,122,-318
267,122,-309
267,122,242
267,123,39
267,123,36
267,123,-438
267,124,-437
267,125,-439
267,126,34
267,129,38
267,131,33
267,139,-229
267,140,-214
267,140,244
267,142,-289
267,145,-222
267,147,56
267,149,-128
267,157,-123
267,159,-49
267,162,-272
267,169,-123
267,186,-43
267,192,-43
267,196,104
267,196,114
267,197,-205
267,197,-205
267,199,123
267,200,-404
267,202,130
267,207,-190
267,216,-365
267,226,-354
267,228,-286
267,232,159
267,233,-271
267,236,-277
267,237,-408
267,238,-56
267,244,-61
267,244,-152
267,245,-115
267,245,-399
267,245,-115
267,246,151
267,246,-110
267,247,-350
267,249,-108
267,250,-167
267,251,-114
267,252,-110
267,273,159
267,289,166
267,295,-194
267,297,-194
267,314,-86
267,320,-299
267,324,-299
267,360,-406
267,370,-400
267,384,-395
267,385,248
267,430,-447
267,436,-440
267,442,-438
268,-418,-59
268,-368,-59
268,-368,-59
268,-365,-54
268,-353,-56
268,-351,-59
268,-318,-335
268,-317,-334
268,-317,-335
268,-310,-333
268,-310,-335
268,-284,-399
268,-281,-401
268,-278,-392
268,-277,-404
268,-276,-406
268,-275,-396
268,-264,-333
268,-262,-332
268,-260,-328
268,-258,-335
268,-248,-196
268,-245,-114
268,-245,-102
268,-244,-109
268,-244,-96
268,-243,-194
268,-239,-202
268,-234,-203
268,-234,-193
268,-234,-193
268,-233,-198
268,-226,-371
268,-226,-370
268,-223,1
268,-222,-5
268,-222,-310
268,-220,-317
268,-219,-84
268,-219,-363
268,-219,-10
268,-218,-88
268,-216,-2
268,-216,-306
268,-211,-76
268,-204,-85
268,-203,-80
268,-182,-22
268,-181,-20
268,-180,-17
268,-179,-353
268,-179,-352
268,-179,-25
268,-162,-158
268,-161,-164
268,-161,-316
268,-159,-317
268,-159,-160
268,-156,-159
268,-156,-321
268,-155,-154
268,-154,-164
268,-154,-159
268,-153,-322
268,-153,-322
268,-140,-194
268,-139,-204
268,-129,-101
268,-125,-244
268,-125,-238
268,-123,-103
268,-123,-103
268,-120,-102
268,-120,-100
268,-120,-98
268,-118,-247
268,-118,-243
268,-117,-240
268,-117,-102
268,-116,-98
268,-116,-237
268,-113,-102
268,-105,-117
268,-103,-127
268,-103,-117
268,-100,-135
268,-97,-130
268,-96,-110
268,-92,-62
268,-90,-375
268,-90,-261
268,-90,-260
268,-89,-58
268,-87,-375
268,-86,-261
268,-86,-380
268,-84,-59
268,-80,-262
268,-80,-260
268,-80,-258
268,-77,-383
268,-76,-376
268,-73,-257
268,-72,-259
268,-71,-377
268,-71,-258
268,-68,-53
268,-61,-57
268,-61,-416
268,-61,-54
268,-48,-419
268,-40,-202
268,-35,-194
268,-30,-204
268,-26,-189
268,-25,-189
268,-21,-204
268,-21,-203
268,-20,-190
268,-14,-198
268,-13,-205
268,-13,-193
268,-11,-196
268,-8,-360
268,-8,-202
268,-0,-357
268,1,1
268,1,1
268,1,1
268,1,1
268,1,1
268,1,-198
268,1,-200
268,2,-205
268,3,-359
268,15,-275
268,16,-352
268,17,-279
268,17,-279
268,17,-266
268,18,-266
268,20,-280
268,24,-270
268,25,-293
268,25,-282
268,28,-365
268,30,-361
268,34,-358
268,41,-367
268,41,-365
268,78,-181
268,82,-185
268,84,-177
268,90,-179
268,94,-223
268,95,-177
268,96,-177
268,97,-168
268,98,-227
268,98,-171
268,100,-226
268,101,-169
268,101,-220
268,102,-218
268,103,-217
268,118,-278
268,125,-289
268,128,-275
268,150,-275
268,151,-276
268,151,-260
268,151,-264
268,151,-279
268,155,-271
268,156,-246
268,156,-272
268,158,-264
268,159,-258
268,159,-249
268,160,-272
268,162,-261
268,163,-251
268,164,-258
268,171,-260
268,172,-275
268,174,-258
268,174,-278
268,175,390
268,178,385
268,179,414
268,180,385
268,188,400
268,188,266
268,197,261
268,199,421
268,199,272
268,204,261
268,208,380
268,208,381
268,211,271
268,211,271
268,215,298
268,216,304
268,217,397
268,220,432
268,221,394
268,221,330
268,223,401
268,230,342
268,230,415
268,235,341
268,240,239
268,256,340
268,258,358
268,269,473
268,271,518
268,271,493
268,274,340
268,279,340
268,284,480
268,285,501
268,294,501
268,315,276
268,317,273
268,328,279
268,333,263
268,337,478
268,338,490
268,345,496
268,346,499
268,351,245
268,351,327
268,352,329
268,353,291
268,354,276
268,354,290
268,355,313
268,355,313
268,359,231
268,363,225
268,365,279
268,374,315
268,374,303
268,375,306
268,376,248
268,393,509
268,407,515
268,416,530
268,416,520
268,418,493
268,420,507
268,420,254
268,421,481
268,421,440
268,421,407
268,421,390
268,421,457
268,423,426
268,424,528
268,429,513
268,429,459
268,438,509
268,444,513
268,444,460
268,454,414
268,470,419
268,477,309
268,483,423
268,483,322
268,483,318
268,485,421
268,492,427
268,493,431
268,501,349
268,502,430
268,507,320
268,509,316
268,511,298
268,511,428
268,512,420
268,513,280
268,514,304
268,515,270
268,517,295
268,520,294
268,520,269
268,521,419
268,523,312
268,523,316
269,-491,370
269,-484,385
269,-483,403
269,-481,390
269,-477,357
269,-476,388
269,-473,411
269,-469,355
269,-468,411
269,-466,350
269,-465,381
269,-452,344
269,-444,342
269,-444,342
269,-423,318
269,-420,311
269,-418,318
269,-412,319
269,-411,310
269,-411,305
269,-411,406
269,-404,411
269,-397,391
269,-392,404
269,-392,405
269,-372,382
269,-365,299
269,-355,293
269,-355,303
269,-352,312
269,-347,325
269,-341,292
269,-338,334
269,-326,423
269,-311,426
269,-306,341
269,-305,456
269,-304,464
269,-303,431
269,-290,355
269,-284,420
269,-283,365
269,-276,364
269,-273,354
269,-265,375
269,-250,416
269,-250,416
269,-247,415
269,-239,422
269,-239,421
269,-227,419
269,-226,415
269,-219,349
269,-219,365
269,-212,336
269,-196,461
269,-194,342
269,-190,427
269,-189,410
269,-188,409
269,-188,338
269,-183,449
269,-182,359
269,-180,378
269,-179,377
269,-175,448
269,-174,449
269,-172,455
269,-171,447
269,-166,375
269,-163,420
269,-163,515
269,-159,376
269,-157,522
269,-156,526
269,-156,378
269,-155,511
269,-144,423
269,-139,510
269,-137,508
269,-135,419
269,-134,423
269,-134,415
269,-132,506
269,-124,475
269,-124,517
269,-124,522
269,-119,495
269,-112,476
269,-50,-334
269,-39,-337
269,-37,-338
269,-30,-343
269,-3,-382
269,0,0
269,1,1
269,1,1
269,1,1
269,1,1
269,1,1
269,4,-379
269,12,-380
269,43,-73
269,43,-370
269,45,-84
269,53,-84
269,54,-84
269,56,-353
269,57,-357
269,58,-324
269,58,-322
269,58,-352
269,58,-372
269,60,-319
269,64,-364
269,66,-363
269,67,-89
269,69,5
269,71,-87
269,72,-81
269,72,-365
269,73,-82
269,73,-353
269,75,-4
269,78,-362
269,79,10
269,83,5
269,84,-356
269,90,-278
269,90,5
269,91,-278
269,91,-284
269,91,-4
269,95,-278
269,96,-158
269,98,-160
269,99,-163
269,100,-162
269,100,-160
269,102,-173
269,102,-160
269,103,-172
269,105,-285
269,105,-173
269,107,-260
269,111,-340
269,112,-267
269,119,-258
269,121,-249
269,122,-261
269,136,-21
269,138,66
269,139,74
269,142,-21
269,142,-352
269,142,-23
269,153,62
269,153,60
269,156,61
269,159,-381
269,164,61
269,164,56
269,164,55
269,166,-376
269,167,59
269,171,-377
269,172,-274
269,172,16
269,172,-274
269,173,18
269,173,-380
269,175,-327
269,175,-275
269,175,29
269,176,-287
269,177,-360
269,178,-361
269,178,-328
269,178,-350
269,179,-272
269,182,-374
269,183,-354
269,183,-319
269,184,31
269,185,-314
269,201,-138
269,203,-142
269,207,-140
269,217,17
269,218,-244
269,220,-244
269,221,5
269,222,-230
269,226,-63
269,229,-206
269,230,-62
269,230,-201
269,232,-204
269,233,-57
269,234,-199
269,235,-192
269,238,-190
269,240,-62
269,240,-60
269,240,-58
269,246,-63
269,250,-202
269,251,-62
269,252,-63
269,266,-103
269,293,-249
269,294,-285
269,294,-135
269,297,-242
269,299,-273
269,300,-249
269,300,-285
269,301,-285
269,303,-242
269,305,-240
269,308,-100
269,315,-93
269,316,-92
269,322,-98
269,324,-106
269,336,-85
269,336,-61
269,337,19
269,339,-30
269,339,-31
269,342,16
269,342,18
269,343,-68
269,345,21
269,346,20
269,348,-59
269,349,-58
269,352,-345
269,354,-341
269,355,-295
269,355,-298
269,356,-297
269,358,-157
269,359,-342
269,360,-335
269,360,-162
269,364,-302
269,370,-333
269,371,-151
269,371,-161
269,371,-47
269,372,-156
269,373,-301
269,374,-299
269,376,-53
269,378,-148
269,378,-52
269,379,-49
269,380,-302
269,380,-156
269,381,-156
269,381,-56
269,382,-342
269,385,-38
269,387,-137
269,388,-54
269,392,-135
269,395,-160
269,395,-164
269,395,-136
269,396,-122
269,396,-167
269,397,-162
269,397,-121
269,398,-136
269,398,-117
269,400,-158
269,400,-128
269,414,56
269,414,56
269,423,52
269,424,58
269,425,55
270,-578,-490
270,-576,-480
270,-575,-463
270,-575,-459
270,-574,-420
270,-574,-508
270,-573,-542
270,-570,-530
270,-569,-455
270,-568,-439
270,-567,-451
270,-566,-432
270,-565,-452
270,-564,-524
270,-562,-510
270,-562,-549
270,-559,-440
270,-559,-409
270,-557,-531
270,-557,-419
270,-556,-517
270,-555,-451
270,-555,-438
270,-554,-446
270,-554,-397
270,-554,-547
270,-551,-397
270,-550,-545
270,-550,-436
270,-549,-531
270,-548,-402
270,-546,-540
270,-546,-509
270,-542,-524
270,-541,-546
270,-539,-457
270,-534,-537
270,-530,-461
270,-517,-422
270,-515,-528
270,-513,-518
270,-511,-528
270,-499,-427
270,-499,-427
270,-498,-373
270,-495,-536
270,-494,-501
270,-490,-447
270,-489,-444
270,-486,-500
270,-485,-437
270,-474,-365
270,-473,-443
270,-472,-433
270,-472,-364
270,-470,-363
270,-461,-543
270,-451,-375
270,-451,-373
270,-444,-361
270,-442,-553
270,-440,-553
270,-438,-350
270,-437,-563
270,-422,-536
270,-420,-526
270,-419,-402
270,-413,-418
270,-406,-415
270,-405,-485
270,-404,-479
270,-400,-471
270,-399,-418
270,-394,-475
270,-394,-475
270,-391,-418
270,-381,-510
270,-381,-509
270,-368,-558
270,-364,-461
270,-359,-457
270,-352,-555
270,-346,-463
270,-341,-544
270,-335,-461
270,-332,-440
270,-331,-461
270,-330,-457
270,-329,-481
270,-327,-435
270,-327,-539
270,-325,-477
270,-325,-457
270,-324,-478
270,-324,-465
270,-322,-478
270,-314,-460
270,-313,-437
270,-310,-494
270,-309,-458
270,-306,-540
270,-302,-525
270,-295,299
270,-294,303
270,-294,299
270,-287,354
270,-287,360
270,-283,367
270,-280,368
270,-261,223
270,-259,-229
270,-252,-257
270,-251,399
270,-250,-261
270,-250,402
270,-244,122
270,-243,-258
270,-243,47
270,-243,117
270,-240,391
270,-239,116
270,-239,219
270,-237,276
270,-236,42
270,-236,47
270,-236,116
270,-235,41
270,-234,395
270,-234,273
270,-231,275
270,-230,282
270,-230,396
270,-225,106
270,-219,-144
270,-217,115
270,-215,-141
270,-210,362
270,-210,-191
270,-208,-200
270,-208,366
270,-207,194
270,-207,196
270,-206,-195
270,-205,-210
270,-203,108
270,-203,355
270,-203,366
270,-202,82
270,-200,91
270,-200,-37
270,-199,352
270,-198,113
270,-197,207
270,-197,-50
270,-196,107
270,-194,106
270,-194,-198
270,-194,-35
270,-194,90
270,-194,-40
270,-194,191
270,-192,-39
270,-188,421
270,-182,264
270,-179,429
270,-179,435
270,-178,255
270,-169,-125
270,-168,-125
270,-158,-126
270,-158,-114
270,-156,-130
270,-148,228
270,-144,362
270,-143,258
270,-142,231
270,-142,232
270,-141,355
270,-137,346
270,-137,251
270,-134,25
270,-131,252
270,-129,-38
270,-129,-198
270,-128,-195
270,-127,23
270,-127,-46
270,-126,-34
270,-126,-50
270,-124,-192
270,-120,18
270,-120,22
270,-119,-194
270,-118,-39
270,-118,146
270,-112,139
270,-111,146
270,-110,20
270,-109,19
270,-106,101
270,-106,101
270,-102,-260
270,-101,99
270,-99,-263
270,-99,216
270,-97,-262
270,-97,203
270,-95,206
270,-84,39
270,-82,47
270,-81,395
270,-80,394
270,-79,33
270,-77,33
270,-74,309
270,-74,-17
270,-72,325
270,-71,43
270,-69,324
270,-69,316
270,-68,225
270,-66,322
270,-64,218
270,-63,-233
270,-62,160
270,-62,-232
270,-61,167
270,-61,151
270,-60,167
270,-59,-1
270,-58,218
270,-58,160
270,-56,150
270,-55,331
270,-55,-237
270,-55,266
270,-54,265
270,-53,313
270,-52,454
270,-50,-322
270,-49,-326
270,-48,-158
270,-47,-161
270,-45,321
270,-45,310
270,-43,-152
270,-43,-90
270,-43,316
270,-43,-87
270,-43,439
270,-43,-318
270,-40,316
270,-39,-327
270,-36,448
270,-36,449
270,-35,327
270,-30,435
270,-26,-262
270,-24,427
270,-23,-261
270,-7,429
270,-7,-23
270,-6,88
270,-6,443
270,-5,419
270,-3,80
270,-1,429
270,-0,436
270,0,0
270,0,0
270,0,82
270,1,-22
270,1,1
270,1,1
270,1,1
270,1,1
270,1,1
270,6,74
270,9,82
270,9,423
270,9,435
270,11,234
270,11,-177
270,14,232
270,17,235
270,17,237
270,17,-171
270,19,245
270,20,-263
270,20,240
270,23,231
270,24,-256
270,26,-262
270,26,180
270,27,-227
270,28,-227
270,32,175
270,34,138
270,34,-318
270,36,322
270,37,309
270,39,-112
270,40,-105
270,40,-115
270,41,327
270,43,316
270,43,-325
270,46,-108
270,46,327
270,47,-316
270,48,-2
270,48,-326
270,49,-115
270,50,-320
270,52,8
270,52,-219
270,52,137
270,52,-0
270,54,-111
270,54,-211
270,56,-213
270,56,-2
270,57,381
270,59,491
270,62,-1
270,62,-4
270,63,-118
270,63,2
270,64,376
270,64,381
270,65,501
270,65,-307
270,71,-322
270,74,-331
270,78,-315
270,82,-320
270,84,417
270,87,416
270,87,174
270,88,-324
270,89,2
270,91,415
270,97,497
270,97,174
270,98,-40
270,99,221
270,99,-53
270,99,224
270,99,-54
270,100,220
270,101,-34
270,101,354
270,101,-32
270,101,462
270,102,-40
270,103,348
270,105,477
270,105,362
270,110,298
270,111,-277
270,111,560
270,113,558
270,120,-287
270,120,-287
270,121,559
270,122,-54
270,122,-290
270,123,123
270,127,560
270,127,123
270,134,111
270,137,123
270,137,-230
270,138,-188
270,138,-189
270,139,69
270,140,32
270,140,411
270,140,352
270,140,-208
270,140,345
270,140,39
270,141,345
270,145,423
270,145,423
270,146,-13
270,147,122
270,150,116
270,151,299
270,154,300
270,155,138
270,155,-135
270,155,160
270,155,-142
270,156,510
270,159,162
270,159,138
270,160,298
270,160,302
270,161,-145
270,161,522
270,162,520
270,164,-139
270,165,146
270,165,513
270,172,-139
270,173,299
270,173,300
270,181,398
270,191,-195
270,191,463
270,194,-194
270,194,-24
270,196,463
270,196,368
270,197,354
270,198,353
270,198,-19
270,199,370
270,200,-191
270,200,-21
270,200,360
270,200,-209
270,201,-25
270,202,360
270,202,-14
270,202,-14
270,203,-14
270,204,353
270,204,140
270,210,456
270,212,137
270,217,27
270,218,48
270,218,40
270,218,504
270,219,487
270,220,476
270,220,26
270,220,464
270,222,489
270,222,40
270,222,53
270,228,288
270,230,282
270,230,270
270,232,-124
270,233,-258
270,233,-113
270,234,284
270,239,276
270,241,-259
270,241,-128
270,241,-259
270,242,381
270,242,-123
270,254,1
270,255,-2
270,256,199
270,258,-71
270,261,197
270,262,82
270,269,74
270,271,83
270,271,482
270,274,425
270,276,419
270,277,-23
270,277,-22
270,277,-200
270,277,-204
270,277,482
270,277,475
270,278,489
270,278,72
270,278,106
270,283,-207
270,284,-192
270,285,102
270,285,99
270,286,300
270,289,-201
270,294,-255
270,299,212
270,299,514
270,299,213
270,300,313
270,302,174
270,302,-133
270,302,-261
270,303,-270
270,307,18
270,314,-122
270,316,-112
270,317,-123
270,319,260
270,319,365
270,321,257
270,326,17
270,328,362
270,331,21
270,338,-185
270,338,-217
270,342,-191
270,346,302
270,349,191
270,349,304
270,354,85
270,354,-214
270,355,-43
270,356,-38
270,357,141
270,357,191
270,357,141
270,358,197
270,358,432
270,359,-48
270,360,-31
270,360,447
270,363,430
270,364,193
270,366,445
270,366,191
270,373,-218
270,375,-220
270,376,285
270,376,298
270,379,279
270,381,-168
270,383,-145
270,386,-148
270,388,118
270,393,476
270,395,4
270,396,121
270,397,112
270,397,355
270,398,112
270,398,6
270,399,126
270,403,-0
270,404,365
270,404,480
270,404,488
270,407,-60
270,409,484
270,409,-1
270,415,-189
270,415,194
270,416,185
270,419,-66
270,419,205
270,419,184
270,422,353
270,422,-200
270,425,-193
270,426,351
270,428,138
270,429,66
270,429,361
270,430,138
270,431,358
270,436,279
270,436,269
270,436,63
270,438,285
270,440,-113
270,440,138
270,440,142
270,443,-123
270,445,279
270,445,-120
270,446,-118
270,447,275
270,448,137
270,452,136
270,453,350
270,454,103
270,455,-179
270,455,206
270,458,-183
270,459,349
270,459,53
270,460,356
270,461,206
270,462,178
270,463,351
270,463,48
270,463,32
270,463,363
270,463,363
270,464,349
270,465,179
270,466,181
270,476,259
270,486,258
270,486,-48
270,488,-52
270,493,-36
270,502,303
270,502,-46
270,504,293
270,507,299
270,513,-39
270,520,-28
270,521,-50
270,523,-84
270,525,-70
270,529,-77
270,529,-77
270,529,-36
270,536,17
270,541,40
271,-337,132
271,-337,137
271,-333,133
271,-332,137
271,-316,115
271,-185,437
271,-182,461
271,-182,436
271,-181,439
271,-180,467
271,-179,435
271,-179,440
271,-178,465
271,-175,438
271,-120,220
271,-116,220
271,-113,223
271,-113,219
271,-102,208
271,-102,203
271,-102,31
271,-100,220
271,-97,217
271,-97,215
271,-91,225
271,-91,225
271,-89,221
271,0,0
271,0,0
271,0,0
271,0,0
271,0,0
271,0,0
271,0,0
271,0,0
271,0,0
271,0,0
271,0,0
271,0,0
271,0,0
271,0,0
271,0,0
271,0,0
271,0,0
271,0,0
271,0,0
271,0,0
271,0,0
271,0,0
271,0,0
271,0,0
271,0,0
271,0,0
271,0,0
271,0,0
271,0,0
271,0,0
271,0,0
271,0,0
271,0,0
271,0,0
271,0,0
271,0,0
271,0,0
271,0,0
271,0,0
271,0,0
271,0,0
271,0,0
271,0,0
271,0,0
271,0,0
271,0,0
271,0,0
271,0,0
271,0,0
271,0,0
271,0,0
271,0,0
271,0,0
271,0,0
271,0,0
271,0,0
271,0,0
271,0,0
271,0,0
271,0,0
271,0,0
271,0,0
271,0,0
271,0,0
271,0,0
271,0,0
271,0,0
271,0,0
271,0,0
271,0,0
271,0,0
271,0,0
271,0,0
271,0,0
271,0,0
271,0,0
271,0,0
271,0,0
271,0,0
271,0,0
271,0,0
271,0,0
271,0,0
271,0,0
271,0,0
271,0,0
271,0,0
271,0,0
271,0,0
271,0,0
271,0,0
271,0,0
271,0,0
271,0,0
271,0,0
271,0,0
271,0,0
271,0,0
271,0,0
271,0,0
271,0,0
271,0,0
271,0,0
271,0,0
271,0,0
271,0,0
271,0,0
271,0,0
271,0,0
271,0,0
271,0,0
271,0,0
271,0,0
271,0,0
271,0,0
271,0,0
271,0,0
271,0,0
271,0,0
271,0,0
271,0,0
271,0,0
271,0,0
271,0,0
271,0,0
271,0,0
271,0,0
271,0,0
271,0,0
271,0,0
271,0,0
271,0,0
271,0,0
271,0,0
271,0,0
271,0,0
271,0,0
271,0,0
271,0,0
271,0,0
271,0,0
271,0,0
271,0,0
271,0,0
271,0,0
271,0,0
271,0,0
271,0,0
271,0,0
271,0,0
271,0,0
271,0,0
271,0,0
271,0,0
271,0,0
271,0,0
271,0,0
271,0,0
271,0,0
271,0,0
271,0,0
271,0,0
271,0,0
271,0,0
271,0,0
271,0,0
271,0,0
271,0,0
271,0,0
271,0,0
271,0,0
271,0,0
271,0,0
271,0,0
271,0,0
271,0,0
271,0,0
271,0,0
271,0,0
271,0,0
271,0,0
271,0,0
271,0,0
271,0,0
271,0,0
271,0,0
271,0,0
271,0,0
271,0,0
271,0,0
271,0,0
271,0,0
271,0,0
271,0,0
271,0,0
271,0,0
271,0,0
271,0,0
271,0,0
271,0,0
271,0,0
271,0,0
271,0,0
271,0,0
271,0,0
271,0,0
271,0,0
271,0,0
271,0,0
271,0,0
271,0,0
271,0,0
271,0,0
271,0,0
271,0,0
271,0,0
271,0,0
271,0,0
271,0,0
271,0,0
271,0,0
271,0,0
271,0,0
271,0,0
271,0,0
271,0,0
271,0,0
271,0,0
271,0,0
271,0,0
271,0,0
271,0,0
271,0,0
271,0,0
271,0,0
271,0,0
271,0,0
271,0,0
271,0,0
271,0,0
271,0,0
271,0,0
271,0,0
271,0,0
271,0,0
271,0,0
271,0,0
271,0,0
271,0,0
271,0,0
271,0,0
271,0,0
271,0,0
271,0,0
271,0,0
271,0,0
271,0,0
271,0,0
271,0,0
271,0,0
271,0,0
271,0,0
271,0,0
271,0,0
271,0,0
271,0,0
271,0,0
271,0,0
271,0,0
271,0,0
271,0,0
271,0,0
271,0,0
271,0,0
271,0,0
271,0,0
271,0,0
271,0,0
271,0,0
271,0,0
271,0,0
271,0,0
271,0,0
271,0,0
271,0,0
271,0,0
271,0,0
271,0,0
271,0,0
271,0,0
271,0,0
271,0,0
271,0,0
271,0,0
271,0,0
271,0,0
271,0,0
271,0,0
271,0,0
271,0,0
271,0,0
271,0,0
271,0,0
271,0,0
271,0,0
271,0,0
271,0,0
271,0,0
271,0,0
271,0,0
271,0,0
271,0,0
271,0,0
271,0,0
271,0,0
271,0,0
271,0,0
271,0,0
271,0,0
271,0,0
271,0,0
271,0,0
271,0,0
271,0,0
271,0,0
271,0,0
271,0,0
271,0,0
271,0,0
271,0,0
271,0,0
271,0,0
271,0,0
271,0,0
271,0,0
271,0,0
271,0,0
271,0,0
271,0,0
271,0,0
271,0,0
271,0,0
271,0,0
271,0,0
271,0,0
271,0,0
271,0,0
271,0,0
271,0,0
271,0,0
271,0,0
271,0,0
271,0,0
271,0,0
271,0,0
271,0,0
271,0,0
271,0,0
271,0,0
271,0,0
271,0,0
271,0,0
271,0,0
271,0,0
271,0,0
271,0,0
271,0,0
271,0,0
271,0,0
271,0,0
271,0,0
271,0,0
271,0,0
271,0,0
271,0,0
271,0,0
271,0,0
271,0,0
271,0,0
271,0,0
271,0,0
271,0,0
271,0,0
271,0,0
271,0,0
271,0,0
271,0,0
271,0,0
271,0,0
271,0,0
271,0,0
271,0,0
271,0,0
271,0,0
271,0,0
271,0,0
271,0,0
271,0,0
271,0,0
271,0,0
271,0,0
271,0,0
271,0,0
271,0,0
271,0,0
271,0,0
271,0,0
271,0,0
271,0,0
271,0,0
271,0,0
271,0,0
271,0,0
271,0,0
271,0,0
271,0,0
271,0,0
271,0,0
271,0,0
271,0,0
271,0,0
271,0,0
271,0,0
271,0,0
271,0,0
271,0,0
271,0,0
271,0,0
271,0,0
271,0,0
271,0,0
271,0,0
271,0,0
271,0,0
271,0,0
271,0,0
271,0,0
271,0,0
271,0,0
271,0,0
271,0,0
271,0,0
271,0,0
271,0,0
271,0,0
271,0,0
271,0,0
271,0,0
271,0,0
271,0,0
271,0,0
271,0,0
271,0,0
271,0,0
271,0,0
271,0,0
271,0,0
271,0,0
271,0,0
271,0,0
271,0,0
271,0,0
271,0,0
271,0,0
271,0,0
271,0,0
271,0,0
271,0,0
271,0,0
271,0,0
271,0,0
271,0,0
271,0,0
271,0,0
271,0,0
271,0,0
271,0,0
271,0,0
271,0,0
271,0,0
271,0,0
271,0,0
271,0,0
271,0,0
271,0,0
271,0,0
271,0,0
271,0,0
271,0,0
271,0,0
271,0,0
271,0,0
271,0,0
271,0,0
271,0,0
271,0,0
271,0,0
271,0,0
271,0,0
271,0,0
271,0,0
271,0,0
271,0,0
271,0,0
271,0,0
271,0,0
271,0,0
271,0,0
271,0,0
271,0,0
271,0,0
271,0,0
271,0,0
271,0,0
271,0,0
271,0,0
271,0,0
271,0,0
271,0,0
271,0,0
271,0,0
271,0,0
271,0,0
271,0,0
271,0,0
271,0,0
271,0,0
271,0,0
271,0,0
271,0,0
271,0,0
271,0,0
271,0,0
271,0,0
271,0,0
271,0,0
271,0,0
271,0,0
271,0,0
271,0,0
271,0,0
271,0,0
271,0,0
271,0,0
271,0,0
271,0,0
271,0,0
271,0,0
271,0,0
271,0,0
271,0,0
271,0,0
271,0,0
271,0,0
271,0,0
271,0,0
271,0,0
271,0,0
271,0,0
271,0,0
271,0,0
271,0,0
271,0,0
271,0,0
271,0,0
271,0,0
271,0,0
271,0,0
271,0,0
271,0,0
271,0,0
271,0,0
271,0,0
271,0,0
271,0,0
271,0,0
271,0,0
271,0,0
271,0,0
271,0,0
271,0,0
271,0,0
271,0,0
271,0,0
271,0,0
271,0,0
271,0,0
271,0,0
271,0,0
271,0,0
271,0,0
271,0,0
271,0,0
271,0,0
271,0,0
271,0,0
271,0,0
271,0,0
271,0,0
271,0,0
271,0,0
271,0,0
271,0,0
271,0,0
271,0,0
271,0,0
271,0,0
271,0,0
271,0,0
271,0,0
271,0,0
271,0,0
271,0,0
271,0,0
271,0,0
271,0,0
271,0,0
271,0,0
271,0,0
271,0,0
271,0,0
271,0,0
271,0,0
271,0,0
271,0,0
271,0,0
271,0,0
271,0,0
271,0,0
271,0,0
271,0,0
271,0,0
271,0,0
271,0,0
271,0,0
271,0,0
271,0,0
271,0,0
271,0,0
271,0,0
271,0,0
271,0,0
271,0,0
271,0,0
271,0,0
271,0,0
271,0,0
271,0,0
271,0,0
271,0,0
271,0,0
271,0,0
271,0,0
271,0,0
271,0,0
271,0,0
271,0,0
271,0,0
271,0,0
271,0,0
271,0,0
271,0,0
271,0,0
271,0,0
271,0,0
271,0,0
271,0,0
271,0,0
271,0,0
271,0,0
271,0,0
271,0,0
271,0,0
271,0,0
271,0,0
271,0,0
271,0,0
271,0,0
271,0,0
271,0,0
271,0,0
271,0,0
271,0,0
271,0,0
271,0,0
271,0,0
271,0,0
271,0,0
271,0,0
271,0,0
271,0,0
271,0,0
271,0,0
271,0,0
271,0,0
271,0,0
271,0,0
271,0,0
271,0,0
271,0,0
271,0,0
271,0,0
271,0,0
271,0,0
271,0,0
271,0,0
271,0,0
271,0,0
271,0,0
271,0,0
271,0,0
271,0,0
271,0,0
271,0,0
271,0,0
271,0,0
271,0,0
271,0,0
271,0,0
271,0,0
271,0,0
271,0,0
271,0,0
271,0,0
271,0,0
271,0,0
271,0,0
271,0,0
271,0,0
271,0,0
271,0,0
271,0,0
271,0,0
271,0,0
271,0,0
271,0,0
271,0,0
271,0,0
271,0,0
271,0,0
271,0,0
271,0,0
271,0,0
271,0,0
271,0,0
271,0,0
271,0,0
271,0,0
271,0,0
271,0,0
271,0,0
271,0,0
271,0,0
271,0,0
271,0,0
271,0,0
271,0,0
271,0,0
271,0,0
271,0,0
271,0,0
271,0,0
271,0,0
271,0,0
271,0,0
271,0,0
271,0,0
271,0,0
271,0,0
271,0,0
271,0,0
271,0,0
271,0,0
271,0,0
271,0,0
271,0,0
271,0,0
271,0,0
271,0,0
271,0,0
271,0,0
271,0,0
271,0,0
271,0,0
271,0,0
271,0,0
271,0,0
271,0,0
271,0,0
271,0,0
271,0,0
271,0,0
271,0,0
271,0,0
271,0,0
271,0,0
271,0,0
271,0,0
271,0,0
271,0,0
271,0,0
271,0,0
271,0,0
271,0,0
271,0,0
271,0,0
271,0,0
271,0,0
271,0,0
271,0,0
271,0,0
271,0,0
271,0,0
271,0,0
271,0,0
272,-531,129
272,-527,163
272,-518,130
272,-501,119
272,-498,163
272,-488,166
272,-487,139
272,-487,163
272,-478,165
272,-464,129
272,-457,75
272,-457,78
272,-452,255
272,-451,241
272,-450,248
272,-441,140
272,-436,140
272,-436,280
272,-429,252
272,-416,186
272,-412,178
272,-410,176
272,-408,269
272,-403,270
272,-400,252
272,-398,270
272,-392,271
272,-370,117
272,-369,109
272,-368,87
272,-363,178
272,-360,182
272,-358,95
272,-337,69
272,-337,70
272,-336,116
272,-332,298
272,-330,244
272,-329,196
272,-328,128
272,-328,302
272,-324,196
272,-322,-83
272,-321,199
272,-318,-85
272,-316,-92
272,-316,209
272,-316,-78
272,-312,-77
272,-310,-91
272,-307,298
272,-303,299
272,-289,324
272,-287,316
272,-280,319
272,-264,1
272,-262,246
272,-260,1
272,-260,5
272,-260,4
272,-259,243
272,-258,8
272,-245,110
272,-237,135
272,-236,170
272,-234,116
272,-232,263
272,-228,261
272,-212,-5
272,-212,-82
272,-210,-1
272,-210,62
272,-210,65
272,-206,-5
272,-204,122
272,-204,143
272,-202,-84
272,-201,12
272,-200,59
272,-199,-72
272,-198,111
272,-198,-82
272,-197,133
272,-196,146
272,-196,162
272,-194,148
272,-192,-3
272,-191,156
272,-191,-1
272,-189,-82
272,-184,55
272,-183,61
272,-181,57
272,-180,173
272,-180,59
272,-180,299
272,-177,185
272,-176,58
272,-164,299
272,-160,298
272,-160,302
272,-160,202
272,-156,302
272,-155,302
272,-153,194
272,-142,58
272,-141,54
272,-141,58
272,-141,62
272,-141,59
272,-134,63
272,-122,418
272,-122,-83
272,-119,418
272,-116,-76
272,-114,-87
272,-112,-79
272,-107,19
272,-104,-78
272,-102,-87
272,-100,-60
272,-99,-85
272,-96,44
272,-96,24
272,-93,26
272,-93,-62
272,-92,124
272,-91,405
272,-90,17
272,-85,411
272,-84,112
272,-83,-92
272,-82,276
272,-82,115
272,-82,-62
272,-81,23
272,-81,108
272,-78,-72
272,-75,-35
272,-74,114
272,-74,405
272,-72,-52
272,-72,-71
272,-72,93
272,-70,-61
272,-69,388
272,-69,-59
272,-66,-23
272,-65,-24
272,-64,86
272,-62,77
272,-62,80
272,-60,-16
272,-59,303
272,-58,77
272,-58,80
272,-56,297
272,-49,113
272,-46,281
272,-45,110
272,-42,448
272,-41,431
272,-41,431
272,-40,121
272,-38,118
272,-37,328
272,-36,279
272,-32,118
272,-31,113
272,0,0
272,1,1
272,1,1
272,1,1
272,1,1
272,1,1
272,4,-74
272,7,-79
272,12,465
272,13,475
272,15,-90
272,17,-73
272,17,473
272,20,257
272,20,475
272,21,-84
272,23,-96
272,23,-75
272,23,261
272,26,-97
272,26,-80
272,27,-75
272,27,-78
272,37,-124
272,37,-102
272,40,-122
272,40,-110
272,44,-86
272,46,-112
272,47,-97
272,48,-124
272,51,-117
272,69,421
272,73,422
272,171,-478
272,179,-306
272,181,-461
272,181,-481
272,184,-464
272,185,-321
272,193,-306
272,203,-440
272,209,-432
272,219,-458
272,220,-422
272,224,-460
272,238,-336
272,238,-416
272,240,-427
272,241,-411
272,247,-347
272,250,-336
272,254,-258
272,254,-337
272,258,-257
272,261,-407
272,269,-384
272,273,-240
272,279,-247
272,284,-321
272,287,-314
272,289,-483
272,292,-485
272,293,-247
272,296,-477
272,298,-339
272,301,-478
272,306,-346
272,310,-369
272,311,-442
272,312,-438
272,316,-504
272,316,-251
272,317,-478
272,318,-506
272,319,-333
272,321,-244
272,323,-369
272,324,-309
272,325,-366
272,326,-446
272,328,-342
272,329,-519
272,330,-355
272,330,-474
272,332,-497
272,342,-218
272,343,-216
272,347,-354
272,350,-348
272,350,-214
272,351,-348
272,352,-469
272,352,-470
272,369,-219
272,378,-493
272,387,-504
272,390,-377
272,390,-493
272,393,-508
272,395,-388
272,395,-297
272,396,-297
272,398,-497
272,399,-495
272,400,-371
272,402,-490
272,402,-222
272,407,-296
272,410,-383
272,413,-302
272,433,-517
272,434,-276
272,439,-290
272,444,-272
272,444,-271
272,444,-288
272,447,-411
272,447,-285
272,450,-523
272,455,-416
272,475,-269
272,478,-439
272,479,-260
272,485,-448
272,485,-448
272,495,-425
272,516,-421
272,535,-413
272,542,-421
272,551,-422
273,-452,-511
273,-450,-481
273,-447,-488
273,-445,-481
273,-443,-486
273,-439,-481
273,-437,-509
273,-436,-498
273,-428,-500
273,-421,-394
273,-419,-406
273,-419,-503
273,-418,-400
273,-414,-462
273,-407,-360
273,-404,-359
273,-399,-461
273,-396,-521
273,-395,-357
273,-382,-360
273,-370,-260
273,-370,-246
273,-369,-279
273,-366,-457
273,-366,-286
273,-364,-361
273,-360,-359
273,-360,-352
273,-359,-457
273,-359,-359
273,-359,-266
273,-358,-369
273,-358,-453
273,-357,-274
273,-354,-455
273,-354,-269
273,-353,-290
273,-351,-289
273,-351,-247
273,-350,-351
273,-349,-353
273,-348,-266
273,-342,-469
273,-342,-479
273,-339,-380
273,-334,-381
273,-332,-301
273,-328,-220
273,-325,-301
273,-323,-427
273,-320,-498
273,-320,-220
273,-319,-385
273,-317,-498
273,-313,-421
273,-312,-298
273,-304,-380
273,-300,-300
273,-286,-264
273,-281,-267
273,-272,-500
273,-270,-501
273,-267,-500
273,-263,-501
273,-249,-360
273,-247,-317
273,-245,-320
273,-245,-356
273,-242,-367
273,-241,-337
273,-238,-339
273,-238,-322
273,-236,-481
273,-235,-474
273,-234,-310
273,-233,-482
273,-226,-471
273,-222,-237
273,-221,-233
273,-221,-242
273,-219,-482
273,-215,-300
273,-210,-300
273,-206,-473
273,-204,-436
273,-201,-445
273,-199,-189
273,-192,-194
273,-191,-442
273,-191,-471
273,-190,-470
273,-188,-195
273,-184,-299
273,-183,-369
273,-182,-194
273,-182,-297
273,-177,-210
273,-176,-361
273,-174,-193
273,-168,-216
273,-167,-190
273,-161,-215
273,-159,-213
273,-158,-210
273,-155,-205
273,-154,-214
273,-82,208
273,-82,222
273,-82,239
273,-80,227
273,-80,240
273,-78,248
273,-77,210
273,-76,213
273,-76,228
273,-74,211
273,-48,217
273,-44,219
273,-18,251
273,-17,251
273,-17,251
273,-13,255
273,-11,185
273,-3,182
273,1,1
273,1,1
273,1,1
273,1,1
273,1,1
273,9,224
273,19,203
273,19,202
273,20,208
273,20,239
273,40,180
273,46,260
273,59,162
273,59,195
273,60,153
273,60,229
273,62,288
273,66,145
273,69,296
273,70,296
273,75,258
273,77,219
273,95,179
273,96,149
273,96,152
273,99,284
273,99,157
273,99,424
273,100,419
273,100,424
273,103,283
273,104,274
273,107,222
273,114,259
273,129,420
273,132,258
273,137,191
273,137,256
273,138,194
273,140,200
273,141,370
273,153,343
273,155,395
273,157,388
273,157,405
273,159,400
273,160,395
273,160,400
273,165,343
273,193,-123
273,193,278
273,193,419
273,194,308
273,194,-143
273,194,-145
273,195,-156
273,198,-129
273,198,275
273,201,-117
273,203,-164
273,203,-144
273,204,309
273,208,-165
273,209,304
273,211,282
273,212,325
273,212,-125
273,214,301
273,216,-140
273,216,85
273,217,308
273,218,74
273,218,-161
273,218,313
273,219,82
273,219,87
273,220,301
273,220,402
273,220,402
273,220,85
273,222,-166
273,224,398
273,228,309
273,230,333
273,234,-17
273,235,-167
273,235,-20
273,237,-163
273,237,-171
273,238,-14
273,238,-23
273,238,-15
273,240,-22
273,241,-164
273,242,-167
273,247,317
273,248,325
273,255,336
273,256,120
273,258,115
273,259,419
273,260,406
273,260,424
273,261,439
273,264,117
273,265,261
273,265,102
273,272,260
273,273,101
273,277,46
273,277,-75
273,278,49
273,278,49
273,279,47
273,279,-90
273,279,-84
273,280,51
273,280,98
273,280,102
273,280,258
273,280,262
273,281,49
273,282,50
273,286,-73
273,287,101
273,287,381
273,288,-88
273,289,42
273,289,138
273,291,101
273,291,260
273,291,260
273,292,-96
273,292,-92
273,293,-77
273,293,481
273,294,-78
273,296,140
273,297,6
273,298,3
273,300,-92
273,301,-86
273,302,12
273,302,-3
273,302,399
273,303,397
273,304,-6
273,304,405
273,305,-2
273,306,475
273,306,482
273,309,-71
273,310,-71
273,314,-87
273,315,-74
273,324,-22
273,326,-78
273,328,419
273,333,166
273,333,454
273,334,156
273,336,-23
273,336,449
273,337,-24
273,337,164
273,337,299
273,339,227
273,340,238
273,341,394
273,341,238
273,341,233
273,342,171
273,342,156
273,344,-22
273,344,380
273,344,-22
273,349,363
273,349,357
273,349,277
273,351,289
273,352,283
273,352,277
273,353,418
273,353,362
273,356,-150
273,356,151
273,357,351
273,358,154
273,361,-164
273,362,152
273,363,-161
273,363,418
273,365,164
273,366,-161
273,369,-161
273,370,150
273,371,-150
273,374,258
273,374,-150
273,375,-171
273,375,381
273,376,395
273,377,391
273,378,249
273,379,244
273,380,317
273,380,244
273,382,396
273,383,312
273,386,-164
273,392,-167
273,393,-167
273,395,276
273,396,-156
273,400,278
273,400,286
273,403,283
273,403,281
273,407,-166
273,408,284
273,409,-158
273,412,-167
273,421,313
273,421,222
273,422,335
273,424,318
273,424,317
273,424,319
273,430,220
273,434,358
273,438,221
273,438,220
273,442,358
273,443,359
273,445,355
273,447,363
273,477,191
273,481,204
273,489,205
274,-861,-54
274,-859,-47
274,-858,12
274,-857,-36
274,-855,-14
274,-835,13
274,-823,-12
274,-820,-230
274,-803,-18
274,-781,181
274,-749,-223
274,-740,-217
274,-710,-91
274,-706,178
274,-700,182
274,-697,-77
274,-696,-99
274,-688,-91
274,-687,-72
274,-686,-88
274,-668,258
274,-664,336
274,-660,20
274,-660,29
274,-659,13
274,-656,-86
274,-655,258
274,-650,18
274,-649,-73
274,-647,52
274,-641,-81
274,-635,60
274,-635,52
274,-625,-86
274,-625,49
274,-624,-63
274,-619,-69
274,-619,-82
274,-583,-263
274,-577,-266
274,-575,-345
274,-546,65
274,-544,-98
274,-543,-94
274,-542,51
274,-540,-220
274,-540,-100
274,-540,60
274,-539,59
274,-538,-93
274,-535,140
274,-535,-217
274,-531,-181
274,-529,211
274,-528,218
274,-527,225
274,-526,-206
274,-524,166
274,-523,189
274,-522,152
274,-522,207
274,-521,-220
274,-520,145
274,-519,178
274,-518,209
274,-514,139
274,-511,-181
274,-511,-181
274,-499,-211
274,-492,377
274,-490,-420
274,-485,-343
274,-484,-429
274,-482,-408
274,-477,302
274,-472,380
274,-471,325
274,-470,377
274,-468,372
274,-466,321
274,-466,-387
274,-466,-421
274,-457,-394
274,-455,364
274,-454,323
274,-451,-393
274,-450,316
274,-450,-379
274,-449,-344
274,-448,386
274,-448,-417
274,-444,-424
274,-438,300
274,-437,-414
274,-436,386
274,-433,-427
274,-429,-339
274,-428,384
274,-418,-182
274,-414,151
274,-413,139
274,-409,-200
274,-408,-184
274,-406,164
274,-402,-208
274,-402,-268
274,-400,-227
274,-400,142
274,-399,-190
274,-391,141
274,-390,-268
274,-390,-181
274,-389,149
274,-388,-253
274,-381,-269
274,-380,-100
274,-380,60
274,-380,-96
274,-380,141
274,-379,-96
274,-378,-97
274,-374,140
274,-374,58
274,-372,66
274,-372,64
274,-331,-378
274,-301,-91
274,-298,43
274,-298,51
274,-296,-73
274,-290,56
274,-289,43
274,-283,-92
274,-274,-86
274,-272,-61
274,-271,-70
274,-266,-88
274,-263,-100
274,-262,-386
274,-262,303
274,-262,40
274,-262,49
274,-261,35
274,-261,300
274,-259,221
274,-258,-370
274,-233,51
274,-231,60
274,-230,29
274,-229,51
274,-224,21
274,-215,-225
274,-214,-212
274,-212,47
274,-178,177
274,-174,185
274,-151,-220
274,-93,94
274,213,-139
274,216,-216
274,221,-142
274,252,-301
274,255,104
274,258,92
274,259,269
274,259,-332
274,259,291
274,259,-320
274,260,-308
274,262,297
274,262,-326
274,264,-315
274,267,-343
274,268,300
274,268,271
274,272,276
274,274,-7
274,274,-331
274,274,-31
274,277,-57
274,278,277
274,279,270
274,279,-319
274,279,300
274,280,-21
274,280,17
274,280,281
274,281,273
274,282,-57
274,286,267
274,288,268
274,289,-313
274,289,-330
274,290,288
274,290,-322
274,292,293
274,292,272
274,294,-332
274,295,-58
274,296,-314
274,296,-329
274,297,-317
274,297,254
274,299,300
274,299,19
274,299,20
274,301,-312
274,303,-311
274,339,168
274,370,339
274,378,-186
274,381,-21
274,384,-141
274,386,-178
274,403,-4
274,404,-153
274,408,-160
274,414,-30
274,420,-163
274,420,-160
274,420,-157
274,425,-17
274,426,99
274,428,155
274,428,173
274,432,-165
274,432,129
274,435,-31
274,436,-148
274,436,-34
274,437,140
274,438,180
274,440,140
274,441,171
274,441,99
274,443,140
274,444,151
274,444,125
274,445,98
274,449,-340
274,452,-341
274,452,-138
274,452,-134
274,453,-173
274,456,-336
274,463,341
274,467,343
274,541,292
274,541,277
274,542,-341
274,543,-314
274,543,-337
274,549,285
274,556,-182
274,560,281
274,568,-320
274,568,-315
274,570,139
274,571,-321
274,571,-173
274,571,168
274,573,-193
274,575,273
274,580,180
274,580,272
274,581,149
274,584,-153
274,586,-214
274,588,-210
274,589,113
274,607,132
274,610,-319
274,611,-312
274,614,267
274,617,267
274,618,295
274,619,-331
274,701,111
274,701,-381
274,701,109
274,703,224
274,706,133
274,706,222
274,707,-144
274,707,-144
274,715,-18
274,715,-170
274,716,-146
274,717,-180
274,719,-175
274,719,-197
274,720,-180
274,723,-180
274,723,-218
274,724,114
274,725,122
274,727,-196
274,729,-215
274,735,-9
274,740,21
274,740,117
274,740,120
274,740,123
274,740,-17
274,745,-212
274,750,113
274,751,111
274,761,-20
274,768,-11
274,776,101
274,777,-388
274,780,116
274,781,124
274,781,230
274,782,-388
274,816,-215
274,826,-226
274,860,-348
274,862,270
274,862,261
274,862,-334
274,865,285
274,868,105
274,869,266
274,869,278
274,878,-309
274,879,-309
274,880,-300
274,892,-298
274,895,274
274,896,287
274,900,291
274,900,269
274,901,-300
274,901,-350
274,904,-342
274,906,-226
274,941,183
274,943,183
275,0,0
275,0,0
275,0,0
275,0,0
275,0,0
275,0,0
275,0,0
275,0,0
275,0,0
275,0,0
275,0,0
275,0,0
275,0,0
275,0,0
275,0,0
275,0,0
275,0,0
275,0,0
275,0,0
275,0,0
275,0,0
275,0,0
275,0,0
275,0,0
275,0,0
275,0,0
275,0,0
275,0,0
275,0,0
275,0,0
275,0,0
275,0,0
275,0,0
275,0,0
275,0,0
275,0,0
275,0,0
275,0,0
275,0,0
275,0,0
275,0,0
275,0,0
275,0,0
275,0,0
275,0,0
275,0,0
275,0,0
275,0,0
275,0,0
275,0,0
275,0,0
275,0,0
275,0,0
275,0,0
275,0,0
275,0,0
275,0,0
275,0,0
275,0,0
275,0,0
275,0,0
275,0,0
275,0,0
275,0,0
275,0,0
275,0,0
275,0,0
275,0,0
275,0,0
275,0,0
275,0,0
275,0,0
275,0,0
275,0,0
275,0,0
275,0,0
275,0,0
275,0,0
275,0,0
275,0,0
275,0,0
275,0,0
275,0,0
275,0,0
275,0,0
275,0,0
275,0,0
275,0,0
275,0,0
275,0,0
275,0,0
275,0,0
275,0,0
275,0,0
275,0,0
275,0,0
275,0,0
275,0,0
275,0,0
275,0,0
275,0,0
275,0,0
275,0,0
275,0,0
275,0,0
275,0,0
275,0,0
275,0,0
275,0,0
275,0,0
275,0,0
275,0,0
275,0,0
275,0,0
275,0,0
275,0,0
275,0,0
275,0,0
275,0,0
275,0,0
275,0,0
275,0,0
275,0,0
275,0,0
275,0,0
275,0,0
275,0,0
275,0,0
275,0,0
275,0,0
275,0,0
275,0,0
275,0,0
275,0,0
275,0,0
275,0,0
275,0,0
275,0,0
275,0,0
275,0,0
275,0,0
275,0,0
275,0,0
275,0,0
275,0,0
275,0,0
275,0,0
275,0,0
275,0,0
275,0,0
275,0,0
275,0,0
275,0,0
275,0,0
275,0,0
275,0,0
275,0,0
275,0,0
275,0,0
275,0,0
275,0,0
275,0,0
275,0,0
275,0,0
275,0,0
275,0,0
275,0,0
275,0,0
275,0,0
275,0,0
275,0,0
275,0,0
275,0,0
275,0,0
275,0,0
275,0,0
275,0,0
275,0,0
275,0,0
275,0,0
275,0,0
275,0,0
275,0,0
275,0,0
275,0,0
275,0,0
275,0,0
275,0,0
275,0,0
275,0,0
275,0,0
275,0,0
275,0,0
275,0,0
275,0,0
275,0,0
275,0,0
275,0,0
275,0,0
275,0,0
275,0,0
275,0,0
275,0,0
275,0,0
275,0,0
275,0,0
275,0,0
275,0,0
275,0,0
275,0,0
275,0,0
275,0,0
275,0,0
275,0,0
275,0,0
275,0,0
275,0,0
275,0,0
275,0,0
275,0,0
275,0,0
275,0,0
275,0,0
275,0,0
275,0,0
275,0,0
275,0,0
275,0,0
275,0,0
275,0,0
275,0,0
275,0,0
275,0,0
275,0,0
275,0,0
275,0,0
275,0,0
275,0,0
275,0,0
275,0,0
275,0,0
275,0,0
275,0,0
275,0,0
275,0,0
275,0,0
275,0,0
275,0,0
275,0,0
275,0,0
275,0,0
275,0,0
275,0,0
275,0,0
275,0,0
275,0,0
275,0,0
275,0,0
275,0,0
275,0,0
275,0,0
275,0,0
275,0,0
275,0,0
275,0,0
275,0,0
275,0,0
275,0,0
275,0,0
275,0,0
275,0,0
275,0,0
275,0,0
275,0,0
275,0,0
275,0,0
275,0,0
275,0,0
275,0,0
275,0,0
275,0,0
275,0,0
275,0,0
275,0,0
275,0,0
275,0,0
275,0,0
275,0,0
275,0,0
275,0,0
275,0,0
276,-903,143
276,-903,337
276,-902,176
276,-900,387
276,-899,186
276,-898,139
276,-898,345
276,-897,384
276,-895,-330
276,-893,-302
276,-892,-330
276,-892,-334
276,-891,-283
276,-887,-290
276,-886,159
276,-885,-283
276,-884,-335
276,-881,164
276,-880,346
276,-880,347
276,-879,360
276,-879,159
276,-878,348
276,-876,-295
276,-876,-272
276,-874,158
276,-872,158
276,-870,-268
276,-869,-294
276,-868,353
276,-868,170
276,-866,-141
276,-866,360
276,-863,-143
276,-862,336
276,-862,-186
276,-860,382
276,-858,-180
276,-858,186
276,-858,381
276,-858,134
276,-856,183
276,-855,338
276,-852,139
276,-847,-156
276,-845,-148
276,-842,-155
276,-837,-156
276,-822,27
276,-821,60
276,-821,54
276,-821,-140
276,-819,18
276,-818,-181
276,-816,-183
276,-815,85
276,-812,-141
276,-807,81
276,-806,83
276,-803,85
276,-794,71
276,-787,82
276,-784,104
276,-783,98
276,-782,-303
276,-782,-295
276,-780,-107
276,-777,-103
276,-775,366
276,-775,-322
276,-767,374
276,-765,-320
276,-763,348
276,-762,360
276,-758,-314
276,-758,364
276,-757,369
276,-756,-314
276,-751,366
276,-748,367
276,-739,-346
276,-736,365
276,-736,348
276,-735,359
276,-735,-342
276,-730,370
276,-730,366
276,-720,376
276,-718,368
276,-717,373
276,-713,357
276,-707,373
276,-703,-131
276,-702,354
276,-700,-138
276,-699,-341
276,-695,-148
276,-661,-293
276,-658,-302
276,-658,-335
276,-656,-338
276,-652,-320
276,-647,-331
276,-634,-325
276,-631,-331
276,-628,341
276,-623,-294
276,-622,333
276,-622,338
276,-620,333
276,-618,335
276,-618,-343
276,-616,-300
276,-616,-336
276,-588,-95
276,-588,-104
276,-586,300
276,-585,-182
276,-585,-304
276,-584,-255
276,-583,258
276,-583,297
276,-582,-261
276,-581,-176
276,-580,-307
276,-579,255
276,-576,-99
276,-571,272
276,-568,-267
276,-567,280
276,-567,280
276,-565,279
276,-563,284
276,-561,-267
276,-559,-279
276,-553,-278
276,-551,292
276,-544,-303
276,-541,-254
276,-540,287
276,-538,-265
276,-537,305
276,-536,256
276,-534,-300
276,-532,301
276,-532,260
276,-464,-260
276,-462,303
276,-462,-267
276,-457,296
276,-454,284
276,-444,275
276,-443,263
276,-432,282
276,-431,277
276,-430,274
276,-430,286
276,-427,299
276,-425,376
276,-425,371
276,-423,378
276,-422,379
276,-417,302
276,-412,377
276,-412,377
276,-383,-262
276,-382,-266
276,-376,-297
276,-376,-303
276,-372,-276
276,-365,-287
276,-359,-273
276,-350,-280
276,-344,92
276,-342,110
276,-342,95
276,-340,-299
276,-339,94
276,-339,-308
276,-298,145
276,-297,144
276,-296,138
276,-296,406
276,-292,357
276,-291,155
276,-291,388
276,-290,350
276,-286,410
276,-285,148
276,-284,346
276,-283,389
276,-283,156
276,-282,408
276,-282,403
276,-282,420
276,-280,410
276,-278,381
276,-277,370
276,-274,382
276,-274,149
276,-273,392
276,-272,370
276,-268,347
276,-267,351
276,-264,176
276,-263,353
276,-258,177
276,-258,184
276,-252,-318
276,-249,-334
276,-242,-324
276,-241,-331
276,-227,-180
276,-225,-178
276,-224,176
276,-223,296
276,-220,-326
276,-220,187
276,-220,-318
276,-220,340
276,-220,298
276,-220,340
276,-220,-308
276,-214,179
276,-214,-181
276,-212,-319
276,-208,314
276,-208,307
276,-206,319
276,-202,-211
276,-200,312
276,-200,-201
276,-199,-326
276,-196,-197
276,-195,-323
276,-194,-303
276,-193,-188
276,-192,-315
276,-187,320
276,-182,335
276,-179,292
276,-179,292
276,-176,344
276,305,40
276,309,33
276,314,37
276,320,40
276,325,35
276,380,-98
276,381,-61
276,381,-100
276,382,-53
276,387,-80
276,390,248
276,394,-92
276,395,-80
276,400,240
276,401,244
276,406,-82
276,407,244
276,410,251
276,412,100
276,413,18
276,414,-72
276,415,-98
276,416,-18
276,416,144
276,417,104
276,419,142
276,423,-95
276,424,-64
276,425,-57
276,426,19
276,427,-21
276,433,-15
276,434,113
276,434,115
276,436,127
276,438,5
276,444,118
276,445,8
276,451,8
276,453,340
276,453,0
276,453,337
276,454,120
276,454,383
276,457,-24
276,458,385
276,459,20
276,459,94
276,459,13
276,461,101
276,463,144
276,464,138
276,467,-21
276,472,373
276,473,369
276,480,360
276,480,373
276,488,380
276,488,-159
276,490,358
276,491,-160
276,492,354
276,500,382
276,500,-163
276,500,-160
276,500,-157
276,500,380
276,506,341
276,506,341
276,514,231
276,514,-160
276,514,207
276,514,-161
276,515,206
276,517,220
276,520,220
276,523,220
276,526,232
276,575,-310
276,575,-298
276,576,-310
276,582,342
276,584,345
276,584,-301
276,596,322
276,597,325
276,601,316
276,601,305
276,605,325
276,608,324
276,609,330
276,618,303
276,622,341
276,623,-200
276,624,343
276,625,297
276,630,-301
276,632,-211
276,637,-208
276,638,-206
276,640,-200
276,653,-300
276,654,-340
276,658,-339
276,658,-297
276,658,144
276,666,148
276,666,149
276,667,-320
276,669,139
276,679,-316
276,679,230
276,680,240
276,680,-322
276,684,245
276,693,-320
276,693,245
276,695,245
276,698,-344
276,698,-344
276,700,-294
276,704,-297
276,736,-301
276,738,-254
276,739,-298
276,742,-158
276,744,-261
276,746,-154
276,748,-285
276,757,-161
276,760,-150
276,765,-289
276,774,-285
276,774,-284
276,776,-301
276,777,-301
276,782,-177
276,782,-176
276,783,-256
276,785,-182
276,786,-258
276,816,148
276,820,338
276,821,138
276,821,336
276,823,299
276,823,301
276,825,136
276,827,131
276,838,313
276,839,326
276,846,319
276,847,308
276,852,327
276,852,322
276,853,322
276,860,343
276,862,303
276,862,303
276,866,340
276,875,-171
276,877,-180
276,879,-166
276,880,-180
276,881,-189
276,883,-180
276,886,-187
276,887,205
276,890,200
276,892,205
276,896,-339
276,899,-342
276,900,197
276,900,200
276,900,203
276,902,-301
276,904,-298
276,908,-321
276,912,195
276,913,-333
276,917,-322
276,935,-319
276,938,-344
276,943,-337
276,974,-297
276,975,225
276,976,178
276,977,186
276,979,214
276,980,-300
276,980,218
276,982,-296
276,983,226
276,1016,95
276,1020,92
276,1021,138
276,1021,300
276,1021,300
276,1023,141
276,1028,133
276,1028,302
276,1040,304
276,1040,114
276,1043,330
276,1043,330
276,1045,133
276,1046,317
276,1049,321
276,1052,125
276,1052,115
276,1055,102
276,1058,100
276,1060,138
276,1063,141
277,0,0
277,0,0
277,0,0
277,0,0
277,0,0
277,0,0
277,0,0
277,0,0
277,0,0
277,0,0
277,0,0
277,0,0
277,0,0
277,0,0
277,0,0
277,0,0
277,0,0
277,0,0
277,0,0
277,0,0
277,0,0
277,0,0
277,0,0
277,0,0
277,0,0
277,0,0
277,0,0
277,0,0
277,0,0
277,0,0
277,0,0
277,0,0
277,0,0
277,0,0
277,0,0
277,0,0
277,0,0
277,0,0
277,0,0
277,0,0
277,0,0
277,0,0
277,0,0
277,0,0
277,0,0
277,720,480
277,720,480
277,748,478
277,748,478
277,748,482
279,0,0
279,0,0
279,0,0
279,0,0
279,0,0
279,0,0
279,0,0
279,0,0
279,0,0
279,0,0
279,0,0
279,0,0
279,0,0
279,0,0
279,0,0
279,0,0
279,0,0
279,0,0
279,0,0
279,0,0
279,0,0
279,0,0
279,0,0
279,0,0
279,0,0
279,0,0
279,0,0
279,0,0
279,0,0
279,0,0
279,0,0
279,0,0
279,0,0
279,0,0
279,0,0
279,0,0
279,0,0
279,0,0
279,0,0
279,0,0
279,0,0
279,0,0
279,0,0
279,0,0
279,0,0
279,0,0
279,0,0
279,0,0
287,0,0
287,0,0
287,0,0
287,0,0
287,0,0
287,0,0
287,0,0
287,0,0
287,0,0
287,0,0
287,0,0
287,0,0
287,0,0
287,0,0
287,0,0
287,0,0
287,0,0
287,0,0
287,0,0
287,0,0
287,0,0
287,0,0
287,0,0
287,0,0
287,0,0
287,0,0
287,0,0
287,0,0
287,0,0
287,0,0
287,0,0
287,0,0
287,0,0
287,0,0
287,0,0
287,0,0
287,0,0
287,0,0
287,0,0
287,0,0
287,0,0
287,0,0
287,0,0
287,0,0
287,0,0
287,0,0
287,0,0
287,0,0
287,0,0
287,0,0
287,0,0
287,0,0
287,0,0
287,0,0
287,0,0
287,0,0
287,0,0
287,0,0
287,0,0
287,0,0
287,0,0
287,0,0
287,0,0
287,0,0
287,0,0
287,0,0
287,0,0
287,0,0
287,0,0
287,0,0
287,0,0
287,0,0
287,0,0
287,0,0
287,0,0
287,0,0
287,0,0
287,0,0
287,0,0
287,0,0
287,0,0
287,0,0
287,0,0
287,0,0
287,0,0
287,0,0
287,0,0
287,0,0
287,0,0
287,0,0
287,0,0
287,0,0
287,0,0
287,0,0
287,0,0
287,0,0
287,0,0
287,0,0
287,160,-160
288,-528,201
288,-524,231
288,-524,190
288,-521,179
288,-520,212
288,-519,197
288,-518,177
288,-518,181
288,-518,243
288,-517,208
288,-500,224
288,-498,225
288,-494,232
288,-474,238
288,-472,119
288,-468,134
288,-467,244
288,-467,110
288,-450,-116
288,-450,85
288,-450,-116
288,-449,82
288,-449,249
288,-446,-83
288,-446,-81
288,-444,-105
288,-444,-432
288,-444,-116
288,-443,-85
288,-442,-87
288,-442,-124
288,-440,241
288,-440,-83
288,-439,-75
288,-438,-105
288,-438,-430
288,-438,122
288,-436,239
288,-434,117
288,-432,102
288,-431,-73
288,-431,-126
288,-431,245
288,-430,-424
288,-430,-426
288,-426,268
288,-425,-421
288,-421,283
288,-421,-416
288,-418,-415
288,-417,271
288,-414,-130
288,-413,280
288,-413,-146
288,-411,-405
288,-411,-152
288,-411,-146
288,-407,-161
288,-406,273
288,-404,-129
288,-399,-148
288,-398,-162
288,-397,283
288,-397,-155
288,-395,279
288,-394,-400
288,-393,-158
288,-380,294
288,-380,294
288,-368,414
288,-366,44
288,-365,439
288,-364,-0
288,-363,-1
288,-360,-440
288,-358,-440
288,-358,14
288,-355,407
288,-354,419
288,-353,-1
288,-353,5
288,-352,-3
288,-349,5
288,-349,438
288,-348,1
288,-344,436
288,-340,167
288,-340,433
288,-340,6
288,-340,434
288,-339,-424
288,-334,446
288,-330,-421
288,-329,-421
288,-329,200
288,-327,474
288,-325,388
288,-324,419
288,-323,-411
288,-323,405
288,-322,-414
288,-322,476
288,-321,471
288,-320,-427
288,-320,-397
288,-320,420
288,-319,1
288,-318,-0
288,-317,440
288,-317,444
288,-316,418
288,-315,-413
288,-315,-421
288,-315,423
288,-315,194
288,-313,199
288,-312,416
288,-311,206
288,-310,487
288,-309,-1
288,-306,420
288,-306,480
288,-304,3
288,-302,424
288,-298,491
288,-294,442
288,-294,471
288,-288,192
288,-288,236
288,-287,248
288,-285,21
288,-285,242
288,-284,224
288,-282,537
288,-281,231
288,-280,246
288,-280,-403
288,-280,215
288,-279,222
288,-278,537
288,-277,554
288,-276,535
288,-276,501
288,-275,3
288,-274,515
288,-274,514
288,-274,8
288,-273,36
288,-272,477
288,-269,542
288,-266,563
288,-264,510
288,-262,-8
288,-261,9
288,-254,53
288,-254,46
288,-252,1
288,-249,-394
288,-248,49
288,-247,-9
288,-247,598
288,-244,7
288,-243,603
288,-238,16
288,-237,-368
288,-236,-367
288,-235,585
288,-234,585
288,-232,620
288,-232,587
288,-231,-378
288,-230,27
288,-226,60
288,-223,35
288,-222,-353
288,-220,54
288,-216,-387
288,-214,-352
288,-214,-359
288,-214,31
288,-210,67
288,-200,-303
288,-200,-293
288,-199,-419
288,-198,-443
288,-198,56
288,-198,87
288,-196,-296
288,-195,-435
288,-195,87
288,-194,-320
288,-189,-441
288,-189,-318
288,-189,-442
288,-188,-283
288,-188,-434
288,-188,-351
288,-186,-281
288,-186,-443
288,-173,-319
288,-173,-430
288,-172,40
288,-171,-362
288,-170,-435
288,-169,35
288,-167,-353
288,-165,38
288,-165,-280
288,-164,39
288,-160,41
288,-160,31
288,-157,-340
288,-156,-286
288,-149,40
288,-146,-269
288,-146,39
288,-145,-272
288,-143,-452
288,-143,-284
288,-141,-368
288,-130,42
288,-129,34
288,-126,-321
288,-124,43
288,-122,-276
288,-115,-352
288,-113,-302
288,-107,-310
288,-97,-332
288,-89,-354
288,-83,-113
288,-76,-131
288,-74,-327
288,-66,-117
288,-63,-130
288,-61,-377
288,-53,-117
288,-49,-389
288,-47,-167
288,-45,-370
288,-45,-369
288,-45,-370
288,-44,-150
288,-43,-120
288,-41,47
288,-40,43
288,-40,-390
288,-39,18
288,-37,-350
288,-36,-402
288,-35,-427
288,-35,32
288,-35,-83
288,-34,-84
288,-33,-405
288,-32,104
288,-30,-117
288,-29,-146
288,-27,33
288,-26,107
288,-23,-146
288,-22,9
288,-22,-145
288,-20,122
288,-19,80
288,-17,-150
288,-17,-150
288,-12,-442
288,-12,-82
288,-12,68
288,-12,80
288,-11,-85
288,-11,-419
288,-10,-151
288,-10,-419
288,-8,-87
288,-7,-444
288,-7,-444
288,-5,-450
288,-3,-90
288,-2,-26
288,-2,34
288,-1,-28
288,0,0
288,0,0
288,0,0
288,0,0
288,0,0
288,0,0
288,0,0
288,0,0
288,0,0
288,0,0
288,0,0
288,0,0
288,0,0
288,0,0
288,0,0
288,0,0
288,0,0
288,0,0
288,0,0
288,0,0
288,0,0
288,0,0
288,0,0
288,0,0
288,0,0
288,0,0
288,0,0
288,0,0
288,0,0
288,0,0
288,0,0
288,0,0
288,0,0
288,0,0
288,0,0
288,0,0
288,0,0
288,0,0
288,0,0
288,0,0
288,0,0
288,0,0
288,0,0
288,0,0
288,0,0
288,0,0
288,0,0
288,0,0
288,0,0
288,0,0
288,0,0
288,1,1
288,1,1
288,1,1
288,1,1
288,1,1
288,1,1
288,2,-144
288,3,-136
288,5,-147
288,7,63
288,10,-34
288,12,64
288,12,-434
288,13,-438
288,15,82
288,15,-430
288,15,-116
288,16,80
288,20,88
288,20,32
288,35,126
288,35,126
288,35,126
288,35,126
288,36,-113
288,37,-450
288,40,128
288,42,132
288,42,-447
288,43,99
288,43,-26
288,46,-440
288,55,49
288,57,39
288,58,-433
288,60,53
288,60,49
288,73,62
288,73,32
288,83,35
288,186,-406
288,189,-399
288,197,-348
288,197,-382
288,208,-308
288,208,-323
288,215,-352
288,231,-353
288,236,-158
288,237,-306
288,238,-160
288,238,-295
288,239,-292
288,239,-292
288,240,-289
288,244,-295
288,244,-295
288,244,-295
288,244,-295
288,248,-310
288,250,-152
288,265,-289
288,272,-273
288,272,-280
288,274,-237
288,276,-235
288,276,-126
288,277,-116
288,277,-124
288,281,-223
288,282,-115
288,286,-253
288,286,-119
288,295,-265
288,305,-123
288,309,-120
288,316,-121
288,317,-119
288,320,-125
288,321,-120
288,321,-120
288,321,-120
288,321,-120
288,322,-122
288,324,-126
288,344,-298
288,348,-301
288,349,-301
288,350,-306
288,353,-144
288,354,-162
288,358,-299
288,358,-597
288,359,-594
288,362,-279
288,362,-314
288,364,-609
288,364,-592
288,366,-566
288,367,-603
288,369,-569
288,374,-165
288,391,-187
288,391,-177
288,392,-177
288,398,-632
288,401,-283
288,403,-642
288,408,-637
288,416,-325
288,417,-634
288,417,-305
288,423,-641
288,424,-203
288,426,-633
288,426,-277
288,430,-634
288,431,-474
288,431,-279
288,432,-642
288,433,-644
288,436,-464
288,437,-616
288,438,-607
288,439,-482
288,439,-610
288,439,-602
288,439,-472
288,440,-615
288,442,-612
288,444,-215
288,444,-195
288,446,-451
288,446,-220
288,448,-237
288,449,-201
288,449,-248
288,449,-315
288,456,-263
288,459,-282
288,459,-279
288,459,-272
288,460,-281
288,461,-279
288,461,-278
288,461,-278
288,461,-278
288,461,-278
288,461,-278
288,461,-278
288,461,-275
288,462,-279
288,462,-275
288,463,-278
288,463,-278
288,464,-374
288,464,-278
288,465,-270
288,465,-277
288,465,-297
288,468,-441
288,477,-524
288,479,-531
288,481,-487
288,481,-508
288,482,-468
288,483,-458
288,483,-448
288,485,-500
288,485,-507
288,487,-456
288,490,-484
288,493,-501
288,496,-490
288,497,-483
288,499,-499
288,558,-152
288,565,-191
288,572,-156
288,572,-190
288,572,-200
288,581,-203
288,582,-145
288,584,-165
288,584,-142
288,585,-198
288,595,-167
288,598,-195
288,598,-146
288,607,-133
288,624,-173
288,627,-157
289,-571,-186
289,-571,-185
289,-569,-185
289,-568,-187
289,-558,-183
289,-553,-189
289,-550,-191
289,-549,-206
289,-533,-224
289,-507,-286
289,-501,-279
289,-499,-277
289,-494,-255
289,-488,-270
289,-475,155
289,-475,-309
289,-472,153
289,-472,153
289,-471,153
289,-471,153
289,-471,153
289,-471,153
289,-471,153
289,-471,152
289,-470,151
289,-459,16
289,-445,11
289,-442,337
289,-438,358
289,-431,398
289,-429,-141
289,-428,20
289,-428,-146
289,-426,-6
289,-419,415
289,-410,415
289,-408,381
289,-395,402
289,-394,-35
289,-390,-125
289,-389,437
289,-388,11
289,-387,-43
289,-386,-33
289,-378,1
289,-378,-13
289,-377,-26
289,-375,-98
289,-358,475
289,-356,252
289,-354,-160
289,-353,486
289,-350,473
289,-350,463
289,-349,255
289,-348,-260
289,-344,-199
289,-341,-203
289,-337,-210
289,-336,-257
289,-336,-199
289,-335,272
289,-320,-201
289,-320,221
289,-314,239
289,-313,-212
289,-312,-239
289,-310,236
289,-306,222
289,-306,-223
289,-298,232
289,-297,261
289,-292,-399
289,-292,-400
289,-291,-401
289,-291,-401
289,-291,-401
289,-291,-401
289,-291,-401
289,-291,-391
289,-291,-400
289,-291,-401
289,-291,-400
289,-290,-399
289,-290,243
289,-288,-403
289,-286,-394
289,-284,-401
289,-284,-389
289,-281,380
289,-261,347
289,-261,342
289,-242,301
289,-222,316
289,-180,-432
289,-179,401
289,-178,-397
289,-172,-384
289,-164,-424
289,-158,366
289,-157,364
289,-150,-359
289,-144,-430
289,-141,351
289,-139,-168
289,-138,368
289,-134,371
289,-133,-401
289,-129,356
289,-126,420
289,-123,419
289,-120,-162
289,-116,360
289,-114,379
289,-111,-210
289,-86,-180
289,-79,-198
289,-70,-163
289,-70,-161
289,-70,-166
289,-65,-208
289,-62,-385
289,-57,-412
289,-52,-386
289,-47,-432
289,-32,-369
289,-31,-375
289,-30,-457
289,-29,-461
289,-24,-459
289,-20,-340
289,-20,-324
289,-20,-316
289,-20,-308
289,-20,-292
289,-20,-284
289,-20,-276
289,-20,-260
289,-2,-383
289,-1,-618
289,0,0
289,0,0
289,0,0
289,0,0
289,0,0
289,0,0
289,0,0
289,0,0
289,0,0
289,0,0
289,0,0
289,0,0
289,0,0
289,0,0
289,0,0
289,0,0
289,0,0
289,0,0
289,0,0
289,0,0
289,0,0
289,0,0
289,0,0
289,0,0
289,0,0
289,0,0
289,0,0
289,0,0
289,0,0
289,0,0
289,0,0
289,0,0
289,0,0
289,0,0
289,0,0
289,0,0
289,0,0
289,0,0
289,0,-210
289,3,-473
289,12,-418
289,15,-417
289,20,-340
289,20,-324
289,20,-316
289,20,-308
289,20,-292
289,20,-284
289,20,-276
289,20,-260
289,30,-377
289,35,-462
289,39,-380
289,48,-168
289,52,-441
289,53,-411
289,58,-419
289,75,-205
289,77,-182
289,78,-184
289,78,-195
289,80,-418
289,82,-377
289,83,-443
289,84,-169
289,92,-381
289,95,-439
289,96,-441
289,97,-431
289,103,-431
289,103,-427
289,104,-425
289,105,-426
289,105,-434
289,105,-435
289,105,-435
289,105,-426
289,105,-433
289,105,-432
289,106,-427
289,106,-433
289,106,-442
289,106,-428
289,106,-428
289,106,-431
289,107,-433
289,107,-433
289,107,-433
289,107,-433
289,107,-433
289,107,-433
289,107,-433
289,107,-433
289,108,-431
289,108,-430
289,108,-431
289,110,-421
289,111,-429
289,113,380
289,115,406
289,115,-439
289,116,360
289,118,-157
289,120,-162
289,120,426
289,128,-149
289,129,356
289,129,426
289,129,424
289,136,-374
289,136,374
289,141,-383
289,141,351
289,142,-370
289,149,369
289,159,-384
289,161,-386
289,164,-425
289,165,-397
289,176,388
289,187,-425
289,198,516
289,211,326
289,234,501
289,241,305
289,242,326
289,244,497
289,245,529
289,249,506
289,267,361
289,290,243
289,290,487
289,290,488
289,291,-401
289,293,-405
289,298,232
289,304,268
289,305,242
289,306,-223
289,307,222
289,307,496
289,307,-236
289,310,240
289,313,-212
289,321,-201
289,326,-213
289,329,228
289,333,484
289,335,-206
289,341,-197
289,349,-207
289,358,-149
289,362,-265
289,364,-263
289,375,269
289,378,-26
289,378,-13
289,378,1
289,382,246
289,383,-59
289,385,-34
289,386,-125
289,390,-10
289,391,-27
289,406,10
289,434,-119
289,440,-107
289,440,6
289,452,14
289,462,-96
289,467,140
289,471,153
289,547,-95
289,555,-66
289,559,-178
289,562,-103
289,562,-140
289,566,-157
289,567,-25
289,570,-97
289,570,-91
289,571,-186
290,-477,511
290,0,0
290,0,0
291,-641,-249
291,-640,-255
291,-640,-264
291,-638,-249
291,-635,-259
291,-635,-257
291,-635,-260
291,-633,-296
291,-633,-266
291,-632,-307
291,-632,-261
291,-631,-273
291,-629,-290
291,-627,-298
291,-619,-137
291,-619,-138
291,-618,-178
291,-618,-166
291,-618,-186
291,-618,-202
291,-617,-1051
291,-616,-62
291,-616,-66
291,-614,-1030
291,-614,-1030
291,-614,-1030
291,-612,-1050
291,-612,-1051
291,-612,-1050
291,-612,-1050
291,-612,-1050
291,-612,-1050
291,-612,-1050
291,-612,-304
291,-611,-1051
291,-610,-1032
291,-610,-1053
291,-610,-1052
291,-610,-1052
291,-609,-1051
291,-608,-309
291,-608,-1025
291,-606,-304
291,-605,-62
291,-601,-307
291,-598,-20
291,-598,115
291,-598,-11
291,-598,114
291,-598,-10
291,-598,114
291,-597,116
291,-597,114
291,-597,-341
291,-597,-352
291,-594,5
291,-593,12
291,-591,18
291,-590,-1030
291,-590,108
291,-590,108
291,-589,-1028
291,-589,-1028
291,-589,-1028
291,-589,-1028
291,-589,-1028
291,-589,110
291,-589,-1024
291,-589,-269
291,-588,-5
291,-588,-321
291,-588,109
291,-588,-23
291,-587,-28
291,-587,108
291,-587,15
291,-587,109
291,-587,-1028
291,-586,-20
291,-586,-306
291,-586,-305
291,-585,-35
291,-584,94
291,-584,-30
291,-584,-319
291,-583,-330
291,-583,16
291,-583,-330
291,-582,91
291,-582,-287
291,-581,-34
291,-581,-291
291,-581,53
291,-580,2
291,-578,117
291,-578,-339
291,-576,-352
291,-570,-337
291,-566,-352
291,-559,-343
291,-557,-397
291,-556,-392
291,-554,107
291,-553,97
291,-553,97
291,-548,100
291,-544,-376
291,-544,-376
291,-542,-369
291,-535,-376
291,-535,-390
291,-535,-379
291,-532,598
291,-526,112
291,-525,100
291,-523,-379
291,-518,99
291,-517,597
291,-515,471
291,-514,407
291,-512,-373
291,-512,99
291,-511,466
291,-510,440
291,-506,476
291,-506,603
291,-506,415
291,-505,590
291,-505,-389
291,-505,413
291,-504,467
291,-504,603
291,-503,607
291,-503,-376
291,-502,405
291,-501,-390
291,-498,-406
291,-497,402
291,-496,405
291,-495,-388
291,-495,481
291,-494,474
291,-494,-398
291,-494,-376
291,-494,591
291,-494,-427
291,-493,-434
291,-493,-422
291,-491,424
291,-490,437
291,-490,437
291,-489,436
291,-489,438
291,-488,402
291,-488,-378
291,-488,429
291,-488,594
291,-487,452
291,-486,-408
291,-486,448
291,-485,434
291,-484,-374
291,-484,-368
291,-484,564
291,-483,594
291,-482,-437
291,-482,-409
291,-482,450
291,-482,414
291,-482,-392
291,-482,-382
291,-481,-401
291,-481,-420
291,-480,456
291,-480,594
291,-479,431
291,-479,590
291,-477,456
291,-474,571
291,-473,431
291,-470,411
291,-466,401
291,-463,66
291,-460,75
291,-460,-7
291,-460,593
291,-460,604
291,-460,605
291,-459,596
291,-459,72
291,-457,570
291,-457,581
291,-457,-13
291,-456,-15
291,-456,38
291,-456,99
291,-456,99
291,-454,24
291,-454,26
291,-454,74
291,-452,79
291,-451,77
291,-449,52
291,-448,52
291,-447,-20
291,-443,572
291,-441,48
291,-440,48
291,-435,569
291,-434,31
291,-431,100
291,-430,72
291,-429,61
291,-427,57
291,-425,99
291,-421,209
291,-420,105
291,-420,208
291,-420,188
291,-420,80
291,-420,112
291,-420,117
291,-420,73
291,-420,110
291,-420,184
291,-419,94
291,-419,202
291,-419,111
291,-419,193
291,-419,199
291,-411,398
291,-410,582
291,-409,574
291,-409,125
291,-409,583
291,-408,403
291,-408,547
291,-407,109
291,-405,483
291,-404,481
291,-403,582
291,-402,122
291,-401,487
291,-400,497
291,-400,413
291,-399,108
291,-399,118
291,-398,303
291,-397,126
291,-397,512
291,-397,439
291,-397,89
291,-396,126
291,-395,120
291,-394,425
291,-392,417
291,-392,332
291,-391,302
291,-390,302
291,-390,302
291,-389,304
291,-386,420
291,-386,389
291,-384,418
291,-382,282
291,-381,381
291,-378,358
291,-378,351
291,-378,116
291,-377,355
291,-377,377
291,-377,377
291,-376,132
291,-374,400
291,-373,286
291,-371,405
291,-371,340
291,-370,359
291,-370,341
291,-370,117
291,-370,327
291,-369,134
291,-369,327
291,-369,341
291,-368,290
291,-368,132
291,-367,384
291,-367,123
291,-367,385
291,-366,335
291,-365,357
291,-365,328
291,-363,398
291,-362,128
291,-362,382
291,-359,317
291,-357,324
291,-356,284
291,-356,361
291,-356,407
291,-355,133
291,-354,129
291,-354,129
291,-351,142
291,-351,319
291,-349,423
291,-349,395
291,-349,292
291,-348,429
291,-347,400
291,-340,428
291,-338,366
291,-338,377
291,-330,142
291,-328,300
291,-327,142
291,-320,354
291,-320,354
291,-319,355
291,-318,140
291,-317,200
291,-316,523
291,-315,328
291,-314,333
291,-312,321
291,-311,421
291,-311,148
291,-310,296
291,-310,185
291,-307,145
291,-307,146
291,-306,154
291,-305,167
291,-304,315
291,-303,326
291,-302,204
291,-301,156
291,-301,184
291,-299,184
291,-299,269
291,-298,252
291,-297,195
291,-296,296
291,-296,279
291,-294,259
291,-294,325
291,-290,251
291,-287,497
291,-286,244
291,-285,294
291,-285,299
291,-284,284
291,-284,300
291,-284,505
291,-283,519
291,-276,319
291,-273,520
291,-221,546
291,-218,567
291,-215,556
291,-206,553
291,-206,568
291,-199,526
291,-199,543
291,-155,617
291,-154,592
291,-153,587
291,-147,597
291,-143,559
291,-135,596
291,-130,584
291,-128,584
291,-122,576
291,-84,575
291,-76,576
291,-75,588
291,0,0
291,0,0
291,0,0
291,0,0
291,0,0
291,0,0
291,0,0
291,0,0
291,0,0
291,0,0
291,0,0
291,0,0
291,0,0
291,0,0
291,0,0
291,0,0
291,0,0
291,0,0
291,0,0
291,0,0
291,0,0
291,0,0
291,0,0
291,0,0
291,0,0
291,0,0
291,0,0
291,0,0
291,0,0
291,0,0
291,0,0
291,0,0
291,0,0
291,0,0
291,0,0
291,0,0
291,0,0
291,0,0
291,1,1
291,1,1
291,1,1
291,1,1
291,1,1
291,1,1
291,41,558
291,48,598
291,51,534
291,52,556
291,52,567
291,56,546
291,56,541
291,57,547
291,59,588
291,60,583
291,60,583
291,60,583
291,61,584
291,61,543
291,61,548
291,62,569
291,65,596
291,69,558
291,72,596
291,72,568
291,73,532
291,73,593
291,76,531
291,79,520
291,86,557
291,88,552
291,91,581
291,92,556
291,94,587
291,94,586
291,98,602
291,98,601
291,100,312
291,100,312
291,100,519
291,100,513
291,100,525
291,101,326
291,101,571
291,101,320
291,101,309
291,101,558
291,104,504
291,106,601
291,107,502
291,110,304
291,111,310
291,111,362
291,112,309
291,113,348
291,114,578
291,114,337
291,115,539
291,115,571
291,115,332
291,116,369
291,116,337
291,116,550
291,118,380
291,118,554
291,119,523
291,119,554
291,120,526
291,120,379
291,120,379
291,120,548
291,120,379
291,121,328
291,122,260
291,122,297
291,122,331
291,123,321
291,125,499
291,125,260
291,125,363
291,126,372
291,126,260
291,127,372
291,128,328
291,128,538
291,128,299
291,128,538
291,130,314
291,131,367
291,132,260
291,135,528
291,135,537
291,137,531
291,138,261
291,139,332
291,139,440
291,140,313
291,140,432
291,140,442
291,140,462
291,141,433
291,142,310
291,142,348
291,142,313
291,142,341
291,142,278
291,143,386
291,143,386
291,143,286
291,143,309
291,144,285
291,145,423
291,146,300
291,146,298
291,148,523
291,148,413
291,152,406
291,152,350
291,153,338
291,155,411
291,156,423
291,158,338
291,159,389
291,160,525
291,160,513
291,163,334
291,165,307
291,167,358
291,168,292
291,172,299
291,177,297
291,177,529
291,177,307
291,181,277
291,181,517
291,181,293
291,182,414
291,182,418
291,182,402
291,182,299
291,184,447
291,186,488
291,186,469
291,186,448
291,189,223
291,190,443
291,192,221
291,197,219
291,199,220
291,212,215
291,216,210
291,219,203
291,245,126
291,248,196
291,251,200
291,252,237
291,253,200
291,253,235
291,253,179
291,254,172
291,257,288
291,258,119
291,258,116
291,258,263
291,260,193
291,260,177
291,260,192
291,263,130
291,263,277
291,265,128
291,266,293
291,267,223
291,267,224
291,268,166
291,268,214
291,269,273
291,271,239
291,271,170
291,615,-948
292,-743,-787
292,-741,-777
292,-735,-773
292,-734,-768
292,-734,-790
292,-734,-773
292,-732,-783
292,-732,-775
292,-732,-767
292,-729,-788
292,-728,-783
292,-726,-784
292,-722,-773
292,-722,-788
292,-721,-774
292,-719,-783
292,0,0
292,0,0
292,0,0
292,0,0
292,0,0
292,0,0
292,0,0
292,0,0
292,0,0
292,0,0
292,0,0
292,0,0
292,0,0
292,0,0
292,0,0
292,0,0
292,0,0
292,0,0
292,0,0
292,0,0
292,0,0
292,0,0
292,0,0
292,0,0
292,0,0
292,0,0
292,0,0
292,0,0
292,0,0
292,0,0
292,0,0
292,0,0
292,0,0
292,0,0
292,0,0
292,0,0
292,0,0
292,0,0
292,0,0
292,0,0
292,0,0
292,0,0
292,0,0
292,0,0
292,0,0
292,0,0
292,0,0
292,0,0
292,0,0
292,0,0
292,0,0
292,0,0
292,0,0
292,0,0
292,0,0
292,0,0
292,0,0
292,0,0
292,0,0
292,0,0
292,0,0
292,0,0
292,0,0
292,0,0
292,0,0
292,0,0
292,0,0
292,0,0
292,0,0
292,0,0
292,0,0
292,0,0
292,0,0
292,0,0
292,0,0
292,0,0
292,0,0
292,0,0
292,0,0
292,0,0
292,0,0
292,0,0
292,0,0
292,0,0
292,0,0
292,0,0
292,0,0
292,0,0
292,0,0
292,0,0
292,0,0
292,0,0
292,0,0
292,0,0
292,0,0
292,0,0
292,0,0
292,0,0
292,0,0
292,0,0
292,0,0
292,0,0
292,0,0
292,0,0
292,0,0
292,0,0
292,0,0
292,0,0
292,0,0
292,0,0
292,0,0
292,0,0
292,0,0
292,0,0
292,0,0
292,0,0
292,0,0
292,0,0
292,0,0
292,0,0
292,0,0
292,0,0
292,0,0
292,0,0
292,0,0
292,0,0
292,0,0
292,0,0
292,0,0
292,0,0
292,0,0
292,0,0
292,0,0
292,0,0
292,0,0
292,0,0
292,0,0
292,0,0
292,0,0
292,0,0
292,0,0
292,0,0
292,0,0
292,0,0
292,0,0
292,0,0
292,0,0
292,0,0
292,0,0
292,0,0
292,0,0
292,0,0
292,0,0
292,0,0
292,0,0
292,0,0
292,0,0
292,0,0
292,0,0
292,0,0
292,0,0
292,0,0
292,0,0
292,0,0
292,0,0
292,0,0
292,0,0
292,0,0
292,0,0
292,0,0
292,0,0
292,0,0
292,0,0
292,0,0
292,0,0
292,0,0
292,0,0
292,0,0
292,0,0
292,0,0
292,0,0
292,0,0
292,0,0
292,0,0
292,0,0
292,0,0
292,0,0
292,0,0
292,0,0
292,0,0
292,0,0
292,0,0
292,0,0
292,0,0
292,0,0
292,0,0
292,0,0
292,0,0
292,0,0
292,0,0
292,0,0
292,0,0
292,0,0
292,0,0
292,0,0
292,0,0
292,0,0
292,0,0
292,0,0
292,0,0
292,0,0
292,0,0
292,0,0
292,0,0
292,0,0
292,0,0
292,0,0
292,0,0
292,0,0
292,0,0
292,0,0
292,0,0
292,0,0
292,0,0
292,0,0
292,0,0
292,0,0
292,0,0
292,0,0
292,0,0
292,0,0
292,0,0
292,0,0
292,0,0
292,0,0
292,0,0
292,0,0
292,0,0
292,0,0
292,0,0
292,0,0
292,0,0
292,0,0
292,0,0
292,0,0
292,0,0
292,0,0
292,0,0
292,0,0
293,0,0
293,0,0
293,0,0
293,0,0
293,0,0
293,0,0
293,0,0
293,0,0
293,0,0
293,0,0
293,0,0
293,0,0
293,0,0
293,0,0
293,0,0
293,0,0
293,0,0
293,0,0
293,0,0
293,0,0
293,0,0
293,0,0
293,0,0
293,0,0
293,0,0
293,0,0
293,0,0
293,0,0
293,0,0
293,0,0
293,0,0
293,0,0
293,0,0
293,0,0
293,0,0
293,0,0
293,0,0
293,0,0
293,0,0
293,0,0
293,0,0
293,0,0
293,0,0
293,0,0
293,0,0
293,0,0
293,0,0
293,0,0
293,0,0
293,0,0
293,0,0
293,0,0
293,0,0
293,0,0
293,0,0
293,0,0
293,0,0
293,0,0
293,0,0
293,500,500
294,0,0
294,0,0
294,0,0
294,0,0
294,0,0
294,0,0
294,0,0
294,0,0
294,0,0
294,0,0
294,0,0
294,0,0
294,0,0
294,0,0
294,0,0
294,0,0
294,0,0
294,0,0
294,0,0
294,0,0
294,0,0
294,0,0
294,0,0
294,0,0
294,0,0
294,0,0
294,0,0
294,0,0
294,0,0
294,0,0
294,0,0
294,0,0
294,0,0
294,0,0
294,0,0
294,0,0
294,0,0
294,0,0
294,0,0
294,0,0
294,0,0
294,0,0
294,0,0
294,0,0
294,0,0
294,0,0
294,0,0
294,0,0
294,0,0
294,0,0
294,0,0
294,0,0
294,0,0
294,0,0
294,0,0
294,0,0
294,0,0
294,0,0
294,0,0
294,0,0
294,0,0
294,0,0
294,0,0
294,0,0
294,0,0
294,0,0
294,0,0
294,0,0
294,0,0
294,0,0
294,0,0
294,0,0
294,0,0
294,0,0
294,0,0
294,0,0
294,0,0
294,0,0
294,0,0
294,0,0
294,0,0
294,0,0
294,0,0
294,0,0
294,0,0
294,0,0
294,0,0
294,0,0
294,0,0
294,0,0
294,0,0
294,0,0
294,0,0
294,0,0
294,0,0
294,0,0
294,0,0
294,0,0
294,0,0
294,0,0
294,0,0
294,0,0
294,0,0
294,0,0
294,0,0
294,0,0
294,0,0
294,0,0
294,0,0
294,0,0
294,0,0
294,0,0
294,0,0
294,0,0
294,0,0
294,0,0
294,0,0
294,0,0
294,0,0
294,0,0
294,0,0
294,0,0
294,0,0
294,0,0
294,0,0
294,0,0
294,0,0
294,0,0
294,0,0
294,0,0
294,0,0
294,0,0
294,0,0
294,0,0
294,0,0
294,0,0
294,0,0
294,0,0
294,0,0
294,0,0
294,0,0
294,0,0
294,0,0
294,0,0
294,0,0
294,0,0
294,0,0
294,0,0
294,0,0
294,0,0
294,0,0
294,0,0
294,0,0
294,0,0
294,0,0
294,0,0
294,0,0
294,0,0
294,0,0
294,0,0
294,0,0
294,0,0
294,0,0
294,0,0
294,0,0
294,0,0
294,0,0
294,0,0
294,0,0
294,0,0
294,0,0
294,0,0
294,0,0
294,0,0
294,0,0
294,0,0
294,0,0
294,0,0
294,0,0
294,0,0
294,0,0
294,0,0
294,0,0
294,0,0
294,0,0
294,0,0
294,0,0
294,0,0
294,0,0
294,0,0
294,0,0
294,0,0
294,0,0
294,0,0
294,0,0
294,0,0
294,0,0
294,0,0
294,0,0
294,0,0
294,0,0
294,0,0
294,0,0
294,0,0
294,0,0
294,0,0
294,0,0
294,0,0
294,0,0
294,0,0
294,0,0
294,0,0
294,0,0
294,0,0
294,0,0
294,0,0
294,0,0
294,0,0
294,0,0
294,0,0
294,0,0
294,0,0
294,0,0
294,0,0
294,0,0
294,0,0
294,0,0
294,0,0
294,0,0
294,0,0
294,0,0
294,0,0
294,0,0
294,0,0
294,0,0
294,0,0
294,0,0
294,0,0
294,0,0
294,0,0
294,0,0
294,0,0
294,0,0
294,0,0
294,0,0
294,0,0
294,0,0
294,0,0
294,0,0
294,0,0
294,0,0
294,0,0
294,0,0
294,0,0
294,0,0
294,0,0
294,0,0
294,0,0
294,0,0
294,0,0
294,0,0
294,0,0
294,0,0
294,0,0
294,0,0
294,0,0
294,0,0
294,0,0
294,0,0
294,0,0
294,0,0
294,0,0
294,0,0
294,0,0
294,0,0
294,0,0
294,0,0
294,0,0
294,0,0
294,0,0
294,0,0
294,0,0
294,0,0
294,0,0
294,0,0
294,0,0
294,0,0
294,0,0
294,0,0
294,0,0
294,0,0
294,0,0
294,0,0
294,0,0
294,0,0
294,0,0
294,0,0
294,0,0
294,0,0
294,0,0
294,0,0
294,0,0
294,0,0
294,0,0
294,0,0
294,0,0
294,0,0
294,0,0
294,0,0
294,0,0
294,0,0
294,0,0
294,0,0
294,0,0
294,0,0
294,0,0
294,0,0
294,0,0
294,0,0
294,0,0
294,0,0
294,0,0
294,0,0
294,0,0
294,0,0
294,0,0
294,0,0
294,0,0
294,0,0
294,0,0
294,0,0
294,0,0
294,0,0
294,0,0
294,0,0
294,0,0
294,0,0
294,0,0
294,0,0
294,0,0
294,0,0
294,0,0
294,0,0
294,0,0
294,0,0
294,0,0
294,0,0
294,0,0
294,0,0
294,0,0
294,0,0
294,0,0
294,0,0
294,0,0
294,0,0
294,0,0
294,0,0
294,0,0
294,0,0
294,0,0
294,0,0
294,0,0
294,0,0
294,0,0
294,0,0
294,0,0
294,0,0
294,0,0
294,0,0
294,0,0
294,0,0
294,0,0
294,0,0
294,0,0
294,0,0
294,0,0
294,0,0
294,0,0
294,0,0
294,0,0
294,0,0
294,0,0
294,0,0
294,0,0
294,0,0
294,0,0
294,0,0
294,0,0
294,0,0
294,0,0
294,0,0
294,0,0
294,0,0
294,0,0
294,0,0
294,0,0
294,0,0
294,0,0
294,0,0
294,0,0
294,0,0
294,0,0
294,0,0
294,0,0
294,0,0
294,0,0
294,0,0
294,0,0
294,0,0
294,0,0
294,0,0
294,0,0
294,0,0
294,0,0
294,0,0
294,0,0
294,0,0
294,0,0
294,0,0
294,0,0
294,0,0
294,0,0
294,0,0
294,0,0
294,0,0
294,0,0
294,0,0
294,0,0
294,0,0
294,0,0
294,0,0
294,0,0
294,0,0
294,0,0
294,0,0
294,0,0
294,0,0
294,0,0
294,0,0
294,0,0
294,0,0
294,0,0
294,0,0
294,0,0
294,0,0
294,0,0
294,0,0
294,0,0
294,0,0
294,0,0
294,0,0
294,0,0
294,0,0
294,0,0
294,0,0
294,0,0
294,0,0
294,0,0
294,0,0
294,0,0
294,0,0
294,0,0
294,0,0
294,0,0
294,0,0
294,0,0
294,0,0
294,0,0
294,0,0
294,0,0
294,0,0
294,0,0
294,0,0
294,0,0
294,0,0
294,0,0
294,0,0
294,0,0
294,0,0
294,0,0
294,0,0
294,0,0
294,0,0
294,0,0
294,0,0
294,0,0
294,0,0
294,0,0
294,0,0
294,0,0
294,0,0
294,0,0
294,0,0
294,0,0
294,0,0
294,0,0
294,0,0
294,0,0
294,0,0
294,0,0
294,0,0
294,0,0
294,0,0
294,0,0
294,0,0
294,0,0
294,0,0
294,0,0
294,0,0
294,0,0
294,0,0
294,0,0
294,0,0
294,0,0
294,0,0
294,0,0
294,0,0
294,0,0
294,0,0
294,0,0
294,0,0
294,0,0
294,0,0
294,0,0
294,0,0
294,0,0
294,0,0
294,0,0
294,0,0
294,0,0
294,0,0
294,0,0
294,0,0
294,0,0
294,0,0
294,0,0
294,0,0
294,0,0
294,0,0
294,0,0
294,0,0
294,0,0
294,0,0
294,0,0
294,0,0
294,0,0
294,0,0
294,0,0
294,0,0
294,0,0
294,0,0
294,0,0
294,0,0
294,0,0
294,0,0
294,0,0
294,0,0
294,0,0
294,0,0
294,0,0
294,0,0
294,0,0
294,0,0
294,0,0
294,0,0
294,0,0
294,0,0
294,0,0
294,0,0
294,0,0
294,0,0
294,0,0
294,0,0
294,0,0
294,0,0
294,0,0
294,0,0
294,0,0
294,0,0
294,0,0
294,0,0
294,0,0
294,0,0
294,0,0
294,0,0
294,0,0
294,0,0
294,0,0
294,0,0
294,0,0
294,0,0
294,0,0
294,0,0
294,0,0
294,0,0
294,0,0
294,0,0
294,0,0
294,0,0
294,0,0
294,0,0
294,0,0
294,0,0
294,0,0
294,0,0
294,0,0
294,0,0
294,0,0
294,0,0
294,0,0
294,0,0
294,0,0
294,0,0
294,0,0
294,0,0
294,0,0
294,0,0
294,0,0
294,0,0
294,0,0
294,0,0
294,0,0
294,0,0
294,0,0
294,0,0
294,0,0
294,0,0
294,0,0
294,0,0
294,0,0
294,0,0
294,0,0
294,0,0
294,0,0
294,0,0
294,0,0
294,0,0
294,0,0
294,0,0
294,0,0
294,0,0
294,0,0
294,0,0
294,0,0
294,0,0
294,0,0
294,0,0
294,0,0
294,0,0
294,0,0
294,0,0
294,0,0
294,0,0
294,0,0
294,0,0
294,0,0
294,0,0
294,0,0
294,0,0
294,0,0
294,0,0
294,0,0
294,0,0
294,0,0
294,0,0
294,0,0
294,0,0
294,0,0
294,0,0
294,0,0
294,0,0
294,0,0
294,0,0
294,0,0
294,0,0
294,0,0
294,0,0
294,0,0
294,0,0
294,0,0
294,0,0
294,0,0
294,0,0
294,0,0
294,0,0
294,0,0
294,0,0
294,0,0
295,0,0
295,0,0
295,0,0
295,0,0
295,0,0
295,0,0
295,0,0
295,0,0
295,0,0
295,0,0
295,0,0
295,0,0
295,0,0
295,0,0
295,0,0
295,0,0
295,0,0
295,0,0
295,0,0
295,0,0
295,0,0
295,0,0
295,0,0
295,0,0
295,0,0
295,0,0
295,0,0
295,0,0
295,0,0
295,0,0
295,0,0
295,0,0
295,0,0
295,0,0
295,0,0
295,0,0
295,0,0
295,0,0
295,0,0
295,0,0
295,0,0
295,0,0
295,0,0
295,0,0
295,0,0
295,0,0
295,0,0
295,0,0
295,0,0
295,0,0
295,0,0
295,0,0
295,0,0
295,0,0
295,0,0
295,0,0
295,0,0
295,0,0
295,0,0
295,0,0
295,0,0
295,0,0
295,0,0
295,0,0
295,0,0
295,0,0
295,0,0
295,0,0
295,0,0
295,0,0
295,0,0
295,0,0
295,0,0
295,0,0
295,0,0
295,0,0
295,0,0
295,0,0
295,0,0
295,0,0
295,0,0
295,0,0
295,0,0
295,0,0
295,0,0
295,0,0
295,0,0
295,0,0
295,0,0
295,0,0
295,0,0
295,0,0
295,0,0
295,0,0
295,0,0
295,0,0
295,0,0
295,0,0
295,0,0
295,0,0
295,0,0
295,0,0
295,0,0
295,0,0
295,0,0
295,0,0
295,0,0
295,0,0
295,0,0
295,0,0
295,0,0
295,0,0
295,0,0
295,0,0
295,0,0
295,0,0
295,0,0
295,0,0
295,0,0
295,0,0
295,0,0
295,0,0
295,0,0
295,0,0
295,0,0
295,0,0
295,0,0
295,0,0
295,0,0
295,0,0
295,0,0
295,0,0
295,0,0
295,0,0
295,0,0
295,0,0
295,0,0
295,0,0
295,0,0
295,0,0
295,0,0
295,0,0
295,0,0
295,0,0
295,0,0
295,0,0
295,0,0
295,0,0
295,0,0
295,0,0
295,0,0
295,0,0
295,0,0
295,0,0
295,0,0
295,0,0
295,0,0
295,0,0
295,0,0
295,0,0
295,0,0
295,0,0
295,0,0
295,0,0
295,0,0
295,0,0
295,0,0
295,0,0
295,0,0
295,0,0
295,0,0
295,0,0
295,0,0
295,0,0
295,0,0
295,0,0
295,0,0
295,0,0
295,0,0
295,0,0
295,0,0
295,0,0
295,0,0
295,0,0
295,0,0
295,0,0
295,0,0
295,0,0
295,0,0
295,0,0
295,0,0
295,0,0
295,0,0
295,0,0
295,0,0
295,0,0
295,0,0
295,0,0
295,0,0
295,0,0
295,0,0
295,0,0
295,0,0
295,0,0
295,0,0
295,0,0
295,0,0
295,0,0
295,0,0
295,0,0
295,0,0
295,0,0
295,0,0
295,0,0
295,0,0
295,0,0
295,0,0
295,0,0
295,0,0
295,0,0
295,0,0
295,0,0
295,0,0
295,0,0
295,0,0
295,0,0
295,0,0
295,0,0
295,0,0
295,0,0
295,0,0
295,0,0
295,0,0
295,0,0
295,0,0
295,0,0
295,0,0
295,0,0
295,0,0
295,0,0
295,0,0
295,0,0
295,0,0
295,0,0
295,0,0
295,0,0
295,0,0
295,0,0
295,0,0
295,0,0
295,0,0
295,0,0
295,0,0
295,0,0
295,0,0
295,0,0
295,0,0
295,0,0
295,0,0
295,0,0
295,0,0
295,0,0
295,0,0
295,0,0
295,0,0
295,0,0
295,0,0
295,0,0
295,0,0
295,0,0
295,0,0
295,0,0
295,0,0
295,0,0
295,0,0
295,0,0
295,0,0
295,0,0
295,0,0
295,0,0
295,0,0
295,0,0
295,0,0
295,0,0
295,0,0
295,0,0
295,0,0
295,0,0
295,0,0
295,0,0
295,0,0
295,0,0
295,0,0
295,0,0
295,0,0
295,0,0
295,0,0
295,0,0
295,0,0
295,0,0
295,0,0
295,0,0
295,0,0
295,0,0
295,0,0
295,0,0
295,0,0
295,0,0
295,0,0
295,0,0
295,0,0
295,0,0
295,0,0
295,0,0
295,0,0
295,0,0
295,0,0
295,0,0
295,0,0
295,0,0
295,0,0
295,0,0
295,0,0
295,0,0
295,0,0
295,0,0
295,0,0
295,0,0
295,0,0
295,0,0
295,0,0
295,0,0
295,0,0
295,0,0
295,0,0
295,0,0
295,0,0
295,0,0
295,0,0
295,0,0
295,0,0
295,0,0
295,0,0
295,0,0
295,0,0
295,0,0
295,0,0
295,0,0
295,0,0
295,0,0
295,0,0
295,0,0
295,0,0
295,0,0
295,0,0
295,0,0
295,0,0
295,0,0
295,0,0
295,0,0
295,0,0
295,0,0
295,0,0
295,0,0
295,0,0
295,0,0
295,0,0
295,0,0
295,0,0
295,0,0
295,0,0
295,0,0
295,0,0
295,0,0
295,0,0
295,0,0
295,0,0
295,0,0
295,0,0
295,0,0
295,0,0
295,0,0
295,0,0
295,0,0
295,0,0
295,0,0
295,0,0
295,0,0
295,0,0
295,0,0
295,0,0
295,0,0
295,0,0
295,0,0
295,0,0
295,0,0
295,0,0
295,0,0
295,0,0
295,0,0
295,0,0
295,0,0
295,0,0
295,0,0
295,0,0
295,0,0
295,0,0
295,0,0
295,0,0
295,0,0
295,0,0
295,0,0
295,0,0
295,0,0
295,0,0
295,0,0
295,0,0
295,0,0
295,0,0
295,0,0
295,0,0
295,0,0
295,0,0
295,0,0
295,0,0
295,0,0
295,0,0
295,0,0
295,0,0
295,0,0
295,0,0
295,0,0
295,0,0
295,0,0
295,0,0
295,0,0
295,0,0
295,0,0
295,0,0
295,0,0
295,0,0
295,0,0
295,0,0
295,0,0
295,0,0
295,0,0
295,0,0
295,0,0
295,0,0
295,0,0
295,0,0
295,0,0
295,0,0
295,0,0
295,0,0
295,0,0
295,0,0
295,0,0
295,0,0
295,0,0
295,0,0
295,0,0
295,0,0
295,0,0
295,0,0
295,0,0
295,0,0
295,0,0
295,0,0
295,0,0
295,0,0
295,0,0
295,0,0
295,0,0
295,0,0
295,0,0
295,0,0
295,0,0
295,0,0
295,0,0
295,0,0
295,0,0
295,0,0
295,0,0
295,0,0
295,0,0
295,0,0
295,0,0
295,0,0
295,0,0
295,0,0
295,0,0
295,0,0
295,0,0
295,0,0
295,0,0
295,0,0
295,0,0
295,0,0
295,0,0
295,0,0
295,0,0
295,0,0
295,0,0
295,0,0
295,0,0
295,0,0
295,0,0
295,0,0
295,0,0
295,0,0
295,0,0
295,0,0
295,0,0
295,0,0
295,0,0
295,0,0
295,0,0
295,0,0
295,0,0
295,0,0
295,0,0
295,0,0
295,0,0
295,0,0
295,0,0
295,0,0
295,0,0
295,0,0
295,0,0
295,0,0
295,0,0
295,0,0
295,0,0
295,0,0
295,0,0
295,0,0
295,0,0
295,0,0
295,0,0
295,0,0
295,0,0
295,0,0
295,0,0
295,0,0
295,0,0
295,0,0
295,0,0
295,0,0
295,0,0
295,0,0
295,0,0
295,0,0
295,0,0
295,0,0
295,0,0
295,0,0
295,0,0
295,0,0
295,0,0
295,0,0
295,0,0
295,0,0
295,0,0
295,0,0
295,0,0
295,0,0
295,0,0
295,0,0
295,0,0
295,0,0
295,0,0
295,0,0
295,0,0
295,0,0
295,0,0
295,0,0
295,0,0
295,0,0
295,0,0
295,0,0
295,0,0
295,0,0
295,0,0
295,0,0
295,0,0
295,0,0
295,0,0
295,0,0
295,0,0
295,0,0
295,0,0
295,0,0
295,0,0
295,0,0
295,0,0
295,0,0
295,0,0
295,0,0
295,0,0
295,0,0
295,0,0
295,0,0
295,0,0
295,0,0
295,0,0
295,0,0
295,0,0
295,0,0
295,0,0
295,0,0
295,0,0
295,0,0
295,0,0
295,0,0
295,0,0
295,0,0
295,0,0
295,0,0
295,0,0
295,0,0
295,0,0
295,0,0
295,0,0
295,0,0
295,0,0
295,0,0
295,0,0
295,0,0
295,0,0
295,0,0
295,0,0
295,0,0
295,0,0
295,0,0
295,0,0
295,0,0
295,0,0
295,0,0
295,0,0
295,0,0
295,0,0
295,0,0
295,0,0
295,0,0
295,0,0
295,0,0
295,0,0
295,0,0
295,0,0
295,0,0
295,0,0
295,0,0
295,0,0
295,0,0
295,0,0
295,0,0
295,0,0
295,0,0
295,0,0
295,0,0
295,0,0
295,0,0
295,0,0
295,0,0
295,0,0
295,0,0
295,0,0
295,0,0
295,0,0
295,0,0
295,0,0
295,0,0
295,0,0
295,0,0
295,0,0
295,0,0
295,0,0
295,0,0
295,0,0
295,0,0
295,0,0
295,0,0
295,0,0
295,0,0
295,0,0
295,0,0
295,0,0
295,0,0
295,0,0
295,0,0
295,0,0
295,0,0
295,0,0
295,0,0
295,0,0
295,0,0
295,0,0
295,0,0
295,0,0
295,0,0
295,0,0
295,0,0
295,0,0
295,0,0
296,0,0
296,0,0
296,0,0
296,0,0
296,0,0
296,0,0
296,0,0
296,0,0
296,0,0
296,0,0
296,0,0
296,0,0
296,0,0
296,0,0
296,0,0
296,0,0
296,0,0
296,0,0
296,0,0
296,0,0
296,0,0
296,0,0
296,0,0
296,0,0
296,0,0
296,0,0
296,0,0
296,0,0
296,0,0
296,0,0
296,0,0
296,0,0
296,0,0
296,0,0
296,0,0
296,0,0
296,0,0
296,0,0
296,0,0
296,0,0
296,0,0
296,0,0
296,0,0
296,0,0
296,0,0
296,0,0
296,0,0
296,0,0
296,0,0
296,0,0
296,0,0
296,0,0
296,0,0
296,0,0
296,0,0
296,0,0
296,0,0
296,0,0
296,0,0
296,0,0
296,0,0
296,0,0
296,0,0
296,0,0
296,0,0
296,0,0
296,0,0
296,0,0
296,0,0
296,0,0
296,0,0
296,0,0
296,0,0
296,0,0
296,0,0
296,0,0
296,0,0
296,0,0
296,0,0
296,0,0
296,0,0
296,0,0
296,0,0
296,0,0
296,0,0
296,0,0
296,0,0
296,0,0
296,0,0
296,0,0
296,0,0
296,0,0
296,0,0
296,0,0
296,0,0
296,0,0
296,0,0
296,0,0
296,0,0
296,0,0
296,0,0
296,0,0
296,0,0
296,0,0
296,0,0
296,0,0
296,0,0
296,0,0
296,0,0
296,0,0
296,0,0
296,0,0
296,0,0
296,0,0
296,0,0
296,0,0
296,0,0
296,0,0
296,0,0
296,0,0
296,0,0
296,0,0
296,0,0
296,0,0
296,0,0
296,0,0
296,0,0
296,0,0
296,0,0
296,0,0
296,0,0
296,0,0
296,0,0
296,0,0
296,0,0
296,0,0
296,0,0
296,0,0
296,0,0
296,0,0
296,0,0
296,0,0
296,0,0
296,0,0
296,0,0
296,0,0
296,0,0
296,0,0
296,0,0
296,0,0
296,0,0
296,0,0
296,0,0
296,0,0
296,0,0
296,0,0
296,0,0
296,0,0
296,0,0
296,0,0
296,0,0
296,0,0
296,0,0
296,0,0
296,0,0
296,0,0
296,0,0
296,0,0
296,0,0
296,0,0
296,0,0
296,0,0
296,0,0
296,0,0
296,0,0
296,0,0
296,0,0
296,0,0
296,0,0
296,0,0
296,0,0
296,0,0
296,0,0
296,0,0
296,0,0
296,0,0
296,0,0
296,0,0
296,0,0
296,0,0
296,0,0
296,0,0
296,0,0
296,0,0
296,0,0
296,0,0
296,0,0
296,0,0
296,0,0
296,0,0
296,0,0
296,0,0
296,0,0
296,0,0
296,0,0
296,0,0
296,0,0
296,0,0
296,0,0
296,0,0
296,0,0
296,0,0
296,0,0
296,0,0
296,0,0
296,0,0
296,0,0
296,0,0
296,0,0
296,0,0
296,0,0
296,0,0
296,0,0
296,0,0
296,0,0
296,0,0
296,0,0
296,0,0
296,0,0
296,0,0
296,0,0
296,0,0
296,0,0
296,0,0
296,0,0
296,0,0
296,0,0
296,0,0
296,0,0
296,0,0
296,0,0
296,0,0
296,0,0
296,0,0
296,0,0
296,0,0
296,0,0
296,0,0
296,0,0
296,0,0
296,0,0
296,0,0
296,0,0
296,0,0
296,0,0
296,0,0
296,0,0
296,0,0
296,0,0
296,0,0
296,0,0
296,0,0
296,0,0
296,0,0
296,0,0
296,0,0
296,0,0
296,0,0
296,0,0
296,0,0
296,0,0
296,0,0
296,0,0
296,0,0
296,0,0
296,0,0
296,0,0
296,0,0
296,0,0
296,0,0
296,0,0
296,0,0
296,0,0
296,0,0
296,0,0
296,0,0
296,0,0
296,0,0
296,0,0
296,0,0
296,0,0
296,0,0
296,0,0
296,0,0
296,0,0
296,0,0
296,0,0
296,0,0
296,0,0
296,0,0
296,0,0
296,0,0
296,0,0
296,0,0
296,0,0
296,0,0
296,0,0
296,0,0
296,0,0
296,0,0
296,0,0
296,0,0
296,0,0
296,0,0
296,0,0
296,0,0
296,0,0
296,0,0
296,0,0
296,0,0
296,0,0
296,0,0
296,0,0
296,0,0
296,0,0
296,0,0
296,0,0
296,0,0
296,0,0
296,0,0
296,0,0
296,0,0
296,0,0
296,0,0
296,0,0
296,0,0
296,0,0
296,0,0
296,0,0
296,0,0
296,0,0
296,0,0
296,0,0
296,0,0
296,0,0
296,0,0
296,0,0
296,0,0
296,0,0
296,0,0
296,0,0
296,0,0
296,0,0
296,0,0
296,0,0
296,0,0
296,0,0
296,0,0
296,0,0
296,0,0
296,0,0
296,0,0
296,0,0
296,0,0
296,0,0
296,0,0
296,0,0
296,0,0
296,0,0
296,0,0
296,0,0
296,0,0
296,0,0
296,0,0
296,0,0
296,0,0
296,0,0
296,0,0
296,0,0
296,0,0
296,0,0
296,0,0
296,0,0
296,0,0
296,0,0
296,0,0
296,0,0
296,0,0
296,0,0
296,0,0
296,0,0
296,0,0
296,0,0
296,0,0
296,0,0
296,0,0
296,0,0
296,0,0
296,0,0
296,0,0
296,0,0
296,0,0
296,0,0
296,0,0
296,0,0
296,0,0
296,0,0
296,0,0
296,0,0
296,0,0
296,0,0
296,0,0
296,0,0
296,0,0
296,0,0
296,0,0
296,0,0
296,0,0
296,0,0
296,0,0
296,0,0
296,0,0
296,0,0
296,0,0
296,0,0
296,0,0
296,0,0
296,0,0
296,0,0
296,0,0
296,0,0
296,0,0
296,0,0
296,0,0
296,0,0
296,0,0
296,0,0
296,0,0
296,0,0
296,0,0
296,0,0
296,0,0
296,0,0
296,0,0
296,0,0
296,0,0
296,0,0
296,0,0
296,0,0
296,0,0
296,0,0
296,0,0
296,0,0
296,0,0
296,0,0
296,0,0
296,0,0
296,0,0
296,0,0
296,0,0
296,0,0
296,0,0
296,0,0
296,0,0
296,0,0
296,0,0
296,0,0
296,0,0
296,0,0
296,0,0
296,0,0
296,0,0
296,0,0
296,0,0
296,0,0
296,0,0
296,0,0
296,0,0
296,0,0
296,0,0
296,0,0
296,0,0
296,0,0
296,0,0
296,0,0
296,0,0
296,0,0
296,0,0
296,0,0
296,0,0
296,0,0
296,0,0
296,0,0
296,0,0
296,0,0
296,0,0
296,0,0
296,0,0
296,0,0
296,0,0
296,0,0
296,0,0
296,0,0
296,0,0
296,0,0
296,0,0
296,0,0
296,0,0
296,0,0
296,0,0
296,0,0
296,0,0
296,0,0
296,0,0
296,0,0
296,0,0
296,0,0
296,0,0
296,0,0
296,0,0
296,0,0
296,0,0
296,0,0
296,0,0
296,0,0
296,0,0
296,0,0
296,0,0
296,0,0
296,0,0
296,0,0
296,0,0
296,0,0
296,0,0
296,0,0
296,0,0
296,0,0
296,0,0
296,0,0
296,0,0
296,0,0
296,0,0
296,0,0
296,0,0
296,0,0
296,0,0
296,0,0
296,0,0
296,0,0
296,0,0
296,0,0
296,0,0
296,0,0
296,0,0
296,0,0
296,0,0
296,0,0
296,0,0
296,0,0
296,0,0
296,0,0
296,0,0
296,0,0
296,0,0
296,0,0
296,0,0
296,0,0
296,0,0
296,0,0
296,0,0
296,0,0
296,0,0
296,0,0
296,0,0
296,0,0
296,0,0
296,0,0
296,0,0
296,0,0
296,0,0
296,0,0
296,0,0
296,0,0
296,0,0
296,0,0
296,0,0
296,0,0
296,0,0
296,0,0
296,0,0
296,0,0
296,0,0
296,0,0
296,0,0
296,0,0
296,0,0
296,0,0
296,0,0
296,0,0
296,0,0
296,0,0
296,0,0
296,0,0
296,0,0
296,0,0
296,0,0
296,0,0
296,0,0
296,0,0
296,0,0
296,0,0
296,0,0
296,0,0
296,0,0
296,0,0
296,0,0
296,0,0
296,0,0
296,0,0
296,0,0
296,0,0
296,0,0
296,0,0
296,0,0
296,0,0
296,0,0
296,0,0
296,0,0
296,0,0
296,0,0
296,0,0
296,0,0
296,0,0
296,0,0
296,0,0
296,0,0
296,0,0
296,0,0
296,0,0
296,0,0
296,0,0
296,0,0
296,0,0
296,0,0
296,0,0
296,0,0
296,0,0
296,0,0
296,0,0
296,0,0
296,0,0
296,0,0
296,0,0
296,0,0
296,0,0
296,0,0
296,0,0
296,0,0
296,0,0
296,0,0
296,0,0
296,0,0
296,0,0
296,0,0
296,0,0
296,0,0
296,0,0
296,0,0
296,0,0
296,0,0
296,0,0
296,0,0
296,0,0
296,0,0
296,0,0
296,0,0
296,0,0
296,0,0
296,0,0
296,0,0
296,0,0
296,0,0
296,0,0
296,0,0
296,0,0
296,0,0
296,0,0
296,0,0
296,0,0
296,0,0
296,0,0
296,0,0
296,0,0
296,0,0
296,0,0
296,0,0
296,0,0
296,0,0
296,0,0
296,0,0
296,0,0
296,0,0
296,0,0
296,0,0
296,0,0
296,0,0
296,0,0
296,0,0
296,0,0
297,0,0
297,0,0
297,0,0
297,0,0
297,0,0
297,0,0
297,0,0
297,0,0
297,0,0
297,0,0
297,0,0
297,0,0
297,0,0
297,0,0
297,0,0
297,0,0
297,0,0
297,0,0
297,0,0
297,0,0
297,0,0
297,0,0
297,0,0
297,0,0
297,0,0
297,0,0
297,0,0
297,0,0
297,0,0
297,0,0
297,0,0
297,0,0
297,0,0
297,0,0
297,0,0
297,0,0
297,0,0
297,0,0
297,0,0
297,0,0
297,0,0
297,0,0
297,0,0
297,0,0
297,0,0
297,0,0
297,0,0
297,0,0
297,0,0
297,0,0
297,0,0
297,0,0
297,0,0
297,0,0
297,0,0
297,0,0
297,0,0
297,0,0
297,0,0
297,0,0
297,0,0
297,0,0
297,0,0
297,0,0
297,0,0
297,0,0
297,0,0
297,0,0
297,0,0
297,0,0
297,0,0
297,0,0
297,0,0
297,0,0
297,0,0
297,0,0
297,0,0
297,0,0
297,0,0
297,0,0
297,0,0
297,0,0
297,0,0
297,0,0
297,0,0
297,0,0
297,0,0
297,0,0
297,0,0
297,0,0
297,0,0
297,0,0
297,0,0
297,0,0
297,0,0
297,0,0
297,0,0
297,0,0
297,0,0
297,0,0
297,0,0
297,0,0
297,0,0
297,0,0
297,0,0
297,0,0
297,0,0
297,0,0
297,0,0
297,0,0
297,0,0
297,0,0
297,0,0
297,0,0
297,0,0
297,0,0
297,0,0
297,0,0
297,0,0
297,0,0
297,0,0
297,0,0
297,0,0
297,0,0
297,0,0
297,0,0
297,0,0
297,0,0
297,0,0
297,0,0
297,0,0
297,0,0
297,0,0
297,0,0
297,0,0
297,0,0
297,0,0
297,0,0
297,0,0
297,0,0
297,0,0
297,0,0
297,0,0
297,0,0
297,0,0
297,0,0
297,0,0
297,0,0
297,0,0
297,0,0
297,0,0
297,0,0
297,0,0
297,0,0
297,0,0
297,0,0
297,0,0
297,0,0
297,0,0
297,0,0
297,0,0
297,0,0
297,0,0
297,0,0
297,0,0
297,0,0
297,0,0
297,0,0
297,0,0
297,0,0
297,0,0
297,0,0
297,0,0
297,0,0
297,0,0
297,0,0
297,0,0
297,0,0
297,0,0
297,0,0
297,0,0
297,0,0
297,0,0
297,0,0
297,0,0
297,0,0
297,0,0
297,0,0
297,0,0
297,0,0
297,0,0
297,0,0
297,0,0
297,0,0
297,0,0
297,0,0
297,0,0
297,0,0
297,0,0
297,0,0
297,0,0
297,0,0
297,0,0
297,0,0
297,0,0
297,0,0
297,0,0
297,0,0
297,0,0
297,0,0
297,0,0
297,0,0
297,0,0
297,0,0
297,0,0
297,0,0
297,0,0
297,0,0
297,0,0
297,0,0
297,0,0
297,0,0
297,0,0
297,0,0
297,0,0
297,0,0
297,0,0
297,0,0
297,0,0
297,0,0
297,0,0
297,0,0
297,0,0
297,0,0
297,0,0
297,0,0
297,0,0
297,0,0
297,0,0
297,0,0
297,0,0
297,0,0
297,0,0
297,0,0
297,0,0
297,0,0
297,0,0
297,0,0
297,0,0
297,0,0
297,0,0
297,0,0
297,0,0
297,0,0
297,0,0
297,0,0
297,0,0
297,0,0
297,0,0
297,0,0
297,0,0
297,0,0
297,0,0
297,0,0
297,0,0
297,0,0
297,0,0
297,0,0
297,0,0
297,0,0
297,0,0
297,0,0
297,0,0
297,0,0
297,0,0
297,0,0
297,0,0
297,0,0
297,0,0
297,0,0
297,0,0
297,0,0
297,0,0
297,0,0
297,0,0
297,0,0
297,0,0
297,0,0
297,0,0
297,0,0
297,0,0
297,0,0
297,0,0
297,0,0
297,0,0
297,0,0
297,0,0
297,0,0
297,0,0
297,0,0
297,0,0
297,0,0
297,0,0
297,0,0
297,0,0
297,0,0
297,0,0
297,0,0
297,0,0
297,0,0
297,0,0
297,0,0
297,0,0
297,0,0
297,0,0
297,0,0
297,0,0
297,0,0
297,0,0
297,0,0
297,0,0
297,0,0
297,0,0
297,0,0
297,0,0
297,0,0
297,0,0
297,0,0
297,0,0
297,0,0
297,0,0
297,0,0
297,0,0
297,0,0
297,0,0
297,0,0
297,0,0
297,0,0
297,0,0
297,0,0
297,0,0
297,0,0
297,0,0
297,0,0
297,0,0
297,0,0
297,0,0
297,0,0
297,0,0
297,0,0
297,0,0
297,0,0
297,0,0
297,0,0
297,0,0
297,0,0
297,0,0
297,0,0
297,0,0
297,0,0
297,0,0
297,0,0
297,0,0
297,0,0
297,0,0
297,0,0
297,0,0
297,0,0
297,0,0
297,0,0
297,0,0
297,0,0
297,0,0
297,0,0
297,0,0
297,0,0
297,0,0
297,0,0
297,0,0
297,0,0
297,0,0
297,0,0
297,0,0
297,0,0
297,0,0
297,0,0
297,0,0
297,0,0
297,0,0
297,0,0
297,0,0
297,0,0
297,0,0
297,0,0
297,0,0
297,0,0
297,0,0
297,0,0
297,0,0
297,0,0
297,0,0
297,0,0
297,0,0
297,0,0
297,0,0
297,0,0
297,0,0
297,0,0
297,0,0
297,0,0
297,0,0
297,0,0
297,0,0
297,0,0
297,0,0
297,0,0
297,0,0
297,0,0
297,0,0
297,0,0
297,0,0
297,0,0
297,0,0
297,0,0
297,0,0
297,0,0
297,0,0
297,0,0
297,0,0
297,0,0
297,0,0
297,0,0
297,0,0
297,0,0
297,0,0
297,0,0
297,0,0
297,0,0
297,0,0
297,0,0
297,0,0
297,0,0
297,0,0
297,0,0
297,0,0
297,0,0
297,0,0
297,0,0
297,0,0
297,0,0
297,0,0
297,0,0
297,0,0
297,0,0
297,0,0
297,0,0
297,0,0
297,0,0
297,0,0
297,0,0
297,0,0
297,0,0
297,0,0
297,0,0
297,0,0
297,0,0
297,0,0
297,0,0
297,0,0
297,0,0
297,0,0
297,0,0
297,0,0
297,0,0
297,0,0
297,0,0
297,0,0
297,0,0
297,0,0
297,0,0
297,0,0
297,0,0
297,0,0
297,0,0
297,0,0
297,0,0
297,0,0
297,0,0
297,0,0
297,0,0
297,0,0
297,0,0
297,0,0
297,0,0
297,0,0
297,0,0
297,0,0
297,0,0
297,0,0
297,0,0
297,0,0
297,0,0
297,0,0
297,0,0
297,0,0
297,0,0
297,0,0
297,0,0
297,0,0
297,0,0
297,0,0
297,0,0
297,0,0
297,0,0
297,0,0
297,0,0
297,0,0
297,0,0
297,0,0
297,0,0
297,0,0
297,0,0
297,0,0
297,0,0
297,0,0
297,0,0
297,0,0
297,0,0
297,0,0
297,0,0
297,0,0
297,0,0
297,0,0
297,0,0
297,0,0
297,0,0
297,0,0
297,0,0
297,0,0
297,0,0
297,0,0
297,0,0
297,0,0
297,0,0
297,0,0
297,0,0
297,0,0
297,0,0
297,0,0
297,0,0
297,0,0
297,0,0
297,0,0
297,0,0
297,0,0
297,0,0
297,0,0
297,0,0
297,0,0
297,0,0
297,0,0
297,0,0
297,0,0
297,0,0
297,0,0
297,0,0
297,0,0
297,0,0
297,0,0
297,0,0
297,0,0
297,0,0
297,0,0
297,0,0
297,0,0
297,0,0
297,0,0
297,0,0
297,0,0
297,0,0
297,0,0
297,0,0
297,0,0
297,0,0
297,0,0
297,0,0
297,0,0
297,0,0
297,0,0
297,0,0
297,0,0
297,0,0
297,0,0
297,0,0
297,0,0
297,0,0
297,0,0
297,0,0
297,0,0
297,0,0
297,0,0
297,0,0
297,0,0
297,0,0
297,0,0
297,0,0
297,0,0
297,0,0
297,0,0
297,0,0
297,0,0
297,0,0
297,0,0
297,0,0
297,0,0
297,0,0
297,0,0
297,0,0
297,0,0
297,0,0
297,0,0
297,0,0
297,0,0
297,0,0
297,0,0
297,0,0
297,0,0
297,0,0
297,0,0
297,0,0
297,0,0
297,0,0
297,0,0
297,0,0
297,0,0
297,0,0
297,0,0
297,0,0
297,0,0
297,0,0
297,0,0
297,0,0
297,0,0
297,0,0
297,0,0
297,0,0
297,0,0
297,0,0
297,0,0
297,0,0
297,0,0
297,0,0
297,0,0
297,0,0
297,0,0
297,0,0
297,0,0
297,0,0
297,0,0
297,0,0
297,0,0
297,0,0
297,0,0
297,0,0
297,0,0
297,0,0
297,0,0
297,0,0
297,0,0
297,0,0
297,0,0
297,0,0
297,0,0
297,0,0
297,0,0
297,0,0
297,0,0
297,0,0
297,0,0
297,0,0
297,0,0
298,-700,-140
298,-700,-140
298,0,0
298,0,0
298,0,0
298,0,0
298,0,0
298,0,0
298,0,0
298,0,0
298,0,0
298,0,0
298,0,0
298,0,0
298,0,0
298,0,0
298,0,0
298,0,0
298,0,0
298,0,0
298,0,0
298,0,0
298,0,0
298,0,0
298,0,0
298,0,0
298,0,0
298,0,0
298,0,0
298,0,0
298,0,0
298,0,0
298,0,0
298,0,0
298,0,0
298,0,0
298,0,0
298,0,0
298,0,0
298,0,0
298,0,0
298,0,0
298,0,0
298,0,0
298,0,0
298,0,0
298,0,0
298,0,0
